customerID,Churn,customer.gender,account.Contract,account.PaymentMethod,account.Charges.Monthly
0002-ORFBO,No,Female,One year,Mailed check,65.6
0003-MKNFE,No,Male,Month-to-month,Mailed check,59.9
0004-TLHLJ,Yes,Male,Month-to-month,Electronic check,73.9
0011-IGKFF,Yes,Male,Month-to-month,Electronic check,98.0
0013-EXCHZ,Yes,Female,Month-to-month,Mailed check,83.9
0013-MHZWF,No,Female,Month-to-month,Credit card (automatic),69.4
0013-SMEOE,No,Female,Two year,Bank transfer (automatic),109.7
0014-BMAQU,No,Male,Two year,Credit card (automatic),84.65
0015-UOCOJ,No,Female,Month-to-month,Electronic check,48.2
0016-QLJIS,No,Female,Two year,Mailed check,90.45
0017-DINOC,No,Male,Two year,Credit card (automatic),45.2
0017-IUDMW,No,Female,Two year,Credit card (automatic),116.8
0018-NYROU,No,Female,Month-to-month,Electronic check,68.95
0019-EFAEP,No,Female,Two year,Bank transfer (automatic),101.3
0019-GFNTW,No,Female,Two year,Bank transfer (automatic),45.05
0020-INWCK,No,Female,Two year,Credit card (automatic),95.75
0020-JDNXP,No,Female,One year,Mailed check,61.25
0021-IKXGC,No,Female,Month-to-month,Electronic check,72.1
0022-TCJCI,Yes,Male,One year,Credit card (automatic),62.7
0023-HGHWL,Yes,Male,Month-to-month,Electronic check,25.1
0023-UYUPN,No,Female,One year,Electronic check,25.2
0023-XUOPT,Yes,Female,Month-to-month,Electronic check,94.1
0027-KWYKW,No,Female,Month-to-month,Electronic check,83.75
0030-FNXPP,No,Female,Month-to-month,Mailed check,19.85
0031-PVLZI,Yes,Female,Month-to-month,Mailed check,20.35
0032-PGELS,Yes,Female,Month-to-month,Bank transfer (automatic),30.5
0036-IHMOT,No,Female,One year,Bank transfer (automatic),103.7
0040-HALCW,No,Male,Two year,Credit card (automatic),20.4
0042-JVWOJ,No,Male,One year,Bank transfer (automatic),19.6
0042-RLHYP,No,Female,Two year,Bank transfer (automatic),19.7
0047-ZHDTW,,Female,Month-to-month,Bank transfer (automatic),79.0
0048-LUMLS,No,Male,One year,Credit card (automatic),91.2
0048-PIHNL,No,Female,One year,Bank transfer (automatic),20.45
0052-DCKON,No,Male,One year,Bank transfer (automatic),115.8
0052-YNYOT,No,Female,One year,Electronic check,20.55
0056-EPFBG,No,Male,Two year,Credit card (automatic),39.4
0057-QBUQH,No,Female,Two year,Electronic check,25.1
0058-EVZWM,No,Female,Month-to-month,Bank transfer (automatic),89.8
0060-FUALY,No,Female,Month-to-month,Electronic check,94.75
0064-SUDOG,No,Female,Two year,Bank transfer (automatic),20.3
0064-YIJGF,No,Male,Month-to-month,Bank transfer (automatic),75.75
0067-DKWBL,Yes,Male,Month-to-month,Electronic check,49.25
0068-FIGTF,No,Female,One year,Mailed check,78.2
0071-NDAFP,No,Male,Two year,Credit card (automatic),25.5
0074-HDKDG,No,Male,One year,Bank transfer (automatic),61.6
0076-LVEPS,No,Male,Month-to-month,Mailed check,45.0
0078-XZMHT,No,Male,Two year,Bank transfer (automatic),85.15
0080-EMYVY,No,Female,One year,Credit card (automatic),51.45
0080-OROZO,No,Female,One year,Electronic check,99.25
0082-LDZUE,No,Male,Month-to-month,Mailed check,44.3
0082-OQIQY,No,Male,Month-to-month,Electronic check,94.2
0083-PIVIK,No,Male,One year,Electronic check,81.25
0089-IIQKO,No,Female,Month-to-month,Credit card (automatic),99.95
0093-EXYQL,No,Female,Month-to-month,Electronic check,91.55
0093-XWZFY,Yes,Male,Month-to-month,Credit card (automatic),104.5
0094-OIFMO,Yes,Female,Month-to-month,Electronic check,95.0
0096-BXERS,No,Female,Month-to-month,Electronic check,50.35
0096-FCPUF,No,Male,Month-to-month,Mailed check,64.5
0098-BOWSO,No,Male,Month-to-month,Electronic check,19.4
0100-DUVFC,No,Male,One year,Electronic check,104.8
0103-CSITQ,No,Female,One year,Bank transfer (automatic),109.4
0104-PPXDV,No,Male,One year,Credit card (automatic),50.3
0106-GHRQR,No,Male,Month-to-month,Bank transfer (automatic),71.4
0106-UGRDO,No,Female,Two year,Electronic check,116.0
0107-WESLM,Yes,Male,Month-to-month,Electronic check,19.85
0107-YHINA,Yes,Male,Month-to-month,Electronic check,99.75
0111-KLBQG,No,Male,Month-to-month,Mailed check,93.95
0112-QAWRZ,No,Male,Month-to-month,Bank transfer (automatic),90.8
0112-QWPNC,Yes,Male,One year,Electronic check,84.35
0114-IGABW,No,Female,Two year,Bank transfer (automatic),58.25
0114-PEGZZ,No,Female,Month-to-month,Electronic check,107.55
0114-RSRRW,No,Female,Month-to-month,Bank transfer (automatic),19.95
0115-TFERT,Yes,Male,Month-to-month,Electronic check,111.2
0117-LFRMW,Yes,Male,Month-to-month,Bank transfer (automatic),40.2
0118-JPNOY,No,Female,Month-to-month,Credit card (automatic),85.8
0120-YZLQA,,Male,Two year,Credit card (automatic),19.9
0121-SNYRK,No,Male,One year,Mailed check,35.4
0122-OAHPZ,Yes,Female,Month-to-month,Electronic check,73.85
0123-CRBRT,No,Female,Two year,Mailed check,88.1
0125-LZQXK,Yes,Male,Month-to-month,Electronic check,101.35
0128-MKWSG,No,Female,Month-to-month,Mailed check,45.8
0129-KPTWJ,No,Male,Month-to-month,Electronic check,94.65
0129-QMPDR,No,Male,One year,Bank transfer (automatic),20.5
0130-SXOUN,No,Male,Month-to-month,Credit card (automatic),89.4
0133-BMFZO,Yes,Female,Month-to-month,Electronic check,86.25
0134-XWXCE,No,Female,One year,Bank transfer (automatic),74.85
0135-NMXAP,Yes,Female,Month-to-month,Bank transfer (automatic),89.75
0136-IFMYD,No,Male,Two year,Electronic check,109.95
0137-OCGAB,Yes,Female,Month-to-month,Mailed check,80.2
0137-UDEUO,Yes,Female,Month-to-month,Mailed check,19.85
0139-IVFJG,No,Female,Month-to-month,Electronic check,90.35
0141-YEAYS,No,Female,Month-to-month,Bank transfer (automatic),86.45
0142-GVYSN,No,Male,Month-to-month,Electronic check,20.3
0147-ESWWR,No,Female,Month-to-month,Electronic check,101.25
0148-DCDOS,Yes,Male,Month-to-month,Bank transfer (automatic),94.7
0151-ONTOV,Yes,Female,Month-to-month,Mailed check,70.9
0154-QYHJU,,Male,One year,Electronic check,58.75
0156-FVPTA,Yes,Male,Month-to-month,Electronic check,54.2
0162-RZGMZ,,Female,Month-to-month,Credit card (automatic),59.9
0164-APGRB,No,Female,Two year,Electronic check,114.9
0164-XAIRP,No,Female,Two year,Bank transfer (automatic),19.55
0168-XZKBB,No,Female,Month-to-month,Electronic check,86.85
0174-QRVVY,No,Male,Two year,Credit card (automatic),25.35
0177-PXBAT,No,Male,Month-to-month,Bank transfer (automatic),109.9
0178-CIIKR,No,Female,Month-to-month,Mailed check,19.95
0178-SZBHO,No,Male,Month-to-month,Electronic check,87.2
0181-RITDD,No,Male,Two year,Mailed check,108.15
0186-CAERR,No,Male,One year,Bank transfer (automatic),116.3
0187-QSXOE,No,Male,Month-to-month,Electronic check,89.0
0187-WZNAB,No,Female,Month-to-month,Mailed check,74.4
0188-GWFLE,No,Male,Month-to-month,Mailed check,20.05
0191-EQUUH,No,Female,Two year,Bank transfer (automatic),35.05
0191-ZHSKZ,No,Male,Month-to-month,Electronic check,74.75
0193-ESZXP,Yes,Female,One year,Credit card (automatic),105.5
0195-IESCP,Yes,Male,Month-to-month,Electronic check,85.25
0196-JTUQI,No,Female,Month-to-month,Credit card (automatic),75.2
0196-VULGZ,Yes,Female,Month-to-month,Electronic check,84.35
0197-PNKNK,No,Female,One year,Bank transfer (automatic),84.45
0201-MIBOL,No,Female,Two year,Bank transfer (automatic),102.4
0201-OAMXR,Yes,Female,One year,Credit card (automatic),115.55
0203-HHYIJ,Yes,Male,One year,Bank transfer (automatic),25.3
0206-OYVOC,No,Female,Two year,Mailed check,19.25
0206-TBWLC,No,Female,One year,Mailed check,114.65
0207-MDKNV,Yes,Female,Month-to-month,Electronic check,105.1
0208-BPQEJ,No,Female,Month-to-month,Bank transfer (automatic),19.4
0212-ISBBF,No,Female,Month-to-month,Electronic check,50.35
0214-JHPFW,No,Female,Two year,Bank transfer (automatic),57.8
0215-BQKGS,No,Male,Month-to-month,Credit card (automatic),84.3
0218-QNVAS,No,Male,One year,Bank transfer (automatic),100.55
0219-QAERP,No,Male,One year,Credit card (automatic),19.8
0219-YTZUE,Yes,Male,Month-to-month,Bank transfer (automatic),84.8
0220-EBGCE,Yes,Male,Month-to-month,Electronic check,85.85
0221-NAUXK,No,Male,One year,Bank transfer (automatic),19.95
0221-WMXNQ,No,Male,Month-to-month,Electronic check,75.35
0222-CNVPT,No,Male,Month-to-month,Credit card (automatic),48.8
0224-HJAPT,Yes,Male,Month-to-month,Electronic check,47.15
0224-NIJLP,No,Male,Two year,Mailed check,20.15
0224-RLWWD,No,Female,Month-to-month,Electronic check,44.3
0225-ZORZP,No,Male,Month-to-month,Electronic check,84.3
0228-MAUWC,No,Male,Month-to-month,Electronic check,59.55
0229-LFJAF,No,Male,Two year,Bank transfer (automatic),69.65
0230-UBYPQ,No,Male,One year,Bank transfer (automatic),36.1
0230-WEQUW,No,Male,Two year,Bank transfer (automatic),56.6
0231-LXVAP,Yes,Male,Month-to-month,Electronic check,75.9
0233-FTHAV,No,Female,One year,Bank transfer (automatic),79.2
0234-TEVTT,No,Female,One year,Credit card (automatic),45.0
0235-KGSLC,Yes,Female,Month-to-month,Credit card (automatic),85.55
0236-HFWSV,Yes,Male,Month-to-month,Electronic check,93.35
0237-YFUTL,No,Female,Month-to-month,Bank transfer (automatic),109.65
0238-WHBIQ,No,Male,Two year,Credit card (automatic),89.7
0239-OXEXL,No,Female,Month-to-month,Mailed check,84.25
0244-LGNFY,No,Female,Two year,Bank transfer (automatic),92.65
0247-SLUJI,No,Male,Month-to-month,Mailed check,19.7
0248-IPDFW,No,Female,Month-to-month,Electronic check,50.1
0248-PGHBZ,No,Female,Two year,Bank transfer (automatic),92.45
0253-ZTEOB,No,Female,Two year,Electronic check,79.65
0254-FNMCI,No,Female,Two year,Electronic check,109.9
0254-KCJGT,No,Male,One year,Credit card (automatic),81.4
0254-WWRKD,No,Female,One year,Credit card (automatic),50.55
0256-LTHVJ,Yes,Female,Month-to-month,Electronic check,81.05
0257-KXZGU,No,Female,Month-to-month,Bank transfer (automatic),62.45
0257-ZESQC,Yes,Female,Month-to-month,Bank transfer (automatic),75.2
0258-NOKBL,No,Male,Month-to-month,Electronic check,90.4
0259-GBZSH,Yes,Male,Month-to-month,Electronic check,85.65
0260-ZDLGK,Yes,Female,Month-to-month,Mailed check,72.9
0263-FJTQO,No,Male,Two year,Credit card (automatic),70.5
0264-CNITK,No,Female,Two year,Bank transfer (automatic),20.1
0265-EDXBD,Yes,Male,Month-to-month,Electronic check,74.9
0265-PSUAE,No,Female,Month-to-month,Bank transfer (automatic),100.7
0266-CLZKZ,No,Female,Two year,Bank transfer (automatic),105.65
0266-GMEAO,No,Male,Two year,Credit card (automatic),114.3
0268-QKIWO,Yes,Female,Month-to-month,Electronic check,19.75
0269-XFESX,No,Male,One year,Mailed check,24.35
0270-THENM,No,Male,Two year,Bank transfer (automatic),69.85
0274-JKUJR,No,Male,Month-to-month,Mailed check,58.85
0274-VVQOQ,,Male,One year,Bank transfer (automatic),103.15
0277-BKSQP,No,Male,Month-to-month,Electronic check,54.4
0277-ORXQS,No,Male,Two year,Bank transfer (automatic),50.55
0278-YXOOG,Yes,Male,Month-to-month,Mailed check,21.05
0280-XJGEX,Yes,Male,Month-to-month,Bank transfer (automatic),103.7
0281-CNTZX,No,Male,Two year,Bank transfer (automatic),19.95
0282-NVSJS,No,Female,Month-to-month,Mailed check,29.3
0285-INHLN,No,Male,Month-to-month,Credit card (automatic),54.75
0289-IVARM,No,Female,Month-to-month,Electronic check,60.55
0292-WEGCH,No,Female,Month-to-month,Electronic check,86.2
0295-PPHDO,Yes,Male,Month-to-month,Electronic check,95.45
0295-QVKPB,No,Male,Month-to-month,Credit card (automatic),63.95
0297-RBCSG,No,Male,One year,Bank transfer (automatic),65.35
0298-XACET,No,Male,Two year,Mailed check,50.2
0301-FIDRB,No,Female,Two year,Bank transfer (automatic),63.8
0301-KOBTQ,No,Male,Two year,Bank transfer (automatic),20.05
0302-JOIVN,Yes,Female,Month-to-month,Electronic check,101.15
0303-UNCIP,No,Male,One year,Mailed check,65.0
0303-WMMRN,No,Male,Month-to-month,Mailed check,19.25
0305-SQECB,No,Female,One year,Mailed check,36.05
0306-JAELE,Yes,Male,Month-to-month,Electronic check,96.1
0307-BCOPK,No,Female,One year,Mailed check,19.05
0308-GIQJT,No,Male,One year,Bank transfer (automatic),105.75
0308-IVGOK,No,Female,One year,Credit card (automatic),40.4
0310-MVLET,Yes,Female,Month-to-month,Electronic check,99.15
0310-SUCIN,No,Female,One year,Bank transfer (automatic),84.8
0310-VQXAM,No,Male,Month-to-month,Mailed check,19.85
0311-QYWSS,No,Female,Month-to-month,Electronic check,49.45
0311-UNPFF,Yes,Female,Month-to-month,Bank transfer (automatic),88.8
0314-TKOSI,No,Female,Month-to-month,Mailed check,55.15
0315-LVCRK,No,Male,Month-to-month,Electronic check,84.8
0318-QUUOB,Yes,Male,Month-to-month,Electronic check,80.55
0318-ZOPWS,No,Female,Two year,Bank transfer (automatic),20.15
0319-QZTCO,No,Female,Month-to-month,Credit card (automatic),58.7
0320-DWVTU,No,Female,Two year,Mailed check,99.5
0320-JDNQG,Yes,Male,Month-to-month,Electronic check,99.85
0322-CHQRU,Yes,Male,Month-to-month,Electronic check,45.35
0322-YINQP,Yes,Male,Month-to-month,Mailed check,48.55
0323-XWWTN,No,Male,Two year,Mailed check,26.4
0324-BRPCJ,Yes,Female,Month-to-month,Electronic check,100.2
0325-XBFAC,Yes,Male,Month-to-month,Electronic check,94.7
0326-VDYXE,No,Female,One year,Electronic check,97.65
0327-WFZSY,No,Male,One year,Electronic check,100.0
0328-GRPMV,Yes,Female,Month-to-month,Electronic check,70.1
0328-IBUPK,,Female,Two year,Bank transfer (automatic),34.2
0329-GTIAJ,Yes,Female,Month-to-month,Electronic check,97.9
0330-BGYZE,No,Male,One year,Bank transfer (automatic),102.5
0330-IVZHA,Yes,Female,Month-to-month,Electronic check,69.95
0334-GDDSO,Yes,Male,Month-to-month,Electronic check,81.35
0334-ZFJSR,No,Female,One year,Credit card (automatic),66.05
0336-KXKFK,No,Male,Two year,Credit card (automatic),61.2
0336-PIKEI,No,Male,Two year,Bank transfer (automatic),74.4
0337-CNPZE,Yes,Female,Month-to-month,Electronic check,106.3
0343-QLUZP,No,Male,Two year,Bank transfer (automatic),39.6
0345-HKJVM,Yes,Female,Month-to-month,Electronic check,89.3
0345-XMMUG,No,Female,Two year,Credit card (automatic),108.9
0347-UBKUZ,No,Female,Month-to-month,Mailed check,19.9
0348-SDKOL,Yes,Female,Month-to-month,Credit card (automatic),102.1
0354-VXMJC,No,Male,Two year,Credit card (automatic),19.6
0354-WYROK,Yes,Female,Month-to-month,Electronic check,98.9
0356-ERHVT,No,Male,Month-to-month,Bank transfer (automatic),45.9
0356-OBMAC,No,Female,Two year,Bank transfer (automatic),99.9
0357-NVCRI,No,Female,Month-to-month,Credit card (automatic),20.05
0361-HJRDX,No,Female,Two year,Credit card (automatic),64.35
0362-RAOQO,No,Female,Two year,Credit card (automatic),19.65
0362-ZBZWJ,Yes,Male,Month-to-month,Electronic check,84.9
0363-QJVFX,Yes,Male,Month-to-month,Credit card (automatic),108.15
0363-SVHYR,No,Male,Two year,Bank transfer (automatic),86.85
0365-BZUWY,No,Male,Month-to-month,Electronic check,102.55
0365-GXEZS,No,Male,Month-to-month,Electronic check,78.2
0365-TRTPY,No,Female,Month-to-month,Bank transfer (automatic),91.2
0366-NQSHS,No,Male,Month-to-month,Mailed check,19.35
0369-ZGOVK,No,Female,One year,Bank transfer (automatic),70.4
0373-AIVNJ,No,Male,One year,Mailed check,39.55
0374-AACSZ,No,Female,Month-to-month,Electronic check,50.15
0374-FIUCA,No,Male,Two year,Credit card (automatic),20.4
0374-IOEGQ,No,Female,Month-to-month,Electronic check,44.6
0375-HVGXO,Yes,Female,Month-to-month,Electronic check,34.7
0376-OIWME,No,Male,Month-to-month,Electronic check,93.6
0376-YMCJC,Yes,Male,Month-to-month,Electronic check,90.6
0377-JBKKT,No,Male,Month-to-month,Mailed check,57.95
0378-CJKPV,No,Female,Two year,Credit card (automatic),112.1
0378-NHQXU,Yes,Female,Month-to-month,Electronic check,88.25
0378-TOVMS,Yes,Female,Month-to-month,Electronic check,85.8
0378-XSZPU,Yes,Male,One year,Credit card (automatic),60.3
0379-DJQHR,No,Male,Two year,Credit card (automatic),81.35
0380-NEAVX,No,Male,One year,Electronic check,99.85
0380-ZCSBI,No,Male,Month-to-month,Credit card (automatic),20.0
0383-CLDDA,No,Female,Two year,Credit card (automatic),85.35
0384-LPITE,No,Male,One year,Credit card (automatic),62.05
0384-RVBPI,No,Male,Month-to-month,Credit card (automatic),64.4
0386-CWRGM,No,Female,Two year,Mailed check,19.4
0388-EOPEX,Yes,Female,Month-to-month,Electronic check,74.4
0390-DCFDQ,Yes,Female,Month-to-month,Mailed check,70.45
0392-BZIUW,No,Female,Two year,Credit card (automatic),105.0
0394-YONDK,No,Male,Two year,Credit card (automatic),25.15
0396-HUJBP,No,Female,Month-to-month,Mailed check,19.3
0396-UKGAI,No,Male,Month-to-month,Bank transfer (automatic),55.3
0396-YCHWO,No,Male,Month-to-month,Electronic check,95.4
0397-GZBBC,Yes,Male,Month-to-month,Bank transfer (automatic),93.85
0397-ZXWQF,No,Male,Two year,Bank transfer (automatic),20.5
0401-WDBXM,No,Male,Two year,Bank transfer (automatic),105.55
0402-CQAJN,Yes,Female,Month-to-month,Bank transfer (automatic),101.9
0402-OAMEN,No,Female,Two year,Bank transfer (automatic),24.45
0404-AHASP,No,Male,Two year,Credit card (automatic),19.7
0404-SWRVG,Yes,Male,Month-to-month,Electronic check,74.4
0406-BPDVR,Yes,Female,One year,Credit card (automatic),101.5
0407-BDJKB,Yes,Male,Month-to-month,Electronic check,95.75
0409-WTMPL,No,Female,One year,Credit card (automatic),110.65
0410-IPFTY,No,Female,Month-to-month,Bank transfer (automatic),83.85
0411-EZJZE,No,Female,Month-to-month,Electronic check,60.25
0412-UCCNP,No,Male,Two year,Electronic check,59.2
0415-MOSGF,Yes,Female,Month-to-month,Mailed check,44.4
0419-YAAPX,No,Male,Month-to-month,Credit card (automatic),85.3
0420-BWTPW,Yes,Male,Month-to-month,Mailed check,25.5
0420-HLGXF,No,Female,Month-to-month,Electronic check,99.75
0420-TXVSG,No,Male,Two year,Credit card (automatic),66.1
0422-OHQHQ,No,Female,One year,Mailed check,20.55
0422-UXFAP,No,Female,One year,Electronic check,98.85
0423-UDIJQ,No,Male,Month-to-month,Mailed check,49.2
0426-TIRNE,Yes,Female,Month-to-month,Mailed check,20.9
0428-AXXLJ,No,Male,One year,Bank transfer (automatic),19.5
0428-IKYCP,No,Male,Month-to-month,Bank transfer (automatic),87.0
0430-IHCDJ,No,Male,Month-to-month,Electronic check,49.0
0431-APWVY,Yes,Female,One year,Bank transfer (automatic),90.1
0432-CAJZV,No,Male,Month-to-month,Mailed check,90.7
0434-CSFON,No,Female,Month-to-month,Electronic check,100.5
0436-TWFFZ,No,Female,Two year,Mailed check,85.25
0439-IFYUN,No,Female,Month-to-month,Electronic check,74.7
0440-EKDCF,No,Male,Two year,Credit card (automatic),60.15
0440-MOGPM,No,Female,One year,Electronic check,80.55
0440-QEXBZ,No,Female,Month-to-month,Mailed check,50.15
0440-UEDAI,No,Female,One year,Credit card (automatic),94.45
0442-TDYUO,No,Male,Two year,Mailed check,20.05
0442-ZXKVS,No,Female,One year,Bank transfer (automatic),115.6
0447-BEMNG,Yes,Female,Month-to-month,Bank transfer (automatic),45.3
0447-RXSGD,No,Male,Month-to-month,Bank transfer (automatic),99.65
0448-YZNZE,,Male,Month-to-month,Electronic check,95.55
0454-OKRCT,No,Male,Two year,Bank transfer (automatic),80.6
0455-ENTCR,No,Male,Two year,Electronic check,85.25
0455-XFASS,No,Female,Month-to-month,Electronic check,69.55
0458-HEUZG,No,Female,Two year,Mailed check,35.4
0459-SPZHJ,No,Male,Two year,Credit card (automatic),83.5
0461-CVKMU,Yes,Female,Month-to-month,Electronic check,83.8
0463-TXOAK,No,Male,Two year,Credit card (automatic),25.6
0463-WZZKO,No,Male,Month-to-month,Credit card (automatic),20.75
0463-ZSDNT,No,Male,Month-to-month,Bank transfer (automatic),56.75
0464-WJTKO,No,Female,Two year,Bank transfer (automatic),20.1
0468-YRPXN,No,Male,Month-to-month,Credit card (automatic),98.8
0471-ARVMX,No,Female,One year,Electronic check,104.85
0471-LVHGK,Yes,Male,One year,Electronic check,73.0
0475-RIJEP,Yes,Male,Month-to-month,Electronic check,77.85
0479-HMSWA,No,Female,Two year,Electronic check,105.45
0480-BIXDE,No,Female,Month-to-month,Electronic check,96.8
0480-KYJVA,No,Female,Two year,Credit card (automatic),24.25
0481-SUMCB,No,Female,One year,Bank transfer (automatic),102.15
0484-FFVBJ,No,Male,One year,Bank transfer (automatic),64.85
0484-JPBRU,No,Male,Month-to-month,Bank transfer (automatic),25.25
0485-ZBSLN,No,Male,Two year,Credit card (automatic),24.75
0486-HECZI,Yes,Male,Month-to-month,Electronic check,96.75
0486-LGCCH,No,Male,Two year,Mailed check,19.65
0487-CRLZF,No,Female,Two year,Bank transfer (automatic),74.45
0487-RPVUM,No,Male,Month-to-month,Bank transfer (automatic),99.4
0487-VVUVK,No,Male,Month-to-month,Mailed check,19.15
0488-GSLFR,Yes,Female,Month-to-month,Electronic check,69.5
0489-WMEMG,No,Female,One year,Electronic check,49.45
0491-KAPQG,No,Male,Month-to-month,Electronic check,73.7
0495-RVCBF,Yes,Female,Month-to-month,Electronic check,79.7
0495-ZBNGW,Yes,Male,Month-to-month,Bank transfer (automatic),79.9
0496-AHOOK,No,Male,One year,Bank transfer (automatic),74.4
0504-HHAPI,Yes,Female,Month-to-month,Credit card (automatic),88.3
0505-SPOOW,No,Female,Two year,Bank transfer (automatic),19.8
0506-LVNGN,Yes,Female,Month-to-month,Credit card (automatic),75.55
0506-YLVKJ,No,Male,Two year,Mailed check,20.2
0508-OOLTO,No,Female,Month-to-month,Electronic check,71.65
0508-SQWPL,No,Female,Two year,Bank transfer (automatic),20.1
0510-EXSMQ,,Female,Month-to-month,Electronic check,69.05
0511-JTEOY,Yes,Female,Month-to-month,Mailed check,71.1
0512-FLFDW,No,Female,One year,Credit card (automatic),100.5
0513-RBGPE,No,Male,Two year,Credit card (automatic),62.8
0515-YPMCW,Yes,Male,Month-to-month,Mailed check,70.45
0516-OOHAR,No,Male,One year,Bank transfer (automatic),100.35
0516-QREYC,No,Female,Month-to-month,Mailed check,20.3
0516-UXRMT,No,Female,One year,Electronic check,92.05
0516-VRYBW,Yes,Female,One year,Bank transfer (automatic),20.15
0516-WJVXC,Yes,Female,Month-to-month,Electronic check,54.2
0519-DRGTI,No,Female,Month-to-month,Mailed check,20.35
0519-XUZJU,Yes,Female,Month-to-month,Mailed check,70.75
0520-FDVVT,Yes,Male,One year,Bank transfer (automatic),102.35
0523-VNGTF,No,Female,Month-to-month,Electronic check,50.5
0524-IAVZO,Yes,Female,Month-to-month,Electronic check,85.0
0526-SXDJP,No,Male,Two year,Bank transfer (automatic),42.1
0529-ONKER,Yes,Male,Month-to-month,Electronic check,75.65
0530-HBKHZ,,Female,Month-to-month,Electronic check,24.8
0530-IJVDB,No,Male,Two year,Electronic check,114.6
0531-XBKMM,No,Male,Two year,Bank transfer (automatic),65.7
0531-ZZJWQ,No,Male,Month-to-month,Electronic check,74.0
0533-BNWKF,Yes,Female,Month-to-month,Electronic check,85.45
0533-UCAAU,No,Male,One year,Credit card (automatic),71.1
0534-JRNIG,,Female,Month-to-month,Bank transfer (automatic),93.55
0536-ACXIP,No,Female,Two year,Electronic check,109.55
0536-BGFMZ,No,Female,Month-to-month,Mailed check,20.5
0536-ESJEP,No,Male,Two year,Bank transfer (automatic),74.55
0537-QYZZN,No,Male,Month-to-month,Electronic check,79.85
0541-FITGH,No,Female,Month-to-month,Mailed check,62.15
0542-YUDZL,,Female,Month-to-month,Mailed check,25.55
0547-HURJB,No,Male,Month-to-month,Credit card (automatic),21.05
0548-BCTNE,,Male,One year,Credit card (automatic),106.1
0549-CYCQN,No,Male,One year,Bank transfer (automatic),79.6
0550-DCXLH,No,Male,Month-to-month,Mailed check,73.35
0556-FJEGU,No,Male,Two year,Bank transfer (automatic),70.1
0557-ASKVU,No,Female,One year,Credit card (automatic),54.4
0559-CKHUS,No,Female,Two year,Mailed check,19.55
0562-FGDCR,No,Female,Two year,Mailed check,74.55
0562-HKHML,No,Male,Two year,Credit card (automatic),23.9
0562-KBDVM,No,Female,Two year,Bank transfer (automatic),44.6
0564-JJHGS,Yes,Male,Month-to-month,Electronic check,95.5
0564-MUUQK,No,Female,Month-to-month,Bank transfer (automatic),95.5
0565-IYCGT,Yes,Male,One year,Credit card (automatic),78.6
0565-JUPYD,No,Male,One year,Credit card (automatic),104.5
0567-DLARH,,Female,Month-to-month,Credit card (automatic),51.2
0567-GGCAC,No,Female,Month-to-month,Electronic check,61.4
0567-XRHCU,No,Female,Two year,Credit card (automatic),43.95
0568-ONFPC,Yes,Male,Month-to-month,Bank transfer (automatic),25.9
0570-BFQHT,No,Female,Month-to-month,Electronic check,80.55
0572-ZJKLT,No,Female,Two year,Mailed check,99.65
0575-CUQOV,No,Male,One year,Electronic check,97.95
0576-WNXXC,Yes,Male,Month-to-month,Electronic check,95.55
0577-WHMEV,No,Female,Month-to-month,Electronic check,90.7
0578-SKVMF,Yes,Female,Month-to-month,Electronic check,83.3
0580-PIQHM,No,Female,One year,Bank transfer (automatic),101.6
0581-BXBUB,No,Female,Month-to-month,Electronic check,72.75
0581-MDMPW,No,Female,Month-to-month,Credit card (automatic),88.95
0582-AVCLN,No,Female,Two year,Mailed check,20.3
0584-BJQGZ,No,Female,Month-to-month,Bank transfer (automatic),78.35
0585-EGDDA,No,Male,Month-to-month,Electronic check,80.0
0587-DMGBH,Yes,Female,Month-to-month,Electronic check,49.85
0594-UFTUL,No,Male,Month-to-month,Mailed check,19.85
0595-ITUDF,No,Male,Month-to-month,Electronic check,91.8
0596-BQCEQ,Yes,Female,Month-to-month,Electronic check,100.15
0599-XNYDO,No,Female,Month-to-month,Bank transfer (automatic),69.8
0601-WZHJF,Yes,Male,Month-to-month,Electronic check,46.35
0602-DDUML,No,Female,Two year,Mailed check,69.75
0603-OLQDC,No,Male,Month-to-month,Mailed check,69.85
0603-TPMIB,No,Female,Two year,Mailed check,25.45
0604-THJFP,No,Female,Two year,Credit card (automatic),75.95
0607-DAAHE,Yes,Male,Two year,Bank transfer (automatic),19.75
0607-MVMGC,No,Male,One year,Credit card (automatic),78.75
0608-JDVEC,No,Male,Two year,Electronic check,19.8
0611-DFXKO,Yes,Male,Month-to-month,Mailed check,89.0
0612-RTZZA,Yes,Female,Month-to-month,Electronic check,25.25
0613-WUXUM,No,Female,Two year,Mailed check,19.2
0616-ATFGB,Yes,Male,Month-to-month,Electronic check,25.05
0617-AQNWT,Yes,Female,Two year,Electronic check,47.85
0617-FHSGK,Yes,Male,Month-to-month,Credit card (automatic),75.2
0618-XWMSS,Yes,Male,Month-to-month,Bank transfer (automatic),74.9
0619-OLYUR,No,Male,Two year,Credit card (automatic),111.9
0620-DLSLK,No,Female,Month-to-month,Mailed check,81.9
0620-XEFWH,No,Male,Month-to-month,Mailed check,18.85
0621-CXBKL,No,Female,Two year,Mailed check,18.7
0621-HJWXJ,No,Female,Month-to-month,Bank transfer (automatic),81.55
0621-JFHOL,No,Female,Two year,Mailed check,29.6
0621-TSSMU,No,Male,One year,Credit card (automatic),19.95
0621-TWIEM,Yes,Male,Month-to-month,Electronic check,45.55
0622-OCUQY,,Male,Two year,Mailed check,20.05
0623-EJQEG,No,Male,One year,Electronic check,93.55
0623-GDISB,No,Female,Month-to-month,Bank transfer (automatic),48.45
0623-IIHUG,Yes,Female,Month-to-month,Electronic check,41.9
0625-AFOHS,No,Female,Two year,Mailed check,20.2
0626-QXNGV,No,Female,Two year,Credit card (automatic),24.15
0628-CNQRM,Yes,Male,One year,Bank transfer (automatic),67.5
0634-SZPQA,Yes,Female,Month-to-month,Bank transfer (automatic),90.05
0635-WKOLD,No,Male,One year,Credit card (automatic),70.75
0637-KVDLV,Yes,Male,Month-to-month,Electronic check,76.5
0637-UBJRP,Yes,Male,Month-to-month,Electronic check,84.05
0637-YLETY,Yes,Female,Month-to-month,Credit card (automatic),95.6
0639-QDHAY,,Female,Month-to-month,Electronic check,89.05
0639-TSIQW,Yes,Female,Month-to-month,Credit card (automatic),102.95
0640-YJTPY,No,Male,Two year,Bank transfer (automatic),21.0
0641-EVBOJ,No,Male,Month-to-month,Mailed check,82.3
0643-OKLRP,Yes,Female,Month-to-month,Electronic check,80.35
0644-OQMDK,No,Male,Month-to-month,Electronic check,70.65
0650-BWOZN,No,Female,Month-to-month,Electronic check,73.55
0654-HMSHN,Yes,Male,Month-to-month,Electronic check,104.4
0654-PQKDW,No,Female,One year,Bank transfer (automatic),70.75
0655-RBDUG,Yes,Male,Month-to-month,Bank transfer (automatic),98.05
0655-YDGFJ,No,Male,Month-to-month,Bank transfer (automatic),48.95
0657-DOGUM,No,Female,One year,Bank transfer (automatic),60.6
0661-KBKPA,No,Male,One year,Mailed check,78.75
0661-KQHNK,No,Female,One year,Credit card (automatic),19.0
0661-WCQNQ,No,Male,One year,Credit card (automatic),56.25
0661-XEYAN,Yes,Female,Month-to-month,Mailed check,25.8
0665-XHDJU,No,Male,Two year,Electronic check,99.4
0666-UXTJO,No,Male,Month-to-month,Credit card (automatic),85.2
0667-NSRGI,No,Female,One year,Mailed check,69.55
0668-OGMHD,No,Female,Month-to-month,Electronic check,28.5
0670-ANMUU,No,Male,One year,Credit card (automatic),97.65
0670-KDOMA,No,Female,Month-to-month,Mailed check,20.25
0673-IGUQO,No,Male,Month-to-month,Mailed check,20.45
0674-DGMAQ,No,Male,Month-to-month,Electronic check,93.5
0674-EYYZV,No,Female,Month-to-month,Electronic check,54.65
0674-GCDXG,No,Male,Two year,Bank transfer (automatic),71.9
0675-NCDYU,No,Female,Two year,Credit card (automatic),116.4
0678-RLHVP,No,Female,Two year,Electronic check,105.55
0679-IDSTG,Yes,Female,Month-to-month,Electronic check,69.25
0679-TDGAK,No,Male,One year,Electronic check,75.5
0680-DFNNY,Yes,Male,Month-to-month,Electronic check,101.1
0682-USIXD,No,Female,Month-to-month,Electronic check,86.05
0684-AOSIH,Yes,Male,Month-to-month,Electronic check,95.0
0685-MLYYM,Yes,Female,Month-to-month,Electronic check,70.75
0687-ZVTHB,Yes,Male,One year,Credit card (automatic),72.45
0689-DSXGL,No,Female,Month-to-month,Bank transfer (automatic),85.8
0689-NKYLF,Yes,Male,Month-to-month,Electronic check,83.2
0690-SRQID,No,Male,Month-to-month,Mailed check,19.65
0691-IFBQW,Yes,Female,One year,Electronic check,110.0
0691-JVSYA,Yes,Female,One year,Bank transfer (automatic),94.85
0691-NIKRI,No,Female,One year,Credit card (automatic),105.95
0696-UKTOX,No,Male,Month-to-month,Electronic check,54.15
0697-ZMSWS,Yes,Male,Month-to-month,Electronic check,85.65
0699-NDKJM,No,Female,Month-to-month,Bank transfer (automatic),58.75
0699-XSLUE,,Male,One year,Electronic check,85.45
0701-RFGFI,No,Female,Month-to-month,Bank transfer (automatic),95.4
0701-TJSEF,No,Male,Month-to-month,Bank transfer (automatic),68.25
0702-PGIBZ,Yes,Male,Month-to-month,Electronic check,101.7
0704-VCUMB,No,Female,Two year,Credit card (automatic),20.25
0707-HOVVN,No,Female,Two year,Bank transfer (automatic),75.5
0708-LGSMF,No,Male,Month-to-month,Electronic check,65.85
0708-SJDIS,No,Female,Month-to-month,Mailed check,65.0
0709-TVGUR,Yes,Female,Month-to-month,Electronic check,74.55
0716-BQNDX,No,Male,Two year,Electronic check,93.75
0719-SYFRB,Yes,Female,Month-to-month,Mailed check,61.65
0722-SVSFK,No,Female,Month-to-month,Electronic check,100.4
0722-TROQR,Yes,Female,Month-to-month,Electronic check,74.9
0723-DRCLG,Yes,Female,Month-to-month,Electronic check,74.45
0723-FDLAY,No,Male,One year,Bank transfer (automatic),85.25
0723-VSOBE,No,Female,One year,Electronic check,34.2
0725-CXOTM,No,Female,One year,Credit card (automatic),89.65
0727-BMPLR,Yes,Female,One year,Electronic check,100.0
0727-BNRLG,No,Male,Two year,Credit card (automatic),97.65
0727-IWKVK,Yes,Male,Month-to-month,Electronic check,79.9
0730-BGQGF,No,Male,Two year,Credit card (automatic),90.3
0730-KOAVE,No,Male,Month-to-month,Credit card (automatic),94.3
0731-EBJQB,No,Female,One year,Electronic check,20.4
0732-OCQOC,No,Female,Two year,Bank transfer (automatic),25.05
0733-VUNUW,Yes,Male,Month-to-month,Bank transfer (automatic),55.65
0734-OXWBT,No,Male,Month-to-month,Mailed check,70.7
0739-UUAJR,No,Female,Two year,Credit card (automatic),53.8
0742-LAFQK,No,Male,Two year,Electronic check,99.15
0742-MOABM,Yes,Male,Month-to-month,Mailed check,50.05
0742-NXBGR,Yes,Female,Month-to-month,Electronic check,82.3
0743-HNPFG,No,Female,One year,Credit card (automatic),69.75
0743-HRVFF,No,Female,One year,Electronic check,56.15
0744-BIKKF,No,Male,Two year,Bank transfer (automatic),86.65
0744-GKNGE,No,Female,Month-to-month,Bank transfer (automatic),86.8
0746-JTRFU,Yes,Male,Month-to-month,Electronic check,25.05
0748-RDGGM,Yes,Male,One year,Bank transfer (automatic),109.5
0749-IRGQE,No,Female,Month-to-month,Electronic check,45.3
0750-EBAIU,No,Male,One year,Electronic check,91.25
0750-EKNGL,No,Male,Month-to-month,Mailed check,20.75
0754-EEBDC,No,Male,Two year,Mailed check,19.9
0754-UKWQP,Yes,Male,Month-to-month,Electronic check,95.85
0756-MPZRL,No,Male,One year,Credit card (automatic),33.7
0757-WCUUZ,No,Male,Two year,Credit card (automatic),63.35
0761-AETCS,Yes,Female,Month-to-month,Electronic check,19.3
0769-MURVM,No,Female,Two year,Bank transfer (automatic),65.7
0769-WXZYU,,Male,Two year,Bank transfer (automatic),26.1
0771-CHWSK,No,Male,Two year,Credit card (automatic),74.6
0771-WLCLA,No,Female,Month-to-month,Electronic check,112.95
0772-GYEQQ,Yes,Male,Month-to-month,Mailed check,88.35
0774-IFUVM,No,Male,Month-to-month,Bank transfer (automatic),65.15
0774-RMNUW,No,Female,Two year,Bank transfer (automatic),59.7
0778-NELLA,Yes,Male,Month-to-month,Credit card (automatic),34.7
0780-XNZFN,No,Male,Two year,Bank transfer (automatic),20.65
0781-LKXBR,Yes,Male,Month-to-month,Electronic check,100.5
0784-GTUUK,No,Male,One year,Credit card (automatic),23.75
0784-ZQJZX,No,Male,Two year,Credit card (automatic),19.9
0786-IVLAW,No,Female,One year,Bank transfer (automatic),108.1
0786-VSSUD,Yes,Male,Month-to-month,Mailed check,39.0
0787-LHDYT,No,Male,Month-to-month,Credit card (automatic),20.6
0788-DXBFY,No,Male,One year,Electronic check,19.55
0793-TWELN,No,Female,Month-to-month,Electronic check,80.15
0794-YVSGE,No,Male,Two year,Bank transfer (automatic),20.3
0795-GMVQO,No,Male,One year,Credit card (automatic),109.9
0795-LAFGP,No,Male,Two year,Electronic check,90.4
0795-XCCTE,No,Male,Two year,Bank transfer (automatic),25.4
0799-DDIHE,No,Female,Month-to-month,Electronic check,46.3
0804-XBFBV,No,Female,Month-to-month,Electronic check,25.2
0804-YGEQV,No,Female,One year,Bank transfer (automatic),24.45
0807-ZABDG,Yes,Female,Month-to-month,Mailed check,55.1
0810-BDHAW,No,Female,One year,Electronic check,78.4
0810-DHDBD,No,Female,One year,Credit card (automatic),74.0
0811-GSDTP,No,Female,Month-to-month,Electronic check,30.15
0812-WUPTB,Yes,Male,Month-to-month,Mailed check,70.85
0813-TAXXS,No,Male,Two year,Bank transfer (automatic),77.8
0815-MFZGM,No,Female,Two year,Credit card (automatic),99.0
0816-TSPHQ,No,Male,Month-to-month,Mailed check,20.75
0817-HSUSE,No,Male,Month-to-month,Electronic check,75.5
0818-OCPZO,Yes,Male,Month-to-month,Electronic check,81.45
0820-FNRNX,No,Male,Month-to-month,Mailed check,66.7
0822-GAVAP,Yes,Female,Month-to-month,Electronic check,34.7
0822-QGCXA,No,Female,Month-to-month,Electronic check,83.85
0823-HSCDJ,Yes,Male,Month-to-month,Electronic check,49.15
0824-VWDPO,No,Female,One year,Bank transfer (automatic),96.75
0825-CPPQH,No,Female,Two year,Credit card (automatic),19.1
0827-ITJPH,No,Male,Two year,Credit card (automatic),18.55
0829-DDVLK,No,Female,One year,Credit card (automatic),20.1
0829-XXPLX,No,Female,Month-to-month,Bank transfer (automatic),89.4
0831-JNISG,No,Male,Two year,Mailed check,19.8
0835-DUUIQ,No,Female,One year,Bank transfer (automatic),21.05
0835-JKADZ,No,Female,Two year,Electronic check,111.25
0836-SEYLU,Yes,Male,Month-to-month,Mailed check,40.65
0839-JTCUD,No,Female,Two year,Credit card (automatic),89.9
0839-QNXME,No,Female,Two year,Credit card (automatic),19.4
0840-DCNZE,No,Male,One year,Bank transfer (automatic),86.95
0840-DFEZH,No,Female,Month-to-month,Electronic check,75.35
0840-JCCUW,,Female,Month-to-month,Electronic check,45.0
0841-NULXI,Yes,Male,Month-to-month,Electronic check,35.55
0842-IWYCP,No,Female,Month-to-month,Bank transfer (automatic),44.95
0843-WTBXE,Yes,Male,Month-to-month,Bank transfer (automatic),85.45
0847-HGRML,No,Male,Two year,Bank transfer (automatic),20.0
0848-SOMKO,No,Male,Two year,Bank transfer (automatic),48.4
0848-ZGQIJ,No,Female,Month-to-month,Bank transfer (automatic),94.65
0851-DFJKB,No,Female,Month-to-month,Electronic check,58.95
0853-NWIFK,No,Female,One year,Electronic check,100.3
0853-TWRVK,No,Male,Two year,Bank transfer (automatic),105.6
0854-UYHZD,No,Female,Two year,Mailed check,19.55
0856-NAOES,No,Male,Month-to-month,Mailed check,60.9
0859-YGKFW,No,Male,One year,Bank transfer (automatic),20.05
0862-PRCBS,No,Female,Two year,Credit card (automatic),103.75
0864-FVJNJ,No,Female,One year,Electronic check,113.35
0866-QLSIR,Yes,Female,One year,Mailed check,64.4
0867-LDTTC,No,Male,Month-to-month,Bank transfer (automatic),75.15
0867-MKZVY,Yes,Female,Month-to-month,Electronic check,82.4
0868-VJRDR,No,Male,Two year,Credit card (automatic),104.05
0869-PAPRP,No,Female,Month-to-month,Credit card (automatic),85.7
0870-VEMYL,Yes,Female,Month-to-month,Credit card (automatic),53.85
0871-OPBXW,No,Female,Month-to-month,Mailed check,20.05
0871-URUWO,Yes,Male,Month-to-month,Credit card (automatic),102.25
0872-CASZJ,No,Male,One year,Mailed check,69.1
0872-JCPIB,No,Male,Month-to-month,Bank transfer (automatic),65.75
0872-NXJYS,Yes,Female,Month-to-month,Electronic check,79.55
0875-CABNR,Yes,Female,Month-to-month,Credit card (automatic),84.6
0876-WDUUZ,Yes,Female,Month-to-month,Credit card (automatic),85.4
0877-SDMBN,Yes,Female,One year,Bank transfer (automatic),103.95
0880-FVFWF,No,Male,Month-to-month,Electronic check,86.4
0880-TKATG,Yes,Male,Month-to-month,Electronic check,101.15
0883-EIBTI,Yes,Female,Month-to-month,Mailed check,19.5
0885-HMGPY,No,Male,Two year,Bank transfer (automatic),69.4
0886-QGENL,Yes,Female,Month-to-month,Electronic check,101.25
0887-HJGAR,Yes,Male,Month-to-month,Mailed check,45.7
0887-WBJVH,No,Female,One year,Electronic check,93.45
0895-DQHEW,Yes,Male,Month-to-month,Electronic check,104.3
0895-LMRSF,No,Male,One year,Bank transfer (automatic),64.9
0895-LNKRC,No,Male,One year,Mailed check,19.45
0895-UADGO,No,Male,Two year,Mailed check,44.55
0897-FEGMU,Yes,Female,Month-to-month,Electronic check,99.5
0898-XCGTF,No,Male,One year,Bank transfer (automatic),96.5
0899-LIIBW,No,Male,Month-to-month,Electronic check,100.85
0899-WZRSD,No,Male,Month-to-month,Mailed check,105.35
0902-RFHOF,No,Male,One year,Mailed check,20.1
0902-XKXPN,No,Male,Two year,Bank transfer (automatic),20.2
0906-QVPMS,No,Male,Two year,Bank transfer (automatic),115.15
0907-HQNTS,No,Female,Two year,Credit card (automatic),113.0
0909-SDHNU,No,Female,Month-to-month,Mailed check,29.8
0909-SELIE,No,Male,Two year,Bank transfer (automatic),80.8
0910-AJOHQ,,Female,Two year,Bank transfer (automatic),115.1
0913-XWSCN,No,Male,Month-to-month,Bank transfer (automatic),85.5
0916-KNFAJ,No,Male,Two year,Mailed check,69.9
0916-QOFDP,No,Female,Month-to-month,Electronic check,95.8
0917-EZOLA,Yes,Male,Two year,Bank transfer (automatic),104.15
0921-OHLVP,No,Male,Month-to-month,Electronic check,83.05
0923-PNFUB,Yes,Female,Month-to-month,Electronic check,83.75
0924-BJCRC,No,Female,Month-to-month,Electronic check,89.45
0925-VYDLG,Yes,Female,Month-to-month,Electronic check,75.25
0927-CNGRH,No,Male,Month-to-month,Mailed check,19.55
0927-LCSMG,Yes,Male,Month-to-month,Mailed check,74.65
0928-JMXNP,No,Male,Month-to-month,Electronic check,29.9
0928-XUTSN,No,Female,Month-to-month,Electronic check,80.5
0929-HYQEW,No,Male,Month-to-month,Mailed check,50.15
0929-PECLO,No,Female,Month-to-month,Bank transfer (automatic),89.6
0930-EHUZA,No,Female,One year,Mailed check,76.35
0931-MHTEM,No,Female,One year,Credit card (automatic),100.05
0932-YIXYU,No,Female,Two year,Credit card (automatic),20.25
0936-NQLJU,No,Female,Two year,Credit card (automatic),20.65
0939-EREMR,No,Female,Month-to-month,Mailed check,53.45
0939-YAPAF,Yes,Female,Month-to-month,Electronic check,100.25
0940-OUQEC,Yes,Male,Month-to-month,Bank transfer (automatic),80.7
0942-KOWSM,No,Female,Two year,Bank transfer (automatic),80.8
0943-ZQPXH,No,Male,Month-to-month,Bank transfer (automatic),92.95
0945-TSONX,No,Female,Two year,Credit card (automatic),85.3
0946-CLJTI,Yes,Male,Month-to-month,Electronic check,98.7
0946-FKYTX,No,Male,One year,Mailed check,30.1
0947-IDHRQ,Yes,Female,Month-to-month,Mailed check,80.3
0947-MUGVO,Yes,Male,Month-to-month,Electronic check,73.65
0950-TZGED,,Male,Two year,Bank transfer (automatic),25.95
0952-KMEEH,Yes,Male,Month-to-month,Mailed check,98.15
0953-LGOVU,No,Male,Month-to-month,Mailed check,35.5
0956-ACVZC,No,Female,One year,Credit card (automatic),94.1
0956-SYCWG,No,Female,One year,Electronic check,19.65
0958-YHXGP,No,Female,Month-to-month,Mailed check,69.9
0959-WHOKV,No,Male,One year,Electronic check,99.0
0960-HUWBM,No,Male,Two year,Bank transfer (automatic),104.1
0961-ZWLVI,No,Male,One year,Credit card (automatic),109.2
0962-CQPWQ,No,Female,Two year,Bank transfer (automatic),20.3
0963-ZBDRN,Yes,Male,Month-to-month,Electronic check,96.2
0967-BMLBD,No,Female,One year,Mailed check,20.0
0968-FTNYZ,,Female,Month-to-month,Electronic check,56.0
0968-GSIKN,Yes,Female,Month-to-month,Mailed check,70.8
0969-RGKCU,No,Male,One year,Credit card (automatic),19.8
0970-ETWGE,Yes,Male,Month-to-month,Electronic check,89.55
0970-QXPXW,No,Female,Month-to-month,Mailed check,19.65
0971-QIFJK,No,Female,Two year,Bank transfer (automatic),24.25
0973-KYVNF,No,Female,Two year,Credit card (automatic),70.65
0975-UYDTX,No,Female,One year,Credit card (automatic),90.1
0975-VOOVL,No,Female,Month-to-month,Mailed check,29.2
0979-MOZQI,No,Male,Two year,Bank transfer (automatic),39.0
0979-PHULV,Yes,Male,Month-to-month,Credit card (automatic),99.45
0980-FEXWF,No,Male,One year,Mailed check,50.35
0980-PVMRC,No,Female,Month-to-month,Electronic check,50.85
0983-TATYJ,No,Female,One year,Mailed check,51.45
0988-AADSA,No,Female,Two year,Bank transfer (automatic),80.85
0988-JRWWP,No,Female,Month-to-month,Electronic check,54.2
0991-BRRFB,Yes,Male,Month-to-month,Electronic check,49.4
0993-OSGPT,No,Female,One year,Bank transfer (automatic),60.65
0997-YTLNY,No,Female,Month-to-month,Mailed check,48.8
0999-QXNSA,No,Male,Month-to-month,Mailed check,45.75
1000-AJSLD,Yes,Male,Month-to-month,Mailed check,20.1
1004-NOZNR,No,Male,One year,Credit card (automatic),94.8
1009-IRMNA,Yes,Female,Month-to-month,Bank transfer (automatic),20.0
1010-DIAUQ,Yes,Male,Month-to-month,Bank transfer (automatic),96.5
1013-QCWAM,No,Female,Month-to-month,Electronic check,100.8
1015-JPFYW,No,Male,One year,Mailed check,19.45
1015-OWJKI,No,Male,Month-to-month,Mailed check,19.05
1016-DJTSV,No,Male,Month-to-month,Electronic check,69.7
1017-FBQMM,No,Female,One year,Credit card (automatic),106.05
1020-JPQOW,No,Female,Month-to-month,Electronic check,90.55
1022-RKXDR,No,Female,One year,Mailed check,24.85
1023-BQXZE,No,Male,Two year,Bank transfer (automatic),74.35
1024-GUALD,Yes,Female,Month-to-month,Electronic check,24.8
1024-KPRBB,No,Female,One year,Mailed check,89.1
1024-VRZHF,Yes,Male,Month-to-month,Electronic check,74.95
1025-FALIX,No,Female,Month-to-month,Credit card (automatic),69.05
1027-LKKQQ,No,Female,Two year,Bank transfer (automatic),80.45
1028-FFNJK,No,Male,Month-to-month,Electronic check,101.5
1029-QFBEN,Yes,Male,Month-to-month,Mailed check,19.55
1031-IIDEO,Yes,Female,Month-to-month,Electronic check,70.85
1032-MAELW,No,Female,One year,Electronic check,78.45
1035-IPQPU,No,Female,Month-to-month,Electronic check,103.5
1036-GUDCL,No,Male,Month-to-month,Credit card (automatic),79.05
1038-RQOST,No,Male,Month-to-month,Mailed check,20.6
1038-ZAGBI,Yes,Female,One year,Bank transfer (automatic),19.8
1041-RXHRA,Yes,Female,Month-to-month,Bank transfer (automatic),70.25
1042-HFUCW,No,Female,One year,Credit card (automatic),54.75
1043-UXOVO,No,Female,Two year,Credit card (automatic),113.15
1043-YCUTE,Yes,Male,Two year,Credit card (automatic),25.15
1045-LTCYT,No,Female,Month-to-month,Credit card (automatic),21.05
1047-NNCBF,No,Male,Month-to-month,Credit card (automatic),70.55
1047-RNXZV,No,Male,Two year,Mailed check,19.55
1049-FYSYG,No,Female,Month-to-month,Credit card (automatic),35.65
1051-EQPZR,No,Female,Month-to-month,Mailed check,19.6
1051-GEJLJ,No,Female,Month-to-month,Mailed check,19.5
1052-QJIBV,No,Female,Two year,Credit card (automatic),19.9
1053-MXTTK,No,Female,Two year,Bank transfer (automatic),108.65
1057-FOGLZ,No,Female,Month-to-month,Mailed check,19.65
1058-CIYUA,,Female,One year,Electronic check,106.5
1060-ENTOF,No,Female,One year,Credit card (automatic),105.4
1061-PNTHC,No,Female,Month-to-month,Mailed check,109.6
1062-LHZOD,Yes,Male,Month-to-month,Mailed check,69.9
1063-DHQJF,No,Male,Two year,Mailed check,92.15
1064-FBXNK,No,Male,One year,Credit card (automatic),19.85
1066-JKSGK,Yes,Male,Month-to-month,Mailed check,20.15
1069-QJOEE,No,Male,One year,Electronic check,19.9
1069-XAIEM,Yes,Female,Month-to-month,Electronic check,85.05
1073-XXCZD,No,Male,Two year,Bank transfer (automatic),25.7
1074-AMIOH,No,Female,Month-to-month,Bank transfer (automatic),108.25
1074-WVEVG,No,Female,One year,Mailed check,20.35
1075-BGWOH,Yes,Male,Month-to-month,Electronic check,98.75
1077-HUUJM,No,Female,Month-to-month,Electronic check,71.05
1078-TDCRN,No,Female,Month-to-month,Electronic check,30.75
1080-BWSYE,No,Male,Two year,Credit card (automatic),25.65
1084-MNSMJ,No,Female,Two year,Credit card (automatic),85.5
1084-UQCHV,Yes,Male,Month-to-month,Bank transfer (automatic),69.75
1085-LDWAM,No,Female,One year,Credit card (automatic),20.35
1086-LXKFY,Yes,Female,Month-to-month,Mailed check,69.1
1087-GRUYI,No,Male,Two year,Bank transfer (automatic),20.4
1087-UDSIH,Yes,Female,Month-to-month,Mailed check,19.6
1088-AUUZZ,No,Male,Two year,Credit card (automatic),75.85
1088-CNNKB,No,Male,One year,Credit card (automatic),80.0
1089-HDMKP,No,Male,Month-to-month,Electronic check,54.55
1089-XZWHH,No,Female,Two year,Mailed check,19.7
1090-ESELR,No,Male,Two year,Bank transfer (automatic),105.5
1090-PYKCI,No,Female,One year,Credit card (automatic),105.1
1091-SOZGA,No,Female,One year,Credit card (automatic),99.8
1092-GANHU,Yes,Male,Month-to-month,Electronic check,76.65
1092-WPIVQ,No,Female,Two year,Mailed check,25.1
1093-YSWCA,No,Male,Two year,Credit card (automatic),19.55
1094-BKOSX,No,Female,One year,Bank transfer (automatic),51.0
1095-JUDTC,Yes,Female,Month-to-month,Electronic check,95.05
1095-WGNGG,No,Female,Two year,Bank transfer (automatic),101.05
1096-ADRUX,No,Female,One year,Bank transfer (automatic),74.25
1097-FSPVW,No,Female,Month-to-month,Credit card (automatic),54.55
1098-KFQEC,No,Female,Two year,Credit card (automatic),19.4
1098-TDVUQ,No,Female,Month-to-month,Bank transfer (automatic),19.25
1099-BTKWT,No,Female,One year,Electronic check,54.4
1099-GODLO,No,Female,Two year,Mailed check,20.35
1100-DDVRV,No,Male,Month-to-month,Mailed check,49.8
1101-SSWAG,No,Female,Month-to-month,Electronic check,51.1
1104-FEJAM,No,Male,Month-to-month,Electronic check,64.4
1104-TNLZA,No,Male,Month-to-month,Electronic check,105.8
1106-HRLKZ,No,Male,Two year,Mailed check,19.6
1110-KYLGQ,No,Female,Month-to-month,Credit card (automatic),108.25
1112-CUNAO,Yes,Female,Month-to-month,Electronic check,89.85
1113-IUJYX,Yes,Female,One year,Mailed check,105.95
1114-CENIM,Yes,Male,Month-to-month,Credit card (automatic),55.0
1116-DXXDF,No,Male,Two year,Electronic check,100.45
1116-FRYVH,No,Female,Two year,Mailed check,39.4
1119-VJAQV,,Male,Month-to-month,Electronic check,80.8
1120-BMWUB,Yes,Female,Month-to-month,Mailed check,53.9
1121-QSIVB,No,Female,One year,Mailed check,77.55
1122-JWTJW,Yes,Male,Month-to-month,Mailed check,70.65
1122-YJBCS,No,Male,One year,Credit card (automatic),53.65
1125-SNVCK,No,Female,Month-to-month,Mailed check,43.8
1131-ALZWV,No,Female,One year,Bank transfer (automatic),24.6
1131-QQZEB,No,Male,Two year,Bank transfer (automatic),23.95
1131-SUEKT,No,Male,One year,Bank transfer (automatic),98.45
1133-KXCGE,No,Female,One year,Mailed check,20.1
1134-YWTYF,No,Male,Month-to-month,Electronic check,53.8
1135-HIORI,No,Female,One year,Electronic check,111.45
1135-LMECX,No,Female,Month-to-month,Mailed check,19.85
1136-XGEQU,No,Female,One year,Credit card (automatic),84.15
1137-DGOWI,No,Female,One year,Bank transfer (automatic),70.25
1139-WUOAH,No,Male,Two year,Credit card (automatic),53.35
1140-UKVZG,No,Female,Month-to-month,Mailed check,24.8
1142-IHLOO,No,Female,One year,Credit card (automatic),87.55
1142-WACZW,Yes,Male,Month-to-month,Bank transfer (automatic),29.85
1143-NMNQJ,Yes,Female,Month-to-month,Electronic check,85.7
1150-FTQGN,No,Female,One year,Bank transfer (automatic),94.15
1150-WFARN,Yes,Female,Two year,Credit card (automatic),108.75
1153-GNOLC,No,Male,One year,Electronic check,39.1
1154-HYWWO,No,Male,One year,Mailed check,70.6
1156-ZFYDO,No,Female,Month-to-month,Electronic check,19.75
1157-BQCUW,Yes,Male,Month-to-month,Electronic check,74.95
1159-WFSGR,No,Female,Month-to-month,Electronic check,20.4
1162-ECVII,No,Male,Two year,Bank transfer (automatic),109.75
1163-ONYEY,No,Male,Month-to-month,Credit card (automatic),74.55
1163-VIPRI,No,Female,Two year,Electronic check,109.3
1166-PQLGG,No,Female,Two year,Bank transfer (automatic),19.55
1167-OYZJF,No,Female,Two year,Bank transfer (automatic),20.05
1169-SAOCL,No,Male,One year,Bank transfer (automatic),106.65
1169-WCVAK,No,Male,Month-to-month,Credit card (automatic),88.8
1170-SASML,No,Female,Month-to-month,Bank transfer (automatic),85.4
1171-TYKUR,No,Male,Month-to-month,Electronic check,25.4
1172-VIYBP,No,Male,Two year,Bank transfer (automatic),69.7
1173-NOEYG,No,Female,Month-to-month,Bank transfer (automatic),90.15
1173-XZPYF,No,Female,Month-to-month,Electronic check,89.2
1174-FGIFN,No,Female,One year,Electronic check,90.45
1177-XZBJL,No,Male,One year,Bank transfer (automatic),64.15
1178-PZGAB,No,Female,One year,Credit card (automatic),20.25
1179-INLAT,No,Male,One year,Mailed check,19.45
1183-CANVH,No,Female,One year,Bank transfer (automatic),60.0
1184-PJVDB,Yes,Male,Month-to-month,Electronic check,79.95
1187-WILMM,No,Male,Two year,Credit card (automatic),89.4
1193-RTSLK,Yes,Female,Month-to-month,Credit card (automatic),83.9
1194-BHJYC,No,Male,Two year,Mailed check,62.15
1194-HVAIF,No,Female,Month-to-month,Credit card (automatic),95.0
1194-SPVSP,No,Male,Month-to-month,Bank transfer (automatic),19.65
1195-OIYEJ,Yes,Male,Month-to-month,Electronic check,91.1
1195-UQFHQ,,Male,One year,Electronic check,104.0
1196-AMORA,Yes,Male,Month-to-month,Electronic check,73.6
1197-BVMVG,No,Female,Month-to-month,Electronic check,74.45
1200-TUZHR,No,Female,Month-to-month,Electronic check,85.2
1202-KKGFU,No,Female,Month-to-month,Bank transfer (automatic),54.2
1205-WNWPJ,Yes,Female,Month-to-month,Mailed check,59.5
1206-EHBDD,No,Female,Two year,Bank transfer (automatic),80.3
1207-BLKSA,No,Female,Two year,Mailed check,23.05
1208-DNHLN,Yes,Male,One year,Credit card (automatic),48.35
1208-NBVFH,No,Male,Month-to-month,Electronic check,49.6
1209-VFFOC,No,Male,Two year,Mailed check,56.4
1212-GLHMD,No,Male,Month-to-month,Mailed check,86.05
1213-NGCUN,Yes,Female,Month-to-month,Bank transfer (automatic),49.65
1215-EXRMO,No,Male,Two year,Mailed check,20.55
1215-FIGMP,No,Male,Month-to-month,Bank transfer (automatic),89.9
1215-VFYVK,No,Female,Month-to-month,Mailed check,48.25
1216-BGTSP,No,Male,Month-to-month,Credit card (automatic),108.45
1216-JWVUX,No,Male,Month-to-month,Electronic check,75.5
1217-VASWC,No,Male,One year,Bank transfer (automatic),100.55
1218-VKFPE,Yes,Female,Month-to-month,Mailed check,19.0
1219-NNDDO,No,Female,Month-to-month,Electronic check,76.85
1221-GHZEP,No,Female,Two year,Mailed check,65.1
1222-KJNZD,No,Male,Month-to-month,Bank transfer (automatic),20.4
1222-LRYKO,No,Male,Month-to-month,Mailed check,26.35
1223-UNPKS,No,Male,Two year,Mailed check,20.05
1226-IENZN,No,Male,Month-to-month,Electronic check,78.75
1226-JZNKR,No,Female,One year,Electronic check,19.8
1226-UDFZR,Yes,Female,Month-to-month,Mailed check,49.6
1227-UDMZR,No,Female,Two year,Bank transfer (automatic),91.15
1228-FZFRV,Yes,Male,Month-to-month,Credit card (automatic),105.95
1228-ZLNBX,No,Male,Month-to-month,Mailed check,75.3
1229-RCALF,No,Female,One year,Electronic check,115.0
1230-QAJDW,No,Male,Month-to-month,Mailed check,65.25
1231-YNDEK,No,Male,Two year,Bank transfer (automatic),19.15
1232-TPUYA,,Female,Month-to-month,Electronic check,69.55
1235-GPKNS,,Female,Month-to-month,Mailed check,46.0
1236-WFCDV,Yes,Male,Month-to-month,Credit card (automatic),90.45
1237-WIYYZ,No,Female,Month-to-month,Mailed check,19.55
1240-HCBOH,No,Female,Two year,Mailed check,26.1
1240-KNSEZ,Yes,Male,Month-to-month,Mailed check,20.1
1241-EZFMJ,No,Male,Two year,Bank transfer (automatic),25.45
1241-FPMOF,No,Male,Two year,Mailed check,19.65
1245-HARPS,No,Female,Two year,Mailed check,20.4
1247-QBVSH,No,Female,Month-to-month,Mailed check,50.2
1248-DYXUB,No,Male,Two year,Mailed check,24.8
1251-KRREG,Yes,Male,Month-to-month,Mailed check,54.4
1251-STYSZ,No,Female,Month-to-month,Electronic check,80.25
1254-IZEYF,Yes,Female,Month-to-month,Electronic check,99.95
1257-SXUXQ,No,Male,Month-to-month,Mailed check,19.45
1258-YMZNM,No,Female,One year,Bank transfer (automatic),110.5
1260-TTRXI,Yes,Male,Month-to-month,Electronic check,54.3
1261-FWTTE,No,Male,Month-to-month,Bank transfer (automatic),34.65
1262-OPMFY,Yes,Female,Month-to-month,Bank transfer (automatic),75.75
1264-BYWMS,Yes,Male,Month-to-month,Electronic check,96.8
1264-FUHCX,No,Female,One year,Credit card (automatic),56.3
1265-BCFEO,No,Female,Two year,Bank transfer (automatic),80.45
1265-HVPZB,No,Male,One year,Credit card (automatic),66.4
1265-XTECC,Yes,Female,One year,Credit card (automatic),96.55
1265-ZFOSD,No,Female,Two year,Mailed check,81.3
1266-NZYUI,No,Female,Two year,Bank transfer (automatic),66.85
1268-ASBGA,Yes,Female,Month-to-month,Credit card (automatic),85.35
1268-VSSGL,,Male,Month-to-month,Electronic check,70.5
1269-FOYWN,No,Male,One year,Bank transfer (automatic),20.0
1270-XKUCC,No,Female,Two year,Mailed check,19.7
1271-SJBGZ,Yes,Male,Month-to-month,Electronic check,43.65
1271-UODNO,No,Male,Two year,Credit card (automatic),53.85
1272-ILHFG,No,Male,One year,Mailed check,19.65
1273-MTETI,Yes,Female,Month-to-month,Electronic check,88.85
1282-IHQAC,No,Male,One year,Credit card (automatic),44.05
1285-OKIPP,Yes,Male,Month-to-month,Electronic check,79.9
1289-RKJJR,,Male,Month-to-month,Electronic check,91.0
1291-CUOCY,No,Male,Two year,Credit card (automatic),110.6
1293-BSEUN,No,Female,Two year,Mailed check,20.7
1293-HHSHJ,No,Female,One year,Mailed check,21.1
1297-VQDRP,No,Male,One year,Credit card (automatic),107.15
1298-PHBTI,No,Male,Two year,Electronic check,84.8
1299-AURJA,No,Female,Two year,Bank transfer (automatic),24.7
1301-LOPVR,No,Male,One year,Credit card (automatic),55.35
1302-TPUBN,No,Male,Two year,Bank transfer (automatic),19.35
1302-UHBDD,No,Male,Month-to-month,Electronic check,89.95
1303-SRDOK,No,Female,Two year,Credit card (automatic),69.05
1304-BCCFO,No,Male,Month-to-month,Mailed check,70.05
1304-NECVQ,Yes,Female,Month-to-month,Electronic check,78.55
1304-SEGFY,No,Female,Two year,Electronic check,97.85
1306-RPWXZ,No,Female,Two year,Credit card (automatic),20.45
1307-ATKGB,No,Male,Month-to-month,Electronic check,89.55
1307-TVUFB,No,Male,Month-to-month,Bank transfer (automatic),79.35
1309-BXVOQ,Yes,Male,Month-to-month,Electronic check,106.1
1309-XGFSN,No,Male,One year,Electronic check,80.85
1310-QRITU,No,Female,Month-to-month,Electronic check,50.3
1314-HQHAL,,Male,Two year,Credit card (automatic),20.3
1319-YLZJG,No,Male,Month-to-month,Electronic check,84.6
1320-GVNHT,No,Male,Two year,Credit card (automatic),108.4
1320-HTRDR,Yes,Female,Month-to-month,Electronic check,75.5
1320-REHCS,No,Male,Month-to-month,Electronic check,110.75
1322-AGOQM,Yes,Male,Month-to-month,Bank transfer (automatic),30.3
1323-OOEPC,Yes,Female,Month-to-month,Credit card (automatic),98.4
1324-NLTJE,Yes,Female,Month-to-month,Credit card (automatic),55.0
1325-USMEC,No,Male,Two year,Credit card (automatic),99.35
1328-EUZHC,No,Female,Two year,Mailed check,20.1
1329-VHWNP,No,Female,Month-to-month,Bank transfer (automatic),25.05
1333-PBMXB,No,Female,One year,Bank transfer (automatic),24.75
1334-FJSVR,Yes,Male,Month-to-month,Electronic check,24.25
1334-PDUKM,No,Female,One year,Credit card (automatic),86.45
1335-HQMKX,No,Female,One year,Electronic check,101.35
1335-MXCSE,No,Male,Two year,Credit card (automatic),55.25
1335-NTIUC,No,Male,Month-to-month,Electronic check,24.95
1336-EZFZY,No,Female,Month-to-month,Mailed check,20.05
1337-BOZWO,No,Male,One year,Credit card (automatic),46.4
1338-CECEE,No,Male,One year,Bank transfer (automatic),68.5
1342-JPNKI,Yes,Male,Month-to-month,Bank transfer (automatic),86.05
1343-EHPYB,Yes,Male,Month-to-month,Electronic check,103.4
1345-GKDZZ,No,Male,Month-to-month,Mailed check,19.55
1345-ZUKID,No,Male,One year,Mailed check,19.35
1346-PJWTK,No,Male,Month-to-month,Credit card (automatic),94.15
1346-UFHAX,No,Female,Month-to-month,Credit card (automatic),80.0
1347-KTTTA,No,Male,One year,Credit card (automatic),102.45
1349-WXNGG,Yes,Male,Month-to-month,Bank transfer (automatic),20.05
1352-HNSAW,No,Female,Two year,Bank transfer (automatic),115.6
1352-VHKAJ,No,Male,Month-to-month,Bank transfer (automatic),71.6
1353-GHZOS,No,Male,One year,Bank transfer (automatic),59.75
1353-LJWEM,No,Male,Month-to-month,Electronic check,60.9
1354-YZFNB,No,Male,Two year,Credit card (automatic),19.55
1355-KUSBG,No,Female,Month-to-month,Electronic check,48.8
1356-MKYSK,No,Male,Month-to-month,Credit card (automatic),78.65
1357-BIJKI,No,Male,One year,Electronic check,98.25
1357-MVDOZ,No,Male,Month-to-month,Bank transfer (automatic),59.65
1360-JYXKQ,No,Female,One year,Electronic check,99.1
1360-RCYRT,No,Male,Month-to-month,Bank transfer (automatic),30.35
1360-XFJMR,No,Female,One year,Credit card (automatic),109.7
1363-TXLSL,Yes,Male,Month-to-month,Electronic check,70.3
1370-AQYEM,,Male,Month-to-month,Mailed check,90.35
1370-GGAWX,No,Female,One year,Electronic check,94.15
1371-DWPAZ,No,Female,Two year,Credit card (automatic),56.05
1371-OJCEK,No,Female,One year,Bank transfer (automatic),24.35
1371-WEPDS,No,Male,One year,Electronic check,55.8
1373-ORVIZ,Yes,Female,Month-to-month,Electronic check,66.35
1374-DMZUI,Yes,Female,Month-to-month,Electronic check,94.3
1376-HHBDV,No,Female,Month-to-month,Mailed check,48.8
1379-FRVEB,No,Male,Month-to-month,Electronic check,91.0
1383-EZRWL,Yes,Female,Month-to-month,Mailed check,20.05
1384-RCUXW,No,Male,Month-to-month,Mailed check,80.55
1385-TQOZW,No,Female,Month-to-month,Credit card (automatic),20.45
1386-ZIKUV,No,Male,Month-to-month,Mailed check,18.95
1389-CXMLU,Yes,Male,Month-to-month,Electronic check,91.05
1389-WNUIB,No,Female,One year,Bank transfer (automatic),76.0
1391-UBDAR,No,Male,Month-to-month,Electronic check,72.9
1393-IMKZG,No,Female,Month-to-month,Electronic check,95.85
1394-SUIUH,No,Female,Month-to-month,Electronic check,85.15
1395-OFUWC,No,Male,Month-to-month,Credit card (automatic),29.3
1395-QOUWC,,Female,One year,Bank transfer (automatic),69.5
1395-WSWXR,No,Male,Two year,Mailed check,20.75
1396-QWFBJ,Yes,Female,Month-to-month,Bank transfer (automatic),74.05
1397-XKKWR,No,Male,One year,Mailed check,35.3
1399-OUPJN,No,Female,Two year,Bank transfer (automatic),19.75
1399-UBQIU,No,Male,Month-to-month,Electronic check,69.35
1400-MMYXY,Yes,Male,Month-to-month,Electronic check,105.9
1400-WIVLL,No,Male,Two year,Electronic check,107.95
1401-FTHFQ,No,Male,One year,Credit card (automatic),20.0
1402-PTHGN,No,Female,One year,Mailed check,61.5
1403-GYAFU,No,Male,Two year,Credit card (automatic),20.05
1403-LKLIK,No,Female,One year,Mailed check,20.1
1406-PUQVY,No,Male,Month-to-month,Electronic check,49.9
1407-DIGZV,No,Female,Two year,Mailed check,19.1
1409-PHXTF,No,Male,Two year,Electronic check,110.45
1410-RSCMR,No,Male,Month-to-month,Credit card (automatic),71.35
1414-YADCW,No,Male,Two year,Bank transfer (automatic),84.6
1415-YFWLT,Yes,Female,Month-to-month,Electronic check,89.3
1421-HCERK,No,Male,Month-to-month,Bank transfer (automatic),105.7
1422-DGUBX,No,Male,One year,Electronic check,79.25
1423-BMPBQ,No,Female,Month-to-month,Mailed check,19.0
1427-GOPMO,,Male,One year,Electronic check,86.9
1427-VERSM,No,Female,Month-to-month,Electronic check,98.7
1428-GTBJJ,Yes,Male,Month-to-month,Electronic check,74.55
1428-IEDPR,No,Male,Two year,Electronic check,109.3
1428-QPOOL,,Female,Two year,Bank transfer (automatic),82.5
1429-UYJSV,No,Female,One year,Mailed check,19.7
1430-SFQSA,No,Male,One year,Mailed check,35.6
1431-AIDJQ,No,Male,Two year,Credit card (automatic),82.1
1431-CYWMH,No,Female,Month-to-month,Bank transfer (automatic),19.05
1432-FPAXX,Yes,Female,Month-to-month,Electronic check,30.6
1436-ZMJAN,No,Female,Month-to-month,Credit card (automatic),67.8
1439-LCGVL,No,Female,One year,Mailed check,19.2
1442-BQPVU,No,Female,Month-to-month,Electronic check,29.15
1442-OKRJE,No,Male,One year,Bank transfer (automatic),103.15
1444-VVSGW,Yes,Male,One year,Credit card (automatic),115.65
1447-GIQMR,Yes,Male,Month-to-month,Electronic check,69.15
1447-PJGGA,Yes,Female,Two year,Electronic check,95.25
1448-CYWKC,No,Female,One year,Credit card (automatic),105.2
1448-PWKYE,Yes,Male,Month-to-month,Electronic check,80.0
1449-XQEMT,Yes,Male,Month-to-month,Mailed check,19.8
1450-GALXR,Yes,Female,Month-to-month,Electronic check,98.5
1450-SKCVI,Yes,Female,Month-to-month,Electronic check,73.85
1452-KIOVK,No,Male,Month-to-month,Credit card (automatic),89.1
1452-UZOSF,No,Male,Two year,Credit card (automatic),106.1
1452-VOQCH,No,Male,Month-to-month,Electronic check,75.1
1452-XRSJV,No,Female,Month-to-month,Credit card (automatic),51.05
1453-RZFON,No,Female,Month-to-month,Mailed check,49.9
1455-ESIQH,Yes,Male,Month-to-month,Electronic check,89.1
1455-HFBXA,No,Male,Two year,Credit card (automatic),91.6
1455-UGQVH,Yes,Male,Month-to-month,Electronic check,98.5
1456-TWCGB,No,Male,Month-to-month,Mailed check,49.25
1459-QNFQT,No,Male,Two year,Bank transfer (automatic),59.5
1460-UZPRJ,No,Male,Two year,Mailed check,19.95
1465-LNTLJ,No,Male,Month-to-month,Credit card (automatic),64.4
1465-VINDH,Yes,Female,Month-to-month,Credit card (automatic),102.1
1465-WCZVT,No,Female,Month-to-month,Mailed check,19.65
1468-DEFNC,No,Male,Two year,Bank transfer (automatic),24.4
1469-LBJQJ,No,Female,Month-to-month,Electronic check,105.2
1470-PSXNM,No,Male,One year,Electronic check,93.65
1471-GIQKQ,No,Female,Month-to-month,Electronic check,49.95
1472-TNCWL,No,Male,Month-to-month,Electronic check,94.7
1474-JUWSM,No,Female,One year,Electronic check,68.4
1475-VWVDO,No,Male,Month-to-month,Electronic check,74.9
1478-VPOAD,No,Female,Month-to-month,Electronic check,43.8
1480-BKXGA,No,Male,Two year,Bank transfer (automatic),116.05
1480-IVEVR,No,Male,One year,Bank transfer (automatic),81.6
1481-ZUWZA,Yes,Male,Month-to-month,Credit card (automatic),94.5
1482-OXZSY,No,Male,Month-to-month,Bank transfer (automatic),100.4
1485-YDHMM,No,Male,Month-to-month,Bank transfer (automatic),93.25
1488-PBLJN,No,Female,Two year,Bank transfer (automatic),116.85
1488-SYSFC,No,Male,Month-to-month,Electronic check,20.65
1492-KGETH,No,Male,One year,Bank transfer (automatic),78.35
1492-QGCLU,No,Male,Month-to-month,Electronic check,85.7
1493-AMTIE,Yes,Male,Month-to-month,Bank transfer (automatic),20.2
1494-EJZDW,No,Female,Two year,Mailed check,20.15
1496-GGSUK,Yes,Female,Month-to-month,Mailed check,25.7
1498-DQNRX,No,Female,Month-to-month,Mailed check,19.85
1498-NHTLT,No,Male,Two year,Electronic check,86.75
1501-SGHBW,Yes,Male,Month-to-month,Mailed check,45.85
1502-XFCVR,Yes,Female,One year,Electronic check,106.45
1506-YJTYT,No,Male,Two year,Credit card (automatic),73.85
1508-DFXCU,No,Male,Month-to-month,Electronic check,81.45
1513-XNPPH,Yes,Female,Month-to-month,Electronic check,89.4
1518-OMDIK,No,Male,Month-to-month,Credit card (automatic),44.55
1518-VOWAV,Yes,Female,Month-to-month,Electronic check,74.65
1522-VVDMG,Yes,Male,Month-to-month,Electronic check,89.75
1525-LNLOJ,No,Male,Two year,Bank transfer (automatic),63.3
1527-SXDPN,Yes,Male,Two year,Bank transfer (automatic),96.25
1530-ZTDOZ,No,Female,Month-to-month,Bank transfer (automatic),40.65
1534-OULXE,No,Female,One year,Bank transfer (automatic),49.7
1535-VTJOQ,No,Female,Two year,Credit card (automatic),25.15
1536-HBSWP,No,Female,Month-to-month,Electronic check,49.9
1536-YHDOE,No,Male,One year,Mailed check,62.1
1539-LNKHM,No,Female,Month-to-month,Mailed check,20.4
1541-ETJZO,Yes,Male,Month-to-month,Mailed check,62.05
1543-LLLFT,No,Male,One year,Mailed check,98.3
1544-JJMYL,No,Male,One year,Credit card (automatic),69.35
1545-ACTAS,No,Female,One year,Bank transfer (automatic),99.7
1545-JFUML,No,Male,Two year,Electronic check,99.0
1548-ARAGG,No,Female,Month-to-month,Mailed check,58.5
1548-FEHVL,No,Male,Month-to-month,Electronic check,106.2
1550-EENBN,No,Female,Month-to-month,Electronic check,104.35
1550-LOAHA,Yes,Female,Month-to-month,Bank transfer (automatic),84.15
1552-AAGRX,No,Female,Month-to-month,Bank transfer (automatic),106.4
1552-CZCLL,No,Female,Month-to-month,Credit card (automatic),20.0
1552-TKMXS,No,Female,Month-to-month,Credit card (automatic),20.35
1555-DJEQW,Yes,Female,Two year,Bank transfer (automatic),114.2
1555-HAPSU,No,Female,Two year,Credit card (automatic),23.9
1557-EMYVT,No,Female,Two year,Credit card (automatic),115.05
1559-DTODC,No,Male,Month-to-month,Bank transfer (automatic),25.15
1561-BWHIN,No,Male,One year,Mailed check,19.8
1563-IWQEX,No,Female,Month-to-month,Mailed check,19.7
1564-HJUVY,No,Male,Month-to-month,Bank transfer (automatic),63.75
1564-NTYXF,Yes,Female,Month-to-month,Electronic check,82.0
1565-RHDJD,Yes,Female,Month-to-month,Bank transfer (automatic),84.05
1567-DSCIC,Yes,Male,Month-to-month,Electronic check,94.0
1568-BEKZM,No,Male,Two year,Credit card (automatic),90.05
1568-LJSZU,No,Male,Two year,Credit card (automatic),92.2
1569-TTNYJ,Yes,Male,Month-to-month,Electronic check,78.75
1571-SAVHK,Yes,Male,Month-to-month,Mailed check,99.95
1573-LGXBA,No,Male,One year,Credit card (automatic),97.55
1574-DYCWE,No,Female,Two year,Mailed check,19.95
1575-KRZZE,No,Female,Month-to-month,Electronic check,55.2
1576-PFZIW,No,Male,Two year,Credit card (automatic),105.35
1577-HKTFG,Yes,Female,Month-to-month,Bank transfer (automatic),19.65
1579-KLYDT,Yes,Male,Month-to-month,Electronic check,90.45
1580-BMCMR,No,Male,Month-to-month,Electronic check,87.3
1582-RAFML,Yes,Male,Month-to-month,Mailed check,60.1
1583-IHQZE,Yes,Male,Month-to-month,Mailed check,112.95
1585-MQSSU,Yes,Male,Month-to-month,Mailed check,51.5
1587-FKLZB,Yes,Male,Month-to-month,Credit card (automatic),99.5
1589-AGTLK,Yes,Male,Month-to-month,Electronic check,45.35
1591-MQJTP,No,Male,One year,Bank transfer (automatic),93.65
1591-NFNLQ,Yes,Male,Month-to-month,Credit card (automatic),80.0
1591-XWLGB,No,Female,Two year,Credit card (automatic),19.85
1596-BBVTG,Yes,Male,Month-to-month,Credit card (automatic),75.35
1596-OQSPS,No,Female,Month-to-month,Electronic check,51.1
1597-FZREH,Yes,Female,Month-to-month,Electronic check,76.4
1597-LHYNC,Yes,Female,Month-to-month,Electronic check,95.0
1599-EAHXY,No,Male,One year,Credit card (automatic),23.95
1599-MMYRQ,No,Male,One year,Credit card (automatic),81.45
1600-DILPE,No,Female,Month-to-month,Bank transfer (automatic),45.0
1602-IJQQE,Yes,Female,Month-to-month,Electronic check,75.35
1608-GMEWB,No,Male,Month-to-month,Bank transfer (automatic),93.9
1612-EOHDH,Yes,Female,Month-to-month,Electronic check,45.15
1614-JBEBI,No,Female,Month-to-month,Mailed check,20.7
1618-CFHME,Yes,Female,Month-to-month,Electronic check,75.9
1619-YWUBB,No,Female,Two year,Credit card (automatic),24.95
1621-YNCJH,No,Female,Two year,Credit card (automatic),106.05
1622-HSHSF,No,Female,Month-to-month,Mailed check,19.55
1623-NLDOT,Yes,Female,One year,Mailed check,33.55
1624-NALOJ,Yes,Male,Month-to-month,Electronic check,89.8
1624-WOIWJ,Yes,Female,Month-to-month,Mailed check,84.7
1625-JAIIY,Yes,Female,One year,Electronic check,83.0
1626-ERCMM,Yes,Male,Month-to-month,Electronic check,94.55
1627-AFWVJ,No,Female,Two year,Mailed check,19.4
1628-BIZYP,No,Male,Month-to-month,Electronic check,85.0
1629-DQQVB,No,Female,Month-to-month,Bank transfer (automatic),50.1
1635-FJFCC,No,Female,Month-to-month,Credit card (automatic),44.05
1635-HDGFT,No,Female,Two year,Mailed check,20.5
1635-NZATJ,No,Male,Two year,Credit card (automatic),25.45
1636-NTNCO,No,Male,Month-to-month,Credit card (automatic),50.95
1640-PLFMP,No,Female,Month-to-month,Electronic check,70.25
1641-BYBTK,No,Male,Month-to-month,Mailed check,20.2
1641-RQDAY,No,Female,Month-to-month,Electronic check,100.4
1642-HMARX,No,Female,Two year,Electronic check,91.7
1644-IRKSF,Yes,Female,One year,Electronic check,93.8
1645-EFCGT,,Male,Two year,Credit card (automatic),19.4
1656-DRSMG,No,Female,Month-to-month,Credit card (automatic),109.85
1657-DYMBM,No,Male,Two year,Credit card (automatic),19.9
1658-BYGOY,Yes,Male,Month-to-month,Electronic check,95.45
1658-TJVOA,No,Female,Month-to-month,Electronic check,74.1
1658-XUHBX,No,Female,Month-to-month,Credit card (automatic),88.75
1660-HSOOQ,Yes,Male,Month-to-month,Mailed check,49.65
1661-CZBAU,No,Male,One year,Bank transfer (automatic),70.95
1663-MHLHE,No,Male,Month-to-month,Mailed check,19.2
1666-JXLKU,No,Female,Month-to-month,Electronic check,100.05
1666-JZPZT,No,Male,Month-to-month,Mailed check,49.0
1670-SVOWZ,Yes,Female,Month-to-month,Credit card (automatic),89.65
1676-BZZYV,,Male,One year,Mailed check,19.5
1676-MQAOA,No,Male,Two year,Bank transfer (automatic),75.1
1678-FYZOW,Yes,Female,Month-to-month,Electronic check,79.4
1679-JRFBR,No,Female,One year,Credit card (automatic),108.15
1680-VDCWW,No,Male,One year,Bank transfer (automatic),19.8
1682-VCOIO,No,Male,One year,Mailed check,20.45
1684-FLBGS,No,Female,Month-to-month,Credit card (automatic),69.5
1685-BQULA,No,Female,Month-to-month,Bank transfer (automatic),93.4
1685-VAYJF,No,Male,Month-to-month,Credit card (automatic),45.2
1686-STUHN,No,Male,One year,Bank transfer (automatic),19.8
1689-MRZQR,Yes,Male,Month-to-month,Electronic check,78.3
1689-YQBYY,No,Female,Month-to-month,Electronic check,76.6
1696-HXOWK,No,Female,One year,Mailed check,95.65
1696-MZVAU,No,Male,One year,Credit card (automatic),25.25
1697-BCSHV,No,Female,Month-to-month,Bank transfer (automatic),66.8
1697-LYYYX,No,Female,One year,Credit card (automatic),19.1
1697-NVVGY,No,Male,Month-to-month,Bank transfer (automatic),66.4
1698-XFZCI,No,Male,One year,Electronic check,107.75
1699-HPSBG,Yes,Male,One year,Electronic check,59.8
1699-TLDLZ,No,Female,Two year,Mailed check,19.7
1699-UOTXU,No,Male,Two year,Electronic check,61.4
1702-CCFNJ,No,Male,Month-to-month,Bank transfer (automatic),61.35
1703-MGIAB,No,Female,Month-to-month,Mailed check,69.0
1704-NRWYE,Yes,Female,Month-to-month,Electronic check,80.85
1705-GUHPV,No,Female,Two year,Mailed check,24.2
1707-HABPF,No,Female,One year,Bank transfer (automatic),91.3
1708-PBBOA,No,Female,One year,Electronic check,54.75
1709-EJDOX,No,Female,Two year,Mailed check,19.75
1710-RCXUS,No,Male,One year,Credit card (automatic),90.35
1716-LSAMB,No,Male,Two year,Bank transfer (automatic),54.65
1722-LDZJS,No,Male,One year,Credit card (automatic),20.2
1723-HKXJQ,Yes,Male,Month-to-month,Electronic check,101.75
1724-BQUHA,Yes,Male,Month-to-month,Electronic check,89.5
1724-IQWNM,No,Male,Month-to-month,Mailed check,19.3
1725-IQNIY,Yes,Male,Two year,Bank transfer (automatic),109.75
1725-MIMXW,Yes,Male,Month-to-month,Mailed check,19.45
1728-BQDMA,No,Female,Month-to-month,Electronic check,44.45
1728-CXQBE,No,Male,Month-to-month,Electronic check,94.25
1729-VLAZJ,No,Female,One year,Mailed check,40.25
1730-VFMWO,No,Female,Month-to-month,Bank transfer (automatic),50.2
1730-ZMAME,No,Female,Month-to-month,Electronic check,79.5
1731-TVIUK,Yes,Female,Month-to-month,Electronic check,93.5
1732-FEKLD,No,Female,One year,Bank transfer (automatic),94.75
1732-VHUBQ,Yes,Female,Month-to-month,Bank transfer (automatic),70.55
1734-ZMNTZ,No,Female,Two year,Mailed check,25.0
1735-XMJVH,No,Male,Month-to-month,Mailed check,19.35
1736-FCXMC,,Male,Month-to-month,Electronic check,94.45
1740-CSDJP,Yes,Male,Month-to-month,Bank transfer (automatic),35.25
1741-WTPON,No,Male,Two year,Mailed check,115.85
1744-JHKYS,No,Female,Month-to-month,Electronic check,24.7
1746-TGTWV,No,Male,Month-to-month,Credit card (automatic),75.35
1750-CSKKM,Yes,Male,Month-to-month,Electronic check,55.35
1751-NCDLI,No,Male,Month-to-month,Electronic check,98.85
1752-OZXFY,No,Male,One year,Mailed check,59.8
1754-GKYPY,No,Male,Month-to-month,Bank transfer (automatic),89.75
1755-FZQEC,No,Male,One year,Mailed check,19.9
1755-RMCXH,No,Male,Month-to-month,Mailed check,20.3
1757-TCATG,No,Male,One year,Bank transfer (automatic),20.05
1760-CAZHT,No,Male,Month-to-month,Mailed check,20.8
1761-AEZZR,Yes,Male,Month-to-month,Electronic check,79.55
1763-KUAAW,No,Female,One year,Bank transfer (automatic),20.35
1763-WQFUK,No,Male,Month-to-month,Mailed check,50.5
1764-VUUMT,No,Male,Two year,Credit card (automatic),19.95
1766-GKNMI,No,Male,Month-to-month,Electronic check,84.9
1766-UMRDB,,Male,Month-to-month,Credit card (automatic),69.15
1767-CJKBA,No,Male,Two year,Mailed check,25.1
1767-TGTKO,No,Female,Month-to-month,Electronic check,45.45
1768-HNVGJ,No,Female,Month-to-month,Electronic check,70.05
1768-ZAIFU,Yes,Female,Month-to-month,Electronic check,25.2
1769-GRUIK,No,Female,Month-to-month,Electronic check,71.1
1771-OADNZ,Yes,Male,Month-to-month,Electronic check,95.9
1775-KWJKQ,No,Male,Two year,Credit card (automatic),89.85
1776-SPBWV,No,Female,One year,Bank transfer (automatic),20.1
1777-JYQPJ,No,Male,Month-to-month,Mailed check,24.3
1779-PWPMG,No,Female,Two year,Bank transfer (automatic),114.65
1784-BXEFA,No,Female,Month-to-month,Mailed check,20.55
1784-EZDKJ,No,Male,One year,Bank transfer (automatic),106.8
1785-BPHTP,No,Male,Month-to-month,Electronic check,85.45
1790-NESIO,No,Female,Two year,Mailed check,20.4
1791-PQHBB,No,Female,Month-to-month,Credit card (automatic),61.2
1792-UXAFY,Yes,Female,Month-to-month,Electronic check,89.15
1794-HBQTJ,Yes,Female,Month-to-month,Credit card (automatic),48.6
1794-SWWKL,No,Male,Month-to-month,Bank transfer (automatic),59.65
1796-JANOW,No,Female,Month-to-month,Mailed check,19.95
1803-BGNBD,No,Female,Month-to-month,Electronic check,54.3
1809-DMJHQ,Yes,Female,Month-to-month,Mailed check,46.0
1810-BOHSY,No,Male,One year,Credit card (automatic),96.4
1810-MVMAI,No,Male,Month-to-month,Electronic check,67.6
1813-JLKWR,No,Female,One year,Bank transfer (automatic),19.8
1813-JYWTO,No,Female,Two year,Bank transfer (automatic),80.45
1814-DKOLC,No,Female,Month-to-month,Mailed check,25.45
1814-WFGVS,No,Male,Two year,Mailed check,48.9
1816-FLZDK,No,Male,Month-to-month,Mailed check,29.15
1818-ESQMW,No,Female,Month-to-month,Electronic check,89.2
1820-DJFPH,No,Female,Two year,Bank transfer (automatic),24.05
1820-TQVEV,Yes,Male,Month-to-month,Electronic check,69.55
1821-BUCWY,No,Male,Two year,Mailed check,55.65
1830-GGFNM,No,Male,Two year,Credit card (automatic),94.55
1830-IPXVJ,No,Female,Two year,Credit card (automatic),19.75
1832-PEUTS,No,Male,Two year,Credit card (automatic),89.1
1833-TCXKK,No,Male,Month-to-month,Bank transfer (automatic),107.75
1833-VGRUM,Yes,Female,Month-to-month,Electronic check,74.2
1834-ABKHQ,No,Female,One year,Bank transfer (automatic),50.95
1834-WULEG,No,Male,One year,Mailed check,20.25
1837-YQUCE,No,Female,Two year,Bank transfer (automatic),58.35
1839-FBNFR,No,Female,Two year,Bank transfer (automatic),19.85
1839-UMACK,No,Male,One year,Electronic check,25.05
1840-BIUOG,No,Male,One year,Electronic check,68.7
1841-YSJGV,No,Male,Two year,Credit card (automatic),109.95
1842-EZJMK,Yes,Male,Month-to-month,Electronic check,103.7
1843-TLSGD,No,Female,Two year,Mailed check,20.85
1845-CSBRZ,No,Female,Month-to-month,Bank transfer (automatic),85.35
1845-ZLLIG,No,Male,Month-to-month,Mailed check,50.15
1846-XWOQN,Yes,Female,Month-to-month,Electronic check,70.15
1848-LBZHY,No,Female,Month-to-month,Bank transfer (automatic),50.3
1849-RJYIG,No,Female,Month-to-month,Electronic check,60.0
1850-AKQEP,No,Male,Month-to-month,Mailed check,20.35
1852-QSWCD,No,Male,Two year,Mailed check,24.8
1852-XEMDW,No,Male,Month-to-month,Mailed check,65.05
1853-ARAAQ,No,Female,Month-to-month,Credit card (automatic),50.35
1853-UDXBW,Yes,Male,Month-to-month,Electronic check,70.0
1855-AGAWH,No,Male,One year,Electronic check,93.8
1855-CFULU,No,Female,Month-to-month,Mailed check,20.05
1862-QRWPE,No,Female,Two year,Bank transfer (automatic),20.65
1862-SKORY,Yes,Female,Month-to-month,Electronic check,39.3
1866-DIOQZ,No,Female,One year,Bank transfer (automatic),66.8
1866-NXPSP,No,Female,One year,Mailed check,75.55
1866-OBPNR,No,Male,Month-to-month,Credit card (automatic),74.6
1866-RZZQS,Yes,Male,Month-to-month,Electronic check,98.4
1866-ZSLJM,No,Male,Month-to-month,Credit card (automatic),20.5
1867-BDVFH,Yes,Male,Month-to-month,Electronic check,74.35
1867-RAWZK,,Male,Month-to-month,Electronic check,103.3
1867-TJHTS,No,Female,Month-to-month,Bank transfer (automatic),79.8
1871-MOWRM,Yes,Male,Month-to-month,Bank transfer (automatic),80.85
1872-EBWSC,No,Female,One year,Mailed check,20.35
1875-QIVME,Yes,Female,Month-to-month,Electronic check,104.4
1877-HKBQX,No,Female,One year,Mailed check,54.6
1891-FZYSA,Yes,Male,Month-to-month,Electronic check,89.95
1891-QRQSA,No,Male,Two year,Bank transfer (automatic),111.6
1891-UAWWU,Yes,Female,Month-to-month,Electronic check,90.8
1894-IGFSG,Yes,Female,Month-to-month,Electronic check,89.25
1895-QTKDO,No,Female,Month-to-month,Credit card (automatic),43.95
1897-OKVMW,No,Female,Two year,Mailed check,90.6
1897-RCFUM,No,Female,One year,Mailed check,24.2
1898-JSNDC,No,Female,One year,Credit card (automatic),58.6
1899-VXWXM,Yes,Male,One year,Credit card (automatic),106.1
1902-XBTFB,Yes,Male,Month-to-month,Electronic check,89.4
1904-WAJAA,No,Female,Two year,Electronic check,64.35
1905-OEILC,No,Female,Month-to-month,Mailed check,19.5
1907-UBQFC,Yes,Male,Month-to-month,Electronic check,72.85
1907-YLNYW,No,Male,Month-to-month,Electronic check,66.7
1910-FMXJM,No,Female,Month-to-month,Electronic check,80.4
1915-IOFGU,Yes,Female,Month-to-month,Electronic check,70.5
1915-OAKWD,No,Female,One year,Bank transfer (automatic),19.3
1918-ZBFQJ,Yes,Female,Month-to-month,Electronic check,79.25
1919-RTPQD,No,Male,Month-to-month,Electronic check,44.75
1921-KYSAY,No,Female,One year,Electronic check,68.6
1925-GMVBW,No,Female,Month-to-month,Credit card (automatic),20.55
1925-LFCZZ,No,Male,One year,Bank transfer (automatic),50.05
1925-TIBLE,Yes,Female,Month-to-month,Electronic check,86.5
1926-QUZNN,No,Female,Two year,Bank transfer (automatic),25.25
1927-QEWMY,No,Female,Two year,Credit card (automatic),20.5
1928-BXYIV,No,Male,Month-to-month,Electronic check,61.15
1929-ZCBHE,No,Male,One year,Electronic check,40.3
1930-BZLHI,No,Male,One year,Mailed check,20.35
1930-QPBVZ,No,Male,Two year,Bank transfer (automatic),95.1
1930-WNXSB,No,Male,Month-to-month,Electronic check,92.85
1932-UEDCX,No,Male,Month-to-month,Bank transfer (automatic),100.6
1934-MKPXS,No,Male,One year,Credit card (automatic),20.1
1934-SJVJK,Yes,Male,Month-to-month,Mailed check,20.15
1935-IMVBB,No,Male,Month-to-month,Mailed check,89.7
1936-CZAKF,No,Male,Two year,Credit card (automatic),49.65
1936-UAFEH,No,Female,Two year,Credit card (automatic),110.25
1937-OTUKY,No,Female,Two year,Bank transfer (automatic),98.2
1941-HOSAM,No,Male,Month-to-month,Electronic check,90.1
1942-OQFRW,No,Male,Month-to-month,Electronic check,44.0
1945-XISKS,No,Female,Two year,Mailed check,19.65
1950-KSVVJ,No,Female,One year,Mailed check,113.3
1951-IEYXM,No,Male,Two year,Credit card (automatic),90.6
1952-DVVSW,No,Female,One year,Mailed check,20.1
1955-IBMMB,No,Male,Two year,Bank transfer (automatic),20.2
1956-YIFGE,No,Male,One year,Mailed check,100.05
1958-RNRKS,No,Male,Month-to-month,Electronic check,49.9
1960-UOTYM,No,Male,Two year,Electronic check,79.2
1960-UYCNN,No,Male,Month-to-month,Electronic check,95.25
1963-SVUCV,Yes,Male,Month-to-month,Electronic check,45.3
1963-VAUKV,Yes,Female,Month-to-month,Mailed check,20.4
1964-SVLEA,No,Male,One year,Mailed check,19.7
1965-AKTSX,Yes,Female,Month-to-month,Electronic check,78.95
1965-DDBWU,Yes,Male,Month-to-month,Credit card (automatic),89.05
1970-KKFWL,No,Female,Two year,Bank transfer (automatic),23.3
1971-DTCZB,No,Female,Two year,Bank transfer (automatic),90.95
1972-RSMOV,,Female,Two year,Mailed check,19.1
1972-XMUWV,No,Female,Two year,Credit card (automatic),59.8
1975-FCJTE,,Female,Two year,Mailed check,25.5
1976-AZZPJ,No,Male,Month-to-month,Mailed check,34.2
1976-CFOCS,Yes,Female,Month-to-month,Electronic check,46.0
1977-STDKI,Yes,Female,Month-to-month,Electronic check,73.0
1980-KXVPM,Yes,Female,Month-to-month,Credit card (automatic),75.05
1981-INRFU,Yes,Female,Month-to-month,Electronic check,79.75
1982-FEBTD,No,Female,Two year,Credit card (automatic),25.6
1984-FCOWB,Yes,Female,One year,Electronic check,109.5
1984-GPTEH,No,Female,Month-to-month,Electronic check,25.15
1985-MBRYP,No,Female,Two year,Bank transfer (automatic),19.65
1986-PHGZF,No,Male,Month-to-month,Credit card (automatic),58.4
1987-AUELQ,No,Female,Two year,Credit card (automatic),25.05
1989-PRJHP,Yes,Male,Month-to-month,Electronic check,75.5
1991-VOPLL,No,Female,Month-to-month,Mailed check,19.05
1996-DBMUS,No,Female,Month-to-month,Bank transfer (automatic),70.65
1998-VHJHK,No,Female,One year,Mailed check,19.15
2000-DHJUY,No,Female,Two year,Bank transfer (automatic),92.2
2000-MPKCA,No,Female,One year,Electronic check,107.75
2001-EWBQU,No,Female,Two year,Electronic check,104.7
2001-MCUUW,No,Male,Two year,Electronic check,108.65
2002-MZHWP,Yes,Female,Month-to-month,Mailed check,20.5
2003-CKLOR,Yes,Male,Month-to-month,Electronic check,99.5
2004-OCQXK,Yes,Female,Month-to-month,Electronic check,81.95
2005-DWQZJ,No,Female,Two year,Mailed check,19.05
2007-QVGAW,No,Female,Two year,Bank transfer (automatic),19.35
2011-TRQYE,Yes,Male,Month-to-month,Credit card (automatic),33.5
2012-NWRPA,Yes,Female,Month-to-month,Electronic check,99.55
2013-SGDXK,Yes,Female,Month-to-month,Electronic check,84.3
2014-MKGMH,No,Female,One year,Electronic check,101.1
2017-CCBLH,No,Female,Two year,Mailed check,20.0
2018-PZKMU,No,Male,Month-to-month,Electronic check,103.1
2018-QKYGT,No,Male,Month-to-month,Electronic check,81.05
2019-HDCZY,No,Male,Two year,Electronic check,102.6
2023-VQFDL,No,Male,Month-to-month,Electronic check,19.0
2024-BASKD,Yes,Female,Month-to-month,Mailed check,74.6
2025-JKFWI,Yes,Male,Month-to-month,Mailed check,99.0
2026-TGDHM,Yes,Female,Month-to-month,Electronic check,79.3
2027-CWDNU,No,Male,Month-to-month,Electronic check,85.6
2027-DNKIV,No,Male,One year,Mailed check,58.75
2027-FECZV,Yes,Male,Month-to-month,Electronic check,106.7
2027-OAQQC,Yes,Female,Month-to-month,Bank transfer (automatic),49.05
2027-WKXMW,No,Female,Month-to-month,Electronic check,108.75
2030-BTZRO,No,Male,Two year,Credit card (automatic),20.4
2034-CGRHZ,Yes,Male,Month-to-month,Credit card (automatic),102.95
2034-GDRCN,Yes,Female,Month-to-month,Electronic check,90.4
2037-SGXHH,Yes,Male,Month-to-month,Electronic check,94.65
2037-XJFUP,Yes,Male,One year,Electronic check,95.8
2038-LLMLM,No,Female,Month-to-month,Electronic check,103.85
2038-OEQZH,No,Male,Month-to-month,Electronic check,86.05
2038-YSEZE,No,Female,Month-to-month,Mailed check,67.45
2039-JONDJ,No,Male,One year,Bank transfer (automatic),55.45
2040-LDIWQ,No,Male,Two year,Bank transfer (automatic),84.2
2040-OBMLJ,No,Male,One year,Credit card (automatic),81.7
2040-VZIKE,No,Female,Month-to-month,Mailed check,100.85
2040-XBAVJ,No,Male,Two year,Bank transfer (automatic),114.45
2041-JIJCI,No,Female,Month-to-month,Electronic check,64.0
2043-WVTQJ,No,Male,Month-to-month,Mailed check,55.7
2045-BMBTJ,No,Female,Month-to-month,Bank transfer (automatic),59.45
2049-BAFNW,No,Female,Month-to-month,Mailed check,35.9
2050-ONYDQ,No,Female,Two year,Credit card (automatic),26.0
2054-PJOCK,No,Female,One year,Credit card (automatic),80.55
2055-BFOCC,No,Male,One year,Bank transfer (automatic),84.0
2055-PDADH,Yes,Female,Month-to-month,Electronic check,70.4
2055-SIFSS,No,Female,Month-to-month,Bank transfer (automatic),51.65
2056-EVGZL,No,Male,One year,Credit card (automatic),105.75
2057-BOYKM,No,Female,Two year,Bank transfer (automatic),96.6
2057-ZBLPD,Yes,Female,Month-to-month,Electronic check,86.5
2058-DCJBE,Yes,Male,Month-to-month,Electronic check,69.75
2061-VVFST,No,Female,Month-to-month,Bank transfer (automatic),19.5
2065-MMKGR,No,Female,One year,Credit card (automatic),71.0
2067-QYTCF,No,Female,Month-to-month,Electronic check,111.15
2068-WWXQZ,No,Male,Two year,Bank transfer (automatic),20.05
2070-FNEXE,Yes,Female,Month-to-month,Bank transfer (automatic),76.45
2070-XYMFH,No,Female,Month-to-month,Mailed check,79.35
2072-ZVJJX,No,Male,Two year,Bank transfer (automatic),25.25
2073-QBVBI,No,Female,One year,Mailed check,35.45
2074-GKOWZ,Yes,Male,Month-to-month,Bank transfer (automatic),89.55
2074-GUHPQ,No,Female,Month-to-month,Credit card (automatic),92.7
2075-PUEPR,No,Male,Two year,Bank transfer (automatic),19.35
2075-RMJIK,No,Female,Month-to-month,Mailed check,49.4
2077-DDHJK,No,Female,Two year,Credit card (automatic),70.9
2077-MPJQO,No,Male,Month-to-month,Electronic check,75.4
2079-FBMZK,Yes,Female,Month-to-month,Mailed check,69.25
2080-CAZNM,No,Female,Month-to-month,Electronic check,104.4
2080-GKCWQ,No,Male,Month-to-month,Electronic check,74.95
2080-SRCDE,No,Female,Month-to-month,Mailed check,25.4
2081-KJSQF,No,Male,Month-to-month,Mailed check,20.25
2081-VEYEH,No,Male,Month-to-month,Electronic check,107.95
2082-CEFLT,Yes,Male,Month-to-month,Electronic check,45.6
2082-OJVTK,Yes,Male,Month-to-month,Electronic check,89.2
2085-BOJKI,No,Male,One year,Bank transfer (automatic),96.65
2085-JVGAD,No,Male,Month-to-month,Bank transfer (automatic),20.35
2087-QAREY,No,Female,Month-to-month,Mailed check,54.7
2088-IEBAU,No,Female,Two year,Electronic check,88.15
2091-GPPIQ,No,Female,Two year,Electronic check,78.95
2091-MJTFX,Yes,Female,Month-to-month,Credit card (automatic),51.2
2091-RFFBA,Yes,Female,Month-to-month,Electronic check,73.9
2096-XOTMO,No,Female,Month-to-month,Mailed check,19.35
2097-YVPKN,No,Male,Two year,Mailed check,25.75
2100-BDNSN,Yes,Female,Month-to-month,Bank transfer (automatic),67.95
2101-RANCD,No,Female,Month-to-month,Electronic check,73.1
2103-ZRXFN,No,Male,Month-to-month,Mailed check,50.75
2105-PHWON,No,Female,Month-to-month,Credit card (automatic),95.0
2107-FBPTK,No,Female,Month-to-month,Electronic check,104.1
2108-GLPQB,No,Male,Month-to-month,Credit card (automatic),55.55
2108-XWMPY,Yes,Male,Month-to-month,Mailed check,35.45
2108-YKQTY,Yes,Female,Month-to-month,Credit card (automatic),50.7
2111-DWYHN,No,Male,Month-to-month,Mailed check,21.1
2114-MGINA,Yes,Female,Month-to-month,Mailed check,89.8
2115-BFTIW,Yes,Male,Month-to-month,Mailed check,70.95
2120-SMPEX,No,Male,Month-to-month,Mailed check,20.15
2121-JAFOM,No,Female,Two year,Credit card (automatic),115.55
2122-SZZZD,No,Male,One year,Credit card (automatic),19.5
2122-YWVYA,No,Female,Month-to-month,Electronic check,75.4
2123-AGEEN,No,Female,Month-to-month,Electronic check,84.35
2123-VSCOT,No,Female,Two year,Bank transfer (automatic),72.1
2126-GSEGL,No,Female,Two year,Bank transfer (automatic),84.8
2129-ALKBS,No,Female,Month-to-month,Electronic check,26.2
2133-TSRRM,No,Female,Month-to-month,Bank transfer (automatic),105.35
2135-DQWAQ,No,Female,Month-to-month,Mailed check,85.3
2135-RXIHG,Yes,Male,Month-to-month,Electronic check,45.65
2137-DQMEV,No,Male,One year,Mailed check,44.8
2138-VFAPZ,No,Female,Two year,Mailed check,19.7
2139-FQHLM,No,Male,Month-to-month,Mailed check,89.95
2141-RRYGO,Yes,Female,Month-to-month,Bank transfer (automatic),68.65
2143-LJULT,No,Female,Two year,Credit card (automatic),25.25
2144-BFDSO,No,Female,Month-to-month,Bank transfer (automatic),108.75
2144-ESWKO,No,Male,One year,Credit card (automatic),35.2
2146-EGVDT,No,Male,Two year,Credit card (automatic),19.3
2150-OEGBV,No,Male,One year,Bank transfer (automatic),20.1
2150-UWTFY,Yes,Female,Month-to-month,Mailed check,61.15
2150-WLKUW,No,Female,One year,Bank transfer (automatic),63.9
2153-MREFK,Yes,Female,One year,Electronic check,99.2
2154-KVJFF,Yes,Female,Month-to-month,Electronic check,79.75
2155-AMQRX,No,Female,Month-to-month,Credit card (automatic),54.9
2157-MXBJS,Yes,Male,One year,Mailed check,75.3
2159-TURXX,No,Male,Month-to-month,Credit card (automatic),20.05
2160-GPFXD,No,Male,Two year,Credit card (automatic),65.65
2162-FRZAA,No,Male,Two year,Bank transfer (automatic),39.35
2164-SOQXL,No,Female,Month-to-month,Mailed check,20.05
2165-VOEGB,Yes,Female,One year,Bank transfer (automatic),105.2
2167-FQSTQ,No,Female,Two year,Electronic check,92.4
2169-RRLFW,No,Female,Two year,Credit card (automatic),25.6
2171-UDMFD,No,Male,Month-to-month,Credit card (automatic),19.45
2172-EJXVF,No,Female,One year,Electronic check,105.9
2176-LVPNX,No,Female,Two year,Mailed check,89.85
2176-OSJUV,No,Male,Two year,Bank transfer (automatic),65.15
2178-PMGCJ,No,Male,Month-to-month,Mailed check,69.7
2180-DXNEG,Yes,Female,Month-to-month,Electronic check,96.0
2181-TIDSV,No,Male,Two year,Bank transfer (automatic),19.95
2181-UAESM,No,Male,Month-to-month,Electronic check,53.45
2183-ZULVZ,,Female,Two year,Credit card (automatic),115.15
2186-QZEYA,No,Female,Month-to-month,Bank transfer (automatic),58.55
2187-LZGPL,Yes,Female,Month-to-month,Credit card (automatic),40.1
2187-PKZAY,No,Male,Month-to-month,Bank transfer (automatic),79.95
2188-SXWVT,No,Female,One year,Mailed check,55.0
2189-UXTKY,Yes,Female,Month-to-month,Electronic check,79.2
2189-WWOEW,Yes,Female,Month-to-month,Bank transfer (automatic),85.9
2190-BCXEC,No,Female,Month-to-month,Credit card (automatic),78.85
2190-PHBHR,No,Female,Two year,Credit card (automatic),94.45
2192-CKRLV,No,Female,Two year,Electronic check,49.2
2192-OZITF,No,Female,Two year,Mailed check,73.55
2193-SFWQW,No,Male,Two year,Bank transfer (automatic),111.95
2194-IIQOF,No,Female,Two year,Credit card (automatic),89.3
2195-VVRJF,No,Male,Month-to-month,Credit card (automatic),59.1
2195-ZRVAX,Yes,Female,Month-to-month,Electronic check,85.3
2197-OMWGI,No,Female,Two year,Electronic check,53.0
2200-DSAAL,No,Female,Two year,Electronic check,80.65
2202-CUYXZ,Yes,Male,Month-to-month,Electronic check,84.85
2202-OUTMO,No,Female,Month-to-month,Bank transfer (automatic),60.85
2203-GHNWN,No,Female,Month-to-month,Mailed check,79.65
2205-LPVGL,No,Male,One year,Bank transfer (automatic),89.85
2205-YMZZJ,Yes,Male,Month-to-month,Electronic check,84.8
2207-NHRJK,Yes,Male,Month-to-month,Electronic check,50.8
2207-OBZNX,Yes,Male,Month-to-month,Mailed check,51.0
2207-QPJED,No,Female,Month-to-month,Electronic check,90.0
2207-RYYRL,No,Male,Two year,Mailed check,24.55
2208-MPXIO,No,Female,Two year,Bank transfer (automatic),20.0
2208-NKVVH,No,Male,Two year,Mailed check,24.25
2208-NQBCT,No,Female,Month-to-month,Electronic check,81.95
2208-UGTGR,No,Male,Month-to-month,Electronic check,98.6
2209-XADXF,No,Female,Month-to-month,Bank transfer (automatic),25.25
2211-RMNHO,No,Female,Two year,Bank transfer (automatic),85.3
2212-LYASK,No,Male,One year,Credit card (automatic),45.85
2215-ZAFGX,No,Male,Month-to-month,Electronic check,85.5
2219-MVUSO,Yes,Male,Month-to-month,Mailed check,45.15
2220-IAHLS,No,Female,Month-to-month,Credit card (automatic),19.4
2223-GDSHL,No,Male,Two year,Bank transfer (automatic),116.05
2223-KAGMX,Yes,Female,Month-to-month,Bank transfer (automatic),19.4
2225-ZRGSG,Yes,Female,Two year,Bank transfer (automatic),93.9
2226-ICFDO,No,Female,Two year,Credit card (automatic),85.9
2227-JRSJX,No,Female,Month-to-month,Bank transfer (automatic),99.15
2228-BZDEE,No,Female,Two year,Mailed check,20.1
2229-DPMBI,No,Female,Two year,Mailed check,19.5
2229-VWQJH,No,Female,Month-to-month,Credit card (automatic),49.3
2230-XTUWL,No,Female,Two year,Mailed check,19.55
2232-DMLXU,Yes,Female,Month-to-month,Mailed check,55.2
2233-FAGXV,No,Female,Month-to-month,Mailed check,24.3
2233-TXSIU,No,Male,One year,Credit card (automatic),44.45
2234-EOFPT,No,Male,Two year,Bank transfer (automatic),79.35
2234-XADUH,No,Female,One year,Credit card (automatic),103.2
2235-DWLJU,No,Female,Month-to-month,Electronic check,44.4
2235-EZAIK,No,Female,Two year,Credit card (automatic),79.2
2235-ZGKPT,Yes,Female,Month-to-month,Mailed check,50.85
2236-HILPA,No,Male,Two year,Credit card (automatic),20.65
2237-ZFSMY,Yes,Female,One year,Electronic check,95.55
2239-CFOUJ,No,Male,One year,Mailed check,20.4
2239-CGBUZ,No,Female,One year,Bank transfer (automatic),60.5
2239-JALAW,Yes,Male,One year,Bank transfer (automatic),103.25
2240-HSJQD,No,Male,Month-to-month,Mailed check,81.85
2242-MFOTG,No,Male,One year,Bank transfer (automatic),80.1
2243-FNMMI,No,Male,Month-to-month,Mailed check,19.4
2245-ADZFJ,No,Female,Two year,Bank transfer (automatic),80.55
2249-YPRNG,Yes,Female,Month-to-month,Bank transfer (automatic),105.85
2250-IVBWA,No,Male,Month-to-month,Electronic check,81.05
2251-PYLPB,No,Male,Two year,Credit card (automatic),79.55
2252-ISRNH,No,Male,One year,Electronic check,90.35
2252-JHJGE,No,Male,One year,Electronic check,104.0
2252-NKNSI,No,Male,Two year,Mailed check,85.15
2253-KPMNB,No,Female,Two year,Bank transfer (automatic),46.25
2254-DLXRI,No,Female,Month-to-month,Mailed check,79.15
2256-YLYLP,No,Male,Two year,Bank transfer (automatic),72.95
2257-BOVXD,No,Male,Month-to-month,Credit card (automatic),66.6
2259-OUUSZ,No,Male,One year,Credit card (automatic),35.5
2260-USTRB,Yes,Female,Month-to-month,Bank transfer (automatic),70.2
2262-SLNVK,No,Female,Month-to-month,Electronic check,70.1
2263-SFSQZ,No,Male,Two year,Mailed check,24.95
2265-CYWIV,Yes,Female,Month-to-month,Electronic check,99.6
2266-FUBDZ,No,Male,Two year,Mailed check,19.35
2266-SJNAT,No,Female,One year,Credit card (automatic),109.15
2267-FPIMA,No,Male,Month-to-month,Credit card (automatic),94.4
2267-WTPYD,No,Female,Month-to-month,Credit card (automatic),94.0
2270-CHBFN,No,Female,Month-to-month,Credit card (automatic),95.1
2272-JKMSI,No,Female,One year,Electronic check,110.8
2272-QAGFO,Yes,Female,Month-to-month,Electronic check,74.3
2272-UOINI,No,Female,Month-to-month,Electronic check,78.5
2272-WUSPA,No,Female,Two year,Electronic check,110.75
2273-QCKXA,No,Male,Month-to-month,Mailed check,49.05
2274-XUATA,No,Male,Two year,Bank transfer (automatic),63.1
2275-RBYQS,No,Female,Month-to-month,Mailed check,45.4
2276-YDAVZ,Yes,Female,Month-to-month,Credit card (automatic),75.1
2277-AXSDC,No,Female,One year,Bank transfer (automatic),19.75
2277-BKJKN,No,Female,Two year,Electronic check,99.2
2277-DJJDL,No,Male,Month-to-month,Electronic check,99.0
2277-VWCNI,No,Female,Month-to-month,Mailed check,48.75
2279-AXJJK,No,Male,Month-to-month,Credit card (automatic),95.65
2282-YGNOR,No,Female,One year,Credit card (automatic),58.0
2284-VFLKH,No,Male,One year,Credit card (automatic),99.25
2292-XQWSV,No,Male,One year,Mailed check,60.3
2293-IJWPS,No,Female,One year,Credit card (automatic),100.75
2294-DMMUS,No,Female,Month-to-month,Credit card (automatic),70.45
2294-SALNE,No,Male,One year,Mailed check,86.8
2296-DKZFP,No,Female,Two year,Bank transfer (automatic),71.0
2300-RQGOI,No,Female,Two year,Mailed check,20.05
2302-ANTDP,Yes,Female,Month-to-month,Electronic check,117.45
2302-OUZXB,No,Male,Two year,Bank transfer (automatic),82.15
2303-PJYHN,No,Female,Month-to-month,Bank transfer (automatic),19.85
2305-MRGLV,No,Male,Month-to-month,Bank transfer (automatic),76.55
2307-FYNNL,No,Male,Two year,Electronic check,109.05
2308-STERM,No,Female,Month-to-month,Mailed check,19.4
2309-OSFEU,Yes,Male,Month-to-month,Mailed check,33.9
2311-QYMUQ,Yes,Female,Month-to-month,Credit card (automatic),89.45
2314-TNDJQ,No,Female,Two year,Credit card (automatic),55.65
2316-ESMLS,No,Female,One year,Credit card (automatic),33.15
2320-JRSDE,Yes,Female,Month-to-month,Electronic check,19.9
2320-SLKMB,No,Female,Month-to-month,Credit card (automatic),44.45
2320-TZRRH,No,Female,One year,Mailed check,19.5
2320-YKQBO,No,Female,Month-to-month,Mailed check,19.3
2321-OMBXY,Yes,Female,One year,Credit card (automatic),80.3
2322-VCZHZ,No,Male,Month-to-month,Electronic check,90.0
2323-ARSVR,No,Male,Two year,Electronic check,111.05
2324-AALNO,No,Female,One year,Bank transfer (automatic),24.55
2324-EFHVG,No,Male,Two year,Bank transfer (automatic),104.4
2325-NBPZG,No,Female,Month-to-month,Electronic check,74.55
2325-WINES,No,Female,One year,Credit card (automatic),104.05
2325-ZUSFD,Yes,Female,One year,Bank transfer (automatic),70.1
2330-PQGDQ,No,Male,One year,Bank transfer (automatic),84.2
2332-EFBJY,Yes,Male,Month-to-month,Mailed check,19.7
2332-TODQS,No,Female,One year,Credit card (automatic),25.05
2333-KWEWW,No,Male,Two year,Credit card (automatic),20.05
2335-GSODA,No,Male,Two year,Mailed check,40.1
2338-BQEZT,No,Female,Month-to-month,Credit card (automatic),50.55
2342-CKIAO,No,Female,Month-to-month,Mailed check,20.3
2344-JMOGN,Yes,Male,Month-to-month,Mailed check,94.85
2346-CZYIL,No,Male,Two year,Credit card (automatic),20.35
2346-DJQTB,No,Female,Month-to-month,Electronic check,24.15
2346-LOCWC,No,Female,Two year,Credit card (automatic),20.5
2347-WKKAE,No,Male,Month-to-month,Electronic check,94.4
2348-KCJLT,No,Female,One year,Mailed check,61.5
2351-BKRZW,No,Female,Two year,Bank transfer (automatic),75.2
2351-RRBUE,No,Female,One year,Mailed check,20.65
2353-VPYNS,,Male,Month-to-month,Electronic check,73.65
2357-COQEK,Yes,Female,Month-to-month,Electronic check,103.3
2359-KLTEK,No,Female,Month-to-month,Bank transfer (automatic),94.9
2359-KMGLI,Yes,Male,Month-to-month,Electronic check,80.25
2359-QWQUL,Yes,Female,One year,Credit card (automatic),104.7
2360-RDGRO,No,Male,Month-to-month,Electronic check,104.25
2361-FJWNO,No,Male,One year,Credit card (automatic),36.0
2361-UPSND,No,Female,One year,Mailed check,70.6
2362-IBOOY,Yes,Male,Month-to-month,Electronic check,84.75
2363-BJLSL,No,Male,Month-to-month,Bank transfer (automatic),80.4
2364-UFROM,No,Male,One year,Electronic check,70.4
2368-GAKKQ,No,Female,Two year,Bank transfer (automatic),113.65
2369-FEVNO,No,Male,Month-to-month,Mailed check,19.9
2369-UAPKZ,Yes,Male,Month-to-month,Mailed check,104.1
2371-JQHZZ,No,Male,Month-to-month,Electronic check,93.0
2371-JUNGC,No,Male,Month-to-month,Mailed check,20.25
2371-KFUOG,No,Male,One year,Bank transfer (automatic),99.15
2372-HWUHI,Yes,Male,Month-to-month,Electronic check,44.35
2373-NTKOD,No,Male,Month-to-month,Electronic check,66.25
2378-HTWFW,No,Male,Month-to-month,Credit card (automatic),91.0
2378-VTKDH,No,Male,Month-to-month,Electronic check,104.35
2378-YIZKA,No,Female,Two year,Credit card (automatic),85.0
2379-ENZGV,Yes,Male,Month-to-month,Electronic check,84.85
2379-GYFLQ,No,Male,One year,Credit card (automatic),94.9
2380-DAMQP,No,Female,Two year,Electronic check,115.15
2382-BCKQJ,Yes,Female,One year,Electronic check,100.15
2384-OVPSA,No,Female,Two year,Mailed check,20.2
2386-LAHRK,Yes,Male,Month-to-month,Mailed check,53.5
2386-OWURY,No,Female,Month-to-month,Electronic check,95.3
2387-KDZQY,No,Male,One year,Mailed check,20.1
2388-LAESQ,No,Female,Two year,Bank transfer (automatic),114.85
2391-IPLOP,No,Male,One year,Electronic check,69.65
2391-SOORI,Yes,Male,Month-to-month,Electronic check,49.35
2393-DIVAI,No,Female,Month-to-month,Mailed check,20.0
2397-BRLOM,Yes,Male,Month-to-month,Credit card (automatic),80.45
2398-YPMUR,Yes,Female,Month-to-month,Electronic check,70.15
2400-FEQME,No,Male,Two year,Mailed check,20.5
2400-XIWIO,No,Female,Two year,Electronic check,90.1
2402-TAIRZ,No,Female,One year,Electronic check,80.05
2403-BCASL,Yes,Male,One year,Electronic check,111.95
2404-JIBFC,No,Female,Two year,Bank transfer (automatic),85.1
2405-LBMUW,No,Female,One year,Bank transfer (automatic),50.7
2408-PSJVE,No,Male,Month-to-month,Mailed check,61.9
2408-TZMJL,Yes,Male,One year,Electronic check,110.15
2408-WITXK,Yes,Female,Month-to-month,Electronic check,34.7
2410-CIYFZ,No,Male,Month-to-month,Mailed check,20.4
2418-TPEUN,No,Female,Two year,Credit card (automatic),19.8
2419-FSORS,No,Male,Two year,Electronic check,108.4
2424-GXJQO,,Female,Month-to-month,Electronic check,57.55
2424-WVHPL,No,Male,Month-to-month,Electronic check,74.7
2428-HYUNX,No,Male,Two year,Credit card (automatic),19.35
2428-ZMCTB,No,Male,Month-to-month,Credit card (automatic),19.75
2429-AYKKO,No,Male,Two year,Bank transfer (automatic),19.85
2430-RRYUW,No,Male,One year,Mailed check,54.8
2430-USGXP,Yes,Male,Month-to-month,Electronic check,101.05
2432-TFSMK,No,Male,One year,Credit card (automatic),89.6
2433-KMEAS,Yes,Male,Month-to-month,Electronic check,54.45
2434-EEVDB,No,Female,Two year,Credit card (automatic),94.6
2436-QBZFP,No,Female,Month-to-month,Electronic check,39.2
2439-LYPMQ,No,Male,Month-to-month,Electronic check,102.6
2439-QKJUL,No,Male,Month-to-month,Mailed check,20.25
2446-BEGGB,Yes,Female,Month-to-month,Electronic check,98.25
2446-PLQVO,Yes,Male,Month-to-month,Electronic check,70.3
2446-ZKVAF,No,Male,Month-to-month,Credit card (automatic),56.8
2450-ZKEED,No,Female,One year,Bank transfer (automatic),53.8
2451-YMUXS,No,Male,Two year,Bank transfer (automatic),64.55
2452-KDRRH,No,Male,Month-to-month,Credit card (automatic),101.4
2452-MRMZF,No,Female,Two year,Credit card (automatic),25.7
2452-SNHFZ,No,Female,Month-to-month,Credit card (automatic),75.45
2453-SAFNS,No,Female,One year,Mailed check,72.1
2454-RPBRZ,Yes,Female,Month-to-month,Electronic check,98.1
2455-USLMV,No,Female,Month-to-month,Credit card (automatic),84.75
2458-EOMRE,No,Female,Month-to-month,Bank transfer (automatic),64.05
2460-FPSYH,Yes,Female,Month-to-month,Electronic check,55.8
2460-NGXBJ,No,Male,Month-to-month,Credit card (automatic),75.2
2462-XIIJB,Yes,Male,Month-to-month,Electronic check,92.5
2465-BLLEU,No,Male,Month-to-month,Mailed check,19.75
2466-FCCPT,No,Female,One year,Bank transfer (automatic),19.7
2466-NEJOJ,No,Male,Month-to-month,Credit card (automatic),19.65
2468-SJFLM,No,Male,Month-to-month,Mailed check,74.3
2469-DTSGX,No,Female,Two year,Electronic check,111.65
2472-OVKUP,Yes,Male,Month-to-month,Electronic check,91.0
2474-BRUCM,Yes,Male,Month-to-month,Electronic check,101.85
2474-LCNUE,No,Female,Month-to-month,Credit card (automatic),73.65
2475-MROZF,No,Male,Month-to-month,Credit card (automatic),95.0
2476-YGEFM,No,Female,Month-to-month,Credit card (automatic),76.0
2478-EEWWM,No,Male,Month-to-month,Electronic check,44.3
2479-BRAMR,Yes,Male,Month-to-month,Bank transfer (automatic),83.75
2480-EJWYP,No,Female,One year,Bank transfer (automatic),97.8
2480-JZOSN,No,Female,Month-to-month,Mailed check,20.65
2480-SQIOB,No,Male,Month-to-month,Electronic check,44.8
2481-SBOYW,No,Female,Two year,Credit card (automatic),25.0
2482-CZGBB,Yes,Male,Month-to-month,Electronic check,70.0
2483-XSSMZ,No,Female,One year,Electronic check,47.85
2484-DGXPZ,Yes,Female,Month-to-month,Mailed check,19.55
2485-ITVKB,Yes,Female,Month-to-month,Electronic check,35.1
2486-WYVVE,No,Male,One year,Mailed check,79.3
2495-INZWQ,Yes,Male,Month-to-month,Electronic check,44.55
2495-KZNFB,No,Female,Month-to-month,Electronic check,90.65
2495-TTHBQ,No,Female,One year,Mailed check,20.4
2498-XLDZR,No,Female,Two year,Mailed check,73.6
2499-AJYUA,No,Female,Two year,Credit card (automatic),110.8
2501-XWWTZ,No,Male,Month-to-month,Electronic check,70.2
2504-DSHIH,No,Male,Month-to-month,Electronic check,86.8
2506-CLAKW,Yes,Female,Month-to-month,Bank transfer (automatic),98.15
2506-TNFCO,Yes,Female,Month-to-month,Electronic check,69.55
2507-QZPQS,No,Male,Month-to-month,Electronic check,95.7
2508-QJJFP,,Male,One year,Credit card (automatic),20.55
2509-TFPJU,No,Male,Two year,Credit card (automatic),25.75
2511-ALLCS,No,Female,Two year,Bank transfer (automatic),24.3
2511-MORQY,No,Male,One year,Bank transfer (automatic),54.9
2514-GINMM,Yes,Male,Month-to-month,Electronic check,79.5
2516-VQRRV,Yes,Female,Month-to-month,Mailed check,75.45
2516-XSJKX,No,Female,Two year,Electronic check,78.45
2519-ERQOJ,No,Male,Month-to-month,Electronic check,54.6
2519-FAKOD,Yes,Male,Month-to-month,Bank transfer (automatic),99.25
2519-LBNQL,No,Male,One year,Electronic check,104.35
2519-TWKFS,No,Male,One year,Mailed check,55.1
2520-SGTTA,No,Female,Two year,Mailed check,20.0
2521-NPUZR,No,Male,Two year,Credit card (automatic),101.0
2522-AHJXR,No,Male,Month-to-month,Bank transfer (automatic),109.45
2522-WLNSF,No,Female,One year,Bank transfer (automatic),64.2
2523-EWWZL,No,Female,Month-to-month,Electronic check,76.1
2525-GVKQU,No,Female,Two year,Mailed check,20.6
2528-HFYZX,Yes,Male,Month-to-month,Electronic check,76.45
2530-ENDWQ,Yes,Female,Two year,Bank transfer (automatic),93.7
2530-FMFXO,No,Male,Two year,Electronic check,103.2
2533-QVMSK,Yes,Male,Two year,Electronic check,94.1
2533-TIBIX,No,Male,Month-to-month,Bank transfer (automatic),30.2
2535-PBCGC,No,Female,Two year,Bank transfer (automatic),64.55
2538-OIMXF,No,Female,Month-to-month,Mailed check,24.7
2541-YGPKE,No,Male,One year,Credit card (automatic),63.7
2542-HYGIQ,No,Female,Month-to-month,Credit card (automatic),19.95
2545-EBUPK,No,Female,Month-to-month,Electronic check,84.05
2545-LXYVJ,No,Male,Two year,Bank transfer (automatic),20.7
2546-KZAAT,No,Male,One year,Mailed check,75.4
2550-AEVRU,No,Female,One year,Electronic check,53.45
2550-QHZGP,No,Male,One year,Mailed check,19.5
2550-ZQZPP,,Male,Month-to-month,Electronic check,75.4
2558-BUOZZ,No,Male,One year,Bank transfer (automatic),94.8
2560-PPCHE,No,Female,One year,Bank transfer (automatic),105.05
2560-QTSBS,No,Female,One year,Bank transfer (automatic),23.3
2560-WBWXF,No,Male,Two year,Bank transfer (automatic),24.15
2565-JSLRY,Yes,Male,Month-to-month,Mailed check,24.05
2568-BRGYX,Yes,Male,Month-to-month,Electronic check,70.2
2568-OIADY,Yes,Female,Month-to-month,Electronic check,99.5
2569-WGERO,No,Female,Two year,Bank transfer (automatic),21.15
2573-GYRUU,No,Male,Month-to-month,Credit card (automatic),91.05
2575-EAMDV,,Female,One year,Electronic check,99.25
2575-GFSOE,Yes,Female,Month-to-month,Electronic check,69.0
2576-HXMPA,No,Female,Month-to-month,Credit card (automatic),19.55
2577-GVSIL,No,Male,One year,Bank transfer (automatic),73.45
2578-JQPHZ,No,Male,Two year,Bank transfer (automatic),100.1
2580-ASVVY,No,Female,Two year,Electronic check,45.4
2580-ATZSQ,No,Female,One year,Bank transfer (automatic),61.35
2581-VKIRT,No,Female,One year,Mailed check,65.5
2582-FFFZR,No,Female,Month-to-month,Electronic check,50.6
2585-KTFRE,No,Male,Month-to-month,Bank transfer (automatic),70.45
2586-CWXVV,No,Male,Month-to-month,Electronic check,30.4
2587-EKXTS,No,Male,Month-to-month,Electronic check,111.5
2587-YNLES,No,Female,Two year,Mailed check,20.1
2589-AYCRP,No,Female,One year,Bank transfer (automatic),19.75
2592-HODOV,No,Male,One year,Credit card (automatic),19.3
2592-SEIFQ,Yes,Male,Month-to-month,Electronic check,24.75
2592-YKDIF,No,Female,Month-to-month,Mailed check,20.35
2595-KIWPV,No,Male,Two year,Credit card (automatic),19.7
2599-CIPQE,No,Male,Two year,Credit card (automatic),109.3
2599-CZABP,No,Male,One year,Electronic check,44.6
2599-GTQWQ,,Male,Month-to-month,Bank transfer (automatic),95.65
2603-HVKCG,No,Male,Month-to-month,Electronic check,101.4
2604-IJPDU,No,Female,Month-to-month,Electronic check,96.55
2604-XVDAM,No,Female,Month-to-month,Bank transfer (automatic),43.8
2606-PKWJB,No,Male,One year,Mailed check,40.25
2606-RMDHZ,Yes,Male,Month-to-month,Credit card (automatic),30.5
2607-DHDAK,No,Male,Two year,Credit card (automatic),19.8
2607-FBDFF,No,Male,Month-to-month,Credit card (automatic),49.0
2608-BHKFN,Yes,Female,Month-to-month,Credit card (automatic),70.05
2609-IAICY,Yes,Female,Month-to-month,Electronic check,77.15
2612-PHGOX,No,Male,Two year,Bank transfer (automatic),76.1
2612-RANWT,Yes,Female,Month-to-month,Bank transfer (automatic),100.15
2612-RRIDN,Yes,Male,Month-to-month,Electronic check,81.0
2615-YVMYX,No,Male,Month-to-month,Electronic check,107.5
2616-FLVQC,No,Male,Two year,Mailed check,19.55
2616-UUTFK,No,Male,Month-to-month,Bank transfer (automatic),72.75
2619-WFQWU,Yes,Female,Month-to-month,Mailed check,70.15
2621-UDNLU,No,Female,Month-to-month,Mailed check,20.85
2623-DRYAM,No,Female,One year,Electronic check,101.75
2625-TRCZQ,No,Female,Month-to-month,Electronic check,49.65
2626-URJFX,Yes,Male,Month-to-month,Electronic check,50.9
2626-VEEWG,No,Male,Two year,Credit card (automatic),19.4
2632-IVXVF,No,Female,Two year,Credit card (automatic),111.75
2632-TACXW,No,Female,Two year,Bank transfer (automatic),23.65
2632-UCGVD,Yes,Male,Month-to-month,Credit card (automatic),100.05
2634-HCZGT,Yes,Male,One year,Electronic check,60.05
2636-ALXXZ,Yes,Female,Month-to-month,Electronic check,69.6
2636-OHFMN,Yes,Male,Month-to-month,Electronic check,48.55
2636-SJDOU,No,Male,One year,Credit card (automatic),84.3
2637-FKFSY,No,Female,Month-to-month,Mailed check,46.1
2639-UGMAZ,No,Male,One year,Electronic check,56.45
2640-LYMOV,No,Male,Month-to-month,Mailed check,19.65
2640-PMGFL,Yes,Male,Month-to-month,Electronic check,79.5
2642-DTVCO,Yes,Male,Month-to-month,Electronic check,85.05
2642-MAWLJ,No,Female,Two year,Bank transfer (automatic),20.25
2642-NQSNM,,Female,One year,Bank transfer (automatic),54.25
2645-QTLMB,Yes,Male,Month-to-month,Electronic check,94.25
2649-HWLYB,No,Male,Two year,Bank transfer (automatic),76.15
2650-GYRYL,No,Male,One year,Bank transfer (automatic),19.45
2651-ZCBXV,No,Male,Two year,Credit card (automatic),108.0
2654-VBVPB,No,Female,Month-to-month,Bank transfer (automatic),19.9
2656-FMOKZ,Yes,Female,Month-to-month,Mailed check,74.45
2656-TABEH,Yes,Male,Month-to-month,Electronic check,100.2
2657-ALMWY,Yes,Female,Month-to-month,Electronic check,84.95
2657-VPXTA,No,Female,Month-to-month,Electronic check,88.85
2659-VXMWZ,Yes,Male,One year,Electronic check,111.3
2660-EMUBI,Yes,Male,Month-to-month,Electronic check,95.35
2661-GKBTK,No,Male,Two year,Bank transfer (automatic),76.95
2662-NNTDK,No,Male,One year,Credit card (automatic),24.8
2664-XJZNO,No,Male,Two year,Credit card (automatic),104.9
2665-NPTGL,No,Female,Month-to-month,Bank transfer (automatic),98.1
2667-WYLWJ,Yes,Female,One year,Mailed check,19.75
2668-TZSPS,No,Male,Month-to-month,Mailed check,20.45
2669-OIDSD,No,Female,Month-to-month,Credit card (automatic),100.05
2669-QVCRG,No,Female,Month-to-month,Credit card (automatic),81.3
2672-DZUOY,Yes,Male,Month-to-month,Electronic check,25.15
2672-HUYVI,Yes,Female,Month-to-month,Electronic check,91.1
2672-OJQZP,No,Female,Month-to-month,Mailed check,44.75
2672-SXZJB,,Female,Two year,Credit card (automatic),19.8
2672-TGEFF,No,Female,Month-to-month,Electronic check,88.8
2673-CXQEU,No,Female,One year,Electronic check,110.5
2673-ZALNP,No,Female,One year,Mailed check,19.9
2674-MIAHT,No,Female,Month-to-month,Mailed check,80.3
2674-MLXMN,No,Female,Month-to-month,Credit card (automatic),99.65
2675-DHUTR,No,Male,Month-to-month,Electronic check,98.9
2675-IJRGJ,No,Male,Two year,Bank transfer (automatic),19.65
2675-OTVVJ,No,Male,Month-to-month,Electronic check,89.45
2676-ISHSF,No,Male,Month-to-month,Mailed check,20.3
2676-OXPPQ,No,Male,Month-to-month,Bank transfer (automatic),55.7
2676-SSLTO,No,Male,Two year,Bank transfer (automatic),66.15
2680-XKKNJ,No,Female,One year,Bank transfer (automatic),58.2
2682-KEVRP,No,Female,One year,Mailed check,20.05
2683-BPJSO,Yes,Male,Month-to-month,Electronic check,84.45
2683-JXWQQ,No,Male,Month-to-month,Bank transfer (automatic),33.6
2684-EIWEO,Yes,Female,Month-to-month,Credit card (automatic),91.7
2685-SREOM,Yes,Female,Month-to-month,Electronic check,89.1
2688-BHGOG,No,Male,Month-to-month,Electronic check,79.55
2690-DVRVK,No,Male,One year,Electronic check,20.55
2691-NZETQ,Yes,Male,Month-to-month,Electronic check,85.35
2692-AQCPF,No,Female,One year,Credit card (automatic),108.05
2692-BUCFV,No,Male,Month-to-month,Bank transfer (automatic),101.45
2692-PFYTJ,No,Female,Month-to-month,Mailed check,25.75
2694-CIUMO,No,Female,Month-to-month,Credit card (automatic),79.55
2696-ECXKC,No,Female,One year,Mailed check,100.9
2696-NARTR,Yes,Male,Month-to-month,Electronic check,73.85
2696-RZVZW,No,Male,Two year,Credit card (automatic),25.05
2697-NQBPF,No,Male,Month-to-month,Electronic check,105.35
2700-LUEVA,No,Male,Month-to-month,Credit card (automatic),20.75
2703-AMTUL,No,Male,One year,Mailed check,53.65
2706-QZIHY,No,Female,Two year,Mailed check,25.2
2709-UQGNP,No,Male,Month-to-month,Mailed check,51.65
2710-WYVXG,No,Female,Two year,Mailed check,71.1
2712-SYWAY,No,Female,Month-to-month,Electronic check,25.7
2716-GFZOR,No,Male,Month-to-month,Credit card (automatic),86.1
2717-HVIZY,No,Female,Month-to-month,Mailed check,20.05
2718-GAXQD,Yes,Female,Month-to-month,Electronic check,46.0
2718-YSKCS,No,Male,Two year,Bank transfer (automatic),19.6
2719-BDAQO,Yes,Male,Month-to-month,Electronic check,93.85
2720-FVBQP,No,Female,Month-to-month,Credit card (automatic),48.95
2720-WGKHP,Yes,Male,Month-to-month,Electronic check,94.0
2722-JMONI,Yes,Female,Month-to-month,Electronic check,49.55
2722-VOJQL,Yes,Male,One year,Credit card (automatic),105.65
2724-FJDYW,No,Male,One year,Bank transfer (automatic),54.85
2725-IWWBA,No,Male,One year,Mailed check,56.9
2725-KXXWT,Yes,Male,Month-to-month,Electronic check,90.75
2725-TTRIQ,No,Female,Two year,Bank transfer (automatic),84.2
2729-VNVAP,No,Female,Two year,Credit card (automatic),19.8
2731-GJRDG,No,Female,One year,Bank transfer (automatic),109.55
2732-ISEZX,No,Female,Month-to-month,Mailed check,20.5
2737-WFVYW,Yes,Female,Month-to-month,Electronic check,45.25
2737-YNGYW,Yes,Female,Month-to-month,Electronic check,80.55
2739-CACDQ,No,Female,Month-to-month,Credit card (automatic),82.65
2739-CCZMB,No,Male,Month-to-month,Credit card (automatic),20.35
2740-JFBOK,No,Male,Month-to-month,Electronic check,24.0
2740-TVLFN,No,Male,Month-to-month,Electronic check,50.15
2746-DIJLO,No,Female,One year,Credit card (automatic),56.3
2748-MYRVK,Yes,Female,One year,Bank transfer (automatic),99.9
2749-CTKAJ,No,Male,One year,Mailed check,20.15
2750-BJLSB,No,Female,One year,Electronic check,103.7
2753-JMMCV,No,Male,Two year,Credit card (automatic),74.2
2754-SDJRD,No,Female,Month-to-month,Credit card (automatic),100.15
2754-VDLTR,Yes,Male,Month-to-month,Electronic check,95.2
2754-XBHTB,Yes,Female,Month-to-month,Bank transfer (automatic),77.65
2758-RNWXS,No,Male,One year,Electronic check,89.2
2761-OCIAX,Yes,Male,Month-to-month,Electronic check,74.7
2761-XECQW,No,Male,Month-to-month,Mailed check,43.35
2770-NSVDG,No,Male,Month-to-month,Electronic check,29.1
2773-MADBQ,No,Female,Two year,Mailed check,53.1
2773-OVBPK,No,Male,Two year,Bank transfer (automatic),111.3
2774-LVQUS,Yes,Female,Month-to-month,Electronic check,83.05
2775-SEFEE,No,Male,Two year,Bank transfer (automatic),61.9
2777-PHDEI,Yes,Female,Month-to-month,Electronic check,78.05
2778-OCLGR,Yes,Male,Month-to-month,Bank transfer (automatic),39.1
2782-JEEBU,No,Male,Month-to-month,Mailed check,36.0
2782-LFZVW,No,Female,Month-to-month,Mailed check,58.95
2786-GCDPI,No,Female,Month-to-month,Electronic check,104.95
2788-CJQAQ,No,Male,One year,Mailed check,19.45
2789-CZANW,No,Female,Two year,Bank transfer (automatic),110.3
2789-HQBOU,No,Male,Month-to-month,Electronic check,80.35
2790-XUYMV,No,Male,One year,Credit card (automatic),85.45
2791-SFVEW,No,Female,Month-to-month,Bank transfer (automatic),20.15
2792-LSHWX,No,Female,Month-to-month,Mailed check,83.4
2792-VPPET,No,Male,Month-to-month,Electronic check,20.5
2794-XIMMO,Yes,Male,One year,Electronic check,60.45
2796-NNUFI,No,Female,Two year,Mailed check,19.95
2796-UUZZO,No,Male,Month-to-month,Credit card (automatic),80.3
2798-NYLMZ,No,Male,Two year,Credit card (automatic),108.55
2799-ARNLO,No,Female,Month-to-month,Electronic check,69.35
2799-TSLAG,No,Female,Two year,Bank transfer (automatic),25.3
2800-QQUSO,No,Male,Month-to-month,Electronic check,100.3
2800-VEQXM,No,Female,Month-to-month,Mailed check,74.75
2801-NISEI,No,Male,Month-to-month,Electronic check,54.95
2804-ETQDK,No,Male,Two year,Mailed check,20.55
2805-AUFQN,No,Female,Two year,Credit card (automatic),19.8
2805-EDJPQ,No,Female,One year,Credit card (automatic),99.75
2806-MLNTI,No,Male,One year,Bank transfer (automatic),105.1
2808-CHTDM,No,Female,Two year,Mailed check,25.1
2809-ILCYT,No,Female,One year,Mailed check,26.8
2809-ZMYOQ,No,Female,Month-to-month,Electronic check,101.35
2810-FTLEM,Yes,Female,Month-to-month,Electronic check,50.15
2811-POVEX,No,Female,Month-to-month,Bank transfer (automatic),88.45
2812-ENYMO,No,Male,One year,Credit card (automatic),54.55
2812-REYAT,No,Female,One year,Bank transfer (automatic),20.05
2812-SFXMJ,No,Male,Month-to-month,Mailed check,20.05
2815-CPTUL,Yes,Male,Month-to-month,Mailed check,70.25
2817-LVCPP,No,Female,Two year,Credit card (automatic),19.4
2817-NTQDO,Yes,Male,Month-to-month,Credit card (automatic),45.55
2819-GWENI,No,Female,One year,Mailed check,19.9
2821-WARNZ,No,Female,One year,Credit card (automatic),19.45
2823-LKABH,No,Female,Month-to-month,Bank transfer (automatic),95.05
2824-DXNKN,No,Female,Two year,Bank transfer (automatic),71.45
2824-MYYBN,No,Female,Month-to-month,Electronic check,95.25
2826-DXLQO,No,Male,Month-to-month,Bank transfer (automatic),29.8
2826-UWHIS,No,Male,Month-to-month,Bank transfer (automatic),81.4
2828-SLQPF,No,Male,Month-to-month,Bank transfer (automatic),45.0
2829-HYVZP,No,Male,One year,Mailed check,19.8
2830-LEWOA,No,Male,One year,Credit card (automatic),103.9
2831-EBWRN,No,Male,Month-to-month,Electronic check,45.9
2832-KJCRD,No,Female,Month-to-month,Electronic check,103.65
2832-SCUCO,No,Female,Month-to-month,Electronic check,19.9
2833-SLKDQ,Yes,Male,Month-to-month,Mailed check,45.05
2834-JKOOW,No,Female,One year,Mailed check,45.9
2834-JRTUA,Yes,Male,Two year,Electronic check,108.05
2834-SPCJV,Yes,Male,Month-to-month,Electronic check,84.1
2839-RFSQE,Yes,Female,Month-to-month,Mailed check,20.65
2840-XANRC,Yes,Male,Month-to-month,Electronic check,93.15
2842-BCQGE,No,Male,Month-to-month,Credit card (automatic),75.35
2842-JTCCU,Yes,Male,Month-to-month,Bank transfer (automatic),46.05
2843-CQMEG,No,Male,Month-to-month,Mailed check,49.7
2845-AFFTX,Yes,Male,Month-to-month,Electronic check,99.8
2845-HSJCY,Yes,Female,Month-to-month,Electronic check,87.25
2845-KDHVX,No,Female,Two year,Mailed check,68.3
2848-YXSMW,No,Male,Two year,Credit card (automatic),19.4
2851-MMUTZ,No,Female,Month-to-month,Mailed check,56.15
2851-STERV,No,Male,One year,Electronic check,73.0
2853-CWQFQ,No,Male,Month-to-month,Mailed check,59.55
2855-QOWGP,,Male,One year,Electronic check,103.8
2856-HYAPG,Yes,Female,Month-to-month,Electronic check,68.65
2856-NNASM,Yes,Male,Month-to-month,Mailed check,89.55
2858-EIMXH,No,Female,One year,Credit card (automatic),95.85
2858-MOFSQ,Yes,Female,One year,Mailed check,55.85
2860-RANUS,Yes,Female,Month-to-month,Credit card (automatic),85.8
2862-JVEOY,No,Male,One year,Mailed check,19.15
2862-PFNIK,No,Male,Month-to-month,Electronic check,24.7
2863-IMQDR,No,Female,Two year,Electronic check,89.65
2865-TCHJW,Yes,Female,Month-to-month,Electronic check,89.2
2866-IKBTM,No,Female,Month-to-month,Mailed check,19.55
2867-UIMSS,Yes,Male,Month-to-month,Electronic check,80.5
2868-LLSKM,No,Female,One year,Bank transfer (automatic),83.65
2868-MZAGQ,Yes,Male,Month-to-month,Electronic check,79.25
2868-SNELZ,Yes,Female,Month-to-month,Mailed check,80.6
2869-ADAWR,Yes,Female,Month-to-month,Credit card (automatic),89.3
2873-ZLIWT,Yes,Female,Month-to-month,Electronic check,84.85
2874-YXVVA,No,Female,Month-to-month,Electronic check,105.1
2876-GZYZC,No,Female,Month-to-month,Electronic check,85.95
2876-VBBBL,Yes,Female,Month-to-month,Mailed check,20.25
2877-VDUER,No,Female,One year,Mailed check,40.9
2878-DHMIN,No,Male,One year,Electronic check,19.9
2878-RMWXY,No,Male,Two year,Credit card (automatic),102.65
2880-FPNAE,No,Male,Month-to-month,Electronic check,74.2
2882-DDZPG,No,Female,Month-to-month,Bank transfer (automatic),19.45
2882-WDTBA,No,Male,Two year,Bank transfer (automatic),75.75
2883-ILGWO,No,Male,Month-to-month,Bank transfer (automatic),104.9
2884-GBPFB,Yes,Female,Month-to-month,Electronic check,70.3
2885-HIJDH,No,Male,Two year,Bank transfer (automatic),86.9
2886-KEFUM,Yes,Female,One year,Electronic check,107.5
2887-JPYLU,No,Female,Month-to-month,Bank transfer (automatic),45.2
2888-ADFAO,No,Female,Two year,Bank transfer (automatic),21.3
2889-FPWRM,Yes,Male,One year,Bank transfer (automatic),117.8
2890-WFBHU,No,Female,One year,Credit card (automatic),79.85
2892-GESUL,No,Female,Two year,Mailed check,19.35
2894-QOJRX,Yes,Female,Month-to-month,Bank transfer (automatic),34.0
2896-TBNBE,No,Male,One year,Electronic check,80.8
2897-DOVND,No,Male,Month-to-month,Electronic check,69.8
2898-LSJGD,Yes,Female,One year,Electronic check,55.95
2898-MRKPI,No,Male,One year,Credit card (automatic),101.05
2900-PHPLN,No,Female,Two year,Credit card (automatic),19.55
2903-YYTBW,No,Male,Month-to-month,Electronic check,44.55
2904-GGUAZ,No,Female,Two year,Bank transfer (automatic),84.05
2905-KFQUV,No,Female,Month-to-month,Credit card (automatic),70.4
2907-ILJBN,No,Female,One year,Mailed check,20.6
2908-WGAXL,No,Female,Two year,Credit card (automatic),24.95
2908-ZTPNF,No,Female,Month-to-month,Bank transfer (automatic),34.85
2911-IJORQ,No,Male,One year,Bank transfer (automatic),90.6
2911-UREFD,Yes,Female,Month-to-month,Electronic check,55.9
2911-WDXMV,No,Male,Month-to-month,Credit card (automatic),80.55
2916-BQZLN,No,Male,Month-to-month,Electronic check,84.75
2919-HBCJO,Yes,Female,Month-to-month,Bank transfer (automatic),76.65
2920-RNCEZ,No,Male,Month-to-month,Credit card (automatic),69.95
2921-XWDJH,No,Female,Month-to-month,Electronic check,83.45
2923-ARZLG,No,Male,One year,Mailed check,19.7
2924-KHUVI,No,Male,One year,Electronic check,100.55
2925-MXLSX,No,Female,One year,Credit card (automatic),68.95
2925-VDZHY,No,Male,Two year,Credit card (automatic),88.7
2926-JEJJC,No,Female,One year,Bank transfer (automatic),20.2
2927-CVULT,No,Female,Two year,Bank transfer (automatic),104.05
2927-QRRQV,No,Male,One year,Electronic check,94.65
2928-HLDBA,No,Female,Month-to-month,Mailed check,20.7
2929-ERCFZ,Yes,Female,Month-to-month,Electronic check,94.2
2929-QNSRW,Yes,Female,One year,Electronic check,98.25
2930-UOTMB,Yes,Female,Month-to-month,Credit card (automatic),65.25
2931-FSOHN,No,Male,Month-to-month,Electronic check,59.9
2931-SVLTV,No,Male,Month-to-month,Credit card (automatic),110.1
2931-VUVJN,No,Female,One year,Electronic check,94.05
2931-XIQBR,No,Female,One year,Mailed check,103.05
2933-FILNV,Yes,Female,Month-to-month,Mailed check,24.4
2933-XEUJM,No,Female,Two year,Mailed check,79.2
2937-FTHUR,No,Female,Month-to-month,Electronic check,64.8
2946-KIQSP,No,Female,Month-to-month,Mailed check,33.45
2947-DOMLJ,Yes,Male,Month-to-month,Mailed check,50.6
2951-QOQTK,Yes,Male,Month-to-month,Credit card (automatic),80.8
2952-QAYZF,Yes,Male,Month-to-month,Electronic check,85.3
2954-PIBKO,No,Female,Two year,Credit card (automatic),64.15
2955-BJZHG,Yes,Male,Month-to-month,Electronic check,80.85
2955-PSXOE,Yes,Female,Month-to-month,Bank transfer (automatic),20.2
2956-GGUCQ,Yes,Male,Month-to-month,Electronic check,78.85
2956-MHLSX,,Male,Month-to-month,Electronic check,50.8
2957-JIRMN,No,Female,One year,Electronic check,84.45
2957-LOLHO,Yes,Male,Month-to-month,Bank transfer (automatic),45.4
2958-NHPPS,No,Male,Month-to-month,Electronic check,20.85
2959-EEXWB,No,Female,Month-to-month,Bank transfer (automatic),50.9
2959-FENLU,No,Female,Month-to-month,Credit card (automatic),85.3
2959-MJHIC,Yes,Male,Month-to-month,Electronic check,80.35
2960-NKRSO,No,Male,Month-to-month,Electronic check,85.95
2961-VNFKL,No,Female,Two year,Credit card (automatic),25.95
2962-XPMCQ,Yes,Male,Month-to-month,Electronic check,45.15
2967-MXRAV,No,Male,One year,Mailed check,18.8
2968-SSGAA,Yes,Female,Month-to-month,Electronic check,100.6
2969-QWUBZ,No,Female,Month-to-month,Electronic check,51.4
2969-VAPYH,No,Female,One year,Credit card (automatic),60.5
2969-WGHQO,No,Female,One year,Electronic check,69.45
2971-SGAFL,No,Female,Month-to-month,Electronic check,78.75
2972-YDYUW,No,Female,One year,Electronic check,94.7
2974-GGUXS,No,Female,Month-to-month,Credit card (automatic),91.95
2977-CEBSX,No,Female,Two year,Credit card (automatic),90.05
2978-XXSOG,No,Female,Month-to-month,Mailed check,59.05
2979-SXESE,Yes,Female,Month-to-month,Electronic check,94.4
2982-IHMFT,Yes,Female,Month-to-month,Mailed check,74.45
2982-VPSGI,Yes,Female,Month-to-month,Electronic check,94.0
2983-ZANRP,Yes,Female,Month-to-month,Bank transfer (automatic),73.55
2984-AFWNC,No,Female,Month-to-month,Electronic check,95.4
2984-MIIZL,Yes,Male,Month-to-month,Bank transfer (automatic),74.8
2984-RGEYA,No,Female,Two year,Bank transfer (automatic),19.75
2984-TBYKU,No,Male,Two year,Credit card (automatic),104.9
2985-FMWYF,No,Female,Month-to-month,Electronic check,93.5
2985-JUUBZ,No,Male,Month-to-month,Electronic check,74.55
2987-BJXIK,No,Female,Two year,Mailed check,84.7
2988-GBIVW,No,Female,Month-to-month,Electronic check,90.85
2988-PLAHS,No,Female,One year,Electronic check,69.95
2988-QRAJY,No,Male,Two year,Credit card (automatic),110.05
2990-HWIML,Yes,Female,Month-to-month,Electronic check,89.5
2990-IAJSV,No,Male,Two year,Bank transfer (automatic),92.0
2990-OGYTD,No,Female,Two year,Bank transfer (automatic),86.15
2991-OKAXW,,Male,One year,Mailed check,53.95
2995-UPRYS,Yes,Female,One year,Credit card (automatic),99.2
2995-YWTCD,No,Female,Two year,Bank transfer (automatic),24.9
2996-XAUVF,No,Male,Two year,Mailed check,40.05
2999-AANRQ,No,Female,Two year,Credit card (automatic),71.05
3001-CBHLQ,Yes,Male,Month-to-month,Electronic check,104.9
3001-UNBTL,No,Male,Month-to-month,Electronic check,103.95
3002-WQZWT,No,Female,Month-to-month,Electronic check,74.2
3003-CMDUU,No,Female,Month-to-month,Electronic check,95.15
3005-NFMTA,Yes,Male,Month-to-month,Electronic check,98.8
3005-TYFRD,No,Female,Month-to-month,Credit card (automatic),103.65
3006-XIMLN,Yes,Female,Month-to-month,Bank transfer (automatic),94.2
3007-FDPEA,No,Female,Month-to-month,Bank transfer (automatic),20.7
3007-KYUNZ,,Female,Two year,Mailed check,25.6
3009-JWMPU,Yes,Male,One year,Electronic check,96.75
3011-WQKSZ,No,Male,Month-to-month,Electronic check,20.0
3012-OALWM,,Male,Month-to-month,Electronic check,75.6
3012-VFFMN,No,Female,Month-to-month,Mailed check,20.65
3014-WJKSM,No,Male,Month-to-month,Credit card (automatic),75.3
3016-KSVCP,No,Male,Month-to-month,Mailed check,33.75
3018-DZHFE,,Male,Month-to-month,Mailed check,19.55
3018-TFTSU,Yes,Male,Month-to-month,Bank transfer (automatic),81.7
3021-VLNRJ,No,Female,One year,Credit card (automatic),70.8
3022-BEXHZ,No,Male,Two year,Bank transfer (automatic),111.2
3023-GFLBR,Yes,Female,Month-to-month,Credit card (automatic),86.15
3026-ATZYV,No,Female,One year,Bank transfer (automatic),75.1
3027-YNWZU,No,Female,Two year,Credit card (automatic),25.0
3027-ZTDHO,Yes,Male,Month-to-month,Electronic check,89.9
3030-YDNRM,No,Male,Month-to-month,Electronic check,74.85
3030-YZADT,Yes,Male,Month-to-month,Mailed check,44.95
3030-ZKIWL,No,Male,Month-to-month,Mailed check,20.05
3034-ZBEQN,Yes,Female,One year,Mailed check,34.7
3038-PQIUY,No,Female,Month-to-month,Bank transfer (automatic),66.15
3039-MJSLN,No,Male,Month-to-month,Bank transfer (automatic),20.2
3043-SUDUA,No,Female,Month-to-month,Bank transfer (automatic),19.9
3043-TYBNO,No,Male,Month-to-month,Mailed check,60.65
3045-XETSH,Yes,Female,Month-to-month,Electronic check,94.85
3049-NDXFL,Yes,Female,Month-to-month,Mailed check,85.8
3049-SOLAY,Yes,Female,Month-to-month,Electronic check,95.2
3050-GBUSH,No,Female,Month-to-month,Credit card (automatic),34.8
3050-RLLXC,No,Female,Two year,Credit card (automatic),81.25
3055-MJDSB,No,Male,Month-to-month,Mailed check,24.6
3055-OYMSE,No,Female,Month-to-month,Credit card (automatic),73.8
3055-VTCGS,No,Female,One year,Credit card (automatic),58.55
3057-VJJQE,No,Male,Two year,Mailed check,55.25
3058-HJCUY,Yes,Male,One year,Electronic check,102.6
3058-WQDRE,No,Male,Month-to-month,Bank transfer (automatic),25.15
3059-NGMXB,No,Male,Month-to-month,Mailed check,69.2
3061-BCKYI,No,Male,Month-to-month,Mailed check,19.9
3062-ICYZQ,No,Female,Month-to-month,Electronic check,93.8
3063-QFSZL,Yes,Female,Month-to-month,Electronic check,55.4
3066-RRJIO,Yes,Female,Month-to-month,Mailed check,69.95
3067-SVMTC,No,Female,One year,Bank transfer (automatic),55.9
3068-OMWZA,Yes,Male,Month-to-month,Electronic check,88.8
3069-SSVSN,No,Female,One year,Mailed check,25.85
3070-BDOQC,No,Female,Two year,Electronic check,99.65
3070-DVEYC,Yes,Male,Month-to-month,Mailed check,73.75
3070-FNFZQ,No,Female,Two year,Bank transfer (automatic),20.4
3071-MVJCD,No,Male,Two year,Bank transfer (automatic),82.3
3071-VBYPO,No,Male,Month-to-month,Electronic check,89.85
3074-GQWYX,Yes,Male,Month-to-month,Bank transfer (automatic),75.9
3077-RSNTJ,No,Female,Month-to-month,Mailed check,19.7
3078-NDXXG,,Female,Month-to-month,Mailed check,50.15
3078-ZKNTS,No,Female,Two year,Bank transfer (automatic),19.75
3079-BCHLN,No,Male,One year,Bank transfer (automatic),19.9
3082-VQXNH,No,Male,Month-to-month,Credit card (automatic),29.8
3082-WQRVY,No,Male,One year,Mailed check,19.65
3082-YVEKW,No,Female,Two year,Bank transfer (automatic),77.15
3084-DOWLE,No,Female,Two year,Bank transfer (automatic),92.0
3085-QUOZK,Yes,Female,Month-to-month,Mailed check,43.95
3086-RUCRN,No,Female,Month-to-month,Bank transfer (automatic),103.1
3088-FVYWK,No,Male,Two year,Credit card (automatic),25.55
3088-LHEFH,No,Female,Month-to-month,Bank transfer (automatic),79.0
3090-HAWSU,Yes,Male,Two year,Credit card (automatic),111.6
3090-LETTY,No,Male,Month-to-month,Bank transfer (automatic),60.95
3090-QFUVD,No,Female,Month-to-month,Credit card (automatic),20.3
3091-FYHKI,Yes,Male,Month-to-month,Electronic check,35.45
3092-IGHWF,Yes,Male,One year,Electronic check,87.4
3094-JOJAI,No,Male,Month-to-month,Mailed check,74.15
3096-GKWEB,No,Male,Month-to-month,Electronic check,94.75
3096-IZETN,Yes,Female,Month-to-month,Bank transfer (automatic),78.1
3096-JRDSO,Yes,Female,Month-to-month,Bank transfer (automatic),104.3
3096-WPXBT,No,Female,One year,Credit card (automatic),100.7
3096-YXENJ,No,Female,Two year,Bank transfer (automatic),107.65
3097-FQTVJ,No,Female,Two year,Mailed check,20.0
3097-IDVPU,No,Male,Month-to-month,Credit card (automatic),50.1
3097-NNSPB,Yes,Female,Month-to-month,Credit card (automatic),49.05
3097-NQYSN,Yes,Male,Month-to-month,Mailed check,86.85
3097-PYWXL,No,Female,Month-to-month,Electronic check,19.95
3099-OONVS,No,Male,Month-to-month,Electronic check,54.3
3104-OWCGK,Yes,Male,One year,Electronic check,90.95
3106-ULWFW,Yes,Female,Month-to-month,Credit card (automatic),85.2
3108-PCCGG,No,Male,Two year,Credit card (automatic),84.45
3113-IWHLC,No,Male,Month-to-month,Mailed check,55.8
3115-CZMZD,No,Male,Two year,Mailed check,20.25
3115-JPJDD,No,Female,One year,Credit card (automatic),81.25
3118-UHVVQ,No,Female,Two year,Credit card (automatic),25.8
3120-FAZKD,No,Male,Two year,Bank transfer (automatic),24.05
3125-RAHBV,No,Male,One year,Credit card (automatic),20.3
3126-WQMGH,No,Female,Month-to-month,Credit card (automatic),52.15
3128-YOVTD,No,Female,Month-to-month,Bank transfer (automatic),79.15
3129-AAQOU,No,Female,Two year,Mailed check,25.6
3130-ICDUP,No,Female,Month-to-month,Credit card (automatic),80.55
3131-NWVFJ,No,Female,One year,Mailed check,19.55
3132-TVFDZ,Yes,Male,Month-to-month,Electronic check,44.85
3133-PZNSR,No,Male,Two year,Credit card (automatic),97.75
3134-DSHVC,No,Female,Two year,Credit card (automatic),98.0
3134-JCVOE,,Female,Month-to-month,Mailed check,29.2
3137-LUPIX,No,Female,Month-to-month,Mailed check,64.4
3137-NYQQI,No,Male,One year,Mailed check,64.8
3138-BKYAV,Yes,Male,Month-to-month,Electronic check,85.35
3143-ILDAL,Yes,Male,Month-to-month,Electronic check,94.45
3143-JQEGI,Yes,Female,Month-to-month,Electronic check,88.35
3144-AUDBS,Yes,Female,Month-to-month,Electronic check,49.15
3144-KMTWZ,No,Male,Month-to-month,Bank transfer (automatic),93.25
3146-JTQHR,No,Male,One year,Bank transfer (automatic),19.6
3146-MSEGF,No,Female,Two year,Credit card (automatic),88.05
3148-AOIQT,No,Female,Two year,Credit card (automatic),24.95
3148-BLQJT,Yes,Male,Month-to-month,Mailed check,20.1
3154-CFSZG,No,Male,Month-to-month,Electronic check,90.05
3154-HMWUU,No,Male,Two year,Bank transfer (automatic),20.5
3156-QLHBO,No,Male,Month-to-month,Mailed check,19.25
3158-MOERK,Yes,Female,Month-to-month,Electronic check,96.0
3160-TYXLT,No,Male,Month-to-month,Bank transfer (automatic),46.3
3161-GETRM,No,Male,Month-to-month,Credit card (automatic),90.05
3161-ONRWK,No,Male,One year,Bank transfer (automatic),65.85
3161-PJNCN,,Female,Two year,Bank transfer (automatic),20.05
3162-KKZXO,No,Female,One year,Electronic check,100.15
3162-ZJZFU,No,Male,Month-to-month,Electronic check,92.55
3164-AALRN,Yes,Male,One year,Mailed check,70.0
3164-YAXFY,No,Male,Month-to-month,Electronic check,53.75
3165-HDOEW,Yes,Male,Month-to-month,Mailed check,45.85
3166-PNEOF,No,Female,Two year,Credit card (automatic),86.45
3167-SNQPL,No,Male,Month-to-month,Electronic check,101.15
3170-GWYKC,No,Female,Month-to-month,Bank transfer (automatic),104.95
3170-NMYVV,No,Female,Two year,Bank transfer (automatic),20.15
3173-NVMPX,No,Female,Month-to-month,Mailed check,55.3
3173-WSSUE,No,Female,Two year,Credit card (automatic),19.7
3174-AKMAS,No,Female,Two year,Credit card (automatic),64.2
3174-RKMOW,No,Male,Month-to-month,Electronic check,109.95
3177-LASXD,Yes,Female,Month-to-month,Electronic check,71.35
3178-CIFOT,No,Female,One year,Credit card (automatic),19.65
3178-FESZO,Yes,Female,Month-to-month,Credit card (automatic),100.25
3179-GBRWV,No,Male,Month-to-month,Bank transfer (automatic),64.95
3181-MIZBN,No,Male,Month-to-month,Electronic check,19.75
3181-VTHOE,No,Male,One year,Bank transfer (automatic),51.05
3186-AJIEK,No,Male,Two year,Bank transfer (automatic),105.65
3186-BAXNB,Yes,Female,Month-to-month,Electronic check,91.7
3190-FZATL,No,Male,Month-to-month,Mailed check,19.95
3190-ITQXP,No,Female,Two year,Bank transfer (automatic),20.25
3190-XFANI,Yes,Male,One year,Bank transfer (automatic),100.6
3191-CSNMG,No,Female,Month-to-month,Electronic check,80.7
3192-LNKRK,No,Male,Month-to-month,Mailed check,84.05
3192-NQECA,Yes,Male,Two year,Bank transfer (automatic),110.0
3194-ORPIK,Yes,Female,Month-to-month,Bank transfer (automatic),84.4
3195-TQDZX,No,Male,Month-to-month,Electronic check,20.25
3196-NVXLZ,No,Female,Month-to-month,Mailed check,84.6
3197-ARFOY,No,Female,Month-to-month,Mailed check,105.0
3197-NNYNB,No,Male,Two year,Credit card (automatic),105.1
3198-VELRD,Yes,Female,Month-to-month,Bank transfer (automatic),84.75
3199-NPKCN,No,Female,One year,Electronic check,111.25
3199-XGZCY,No,Female,Month-to-month,Electronic check,75.25
3200-MNQTF,No,Male,Two year,Credit card (automatic),70.9
3205-MXZRA,No,Male,One year,Credit card (automatic),59.45
3207-OYBWH,Yes,Male,Month-to-month,Bank transfer (automatic),95.25
3208-YPIOE,Yes,Male,Month-to-month,Electronic check,75.25
3209-ZPKFI,No,Male,Month-to-month,Electronic check,54.25
3211-AAPKX,No,Male,Month-to-month,Mailed check,98.55
3211-ILJTT,Yes,Male,Month-to-month,Bank transfer (automatic),70.4
3212-KXOCR,No,Male,Two year,Bank transfer (automatic),21.0
3213-VVOLG,No,Male,Two year,Mailed check,25.35
3214-IYUUQ,No,Female,One year,Bank transfer (automatic),93.7
3217-FZDMN,Yes,Female,Month-to-month,Credit card (automatic),94.45
3219-JQRSL,No,Female,Two year,Credit card (automatic),89.1
3221-CJMSG,No,Male,Month-to-month,Credit card (automatic),51.1
3223-DWFIO,No,Male,Month-to-month,Electronic check,69.35
3223-WZWJM,Yes,Male,Month-to-month,Electronic check,83.95
3224-DFQNQ,No,Female,One year,Electronic check,89.0
3227-WLKLI,No,Female,Two year,Bank transfer (automatic),91.55
3229-USWAR,No,Female,One year,Bank transfer (automatic),79.95
3230-IUALN,No,Female,Two year,Mailed check,81.0
3230-JCNZS,No,Female,Two year,Credit card (automatic),99.0
3230-WYKIR,Yes,Male,One year,Credit card (automatic),82.0
3234-VKACU,No,Male,Month-to-month,Electronic check,70.3
3235-ETOOB,Yes,Male,Month-to-month,Electronic check,74.5
3237-AJGEH,Yes,Female,Month-to-month,Mailed check,31.0
3239-TPHPZ,No,Female,Two year,Electronic check,20.05
3243-ZHOHY,No,Female,One year,Mailed check,20.1
3244-CQPHU,No,Female,Two year,Bank transfer (automatic),110.1
3244-DCJWY,Yes,Female,Month-to-month,Electronic check,70.25
3247-MHJKM,No,Male,Month-to-month,Mailed check,20.2
3247-ZVOUO,Yes,Male,Month-to-month,Electronic check,85.55
3249-VHRIP,No,Female,Two year,Credit card (automatic),43.6
3249-ZPQRG,Yes,Male,Month-to-month,Electronic check,78.45
3251-YMVWZ,No,Male,One year,Bank transfer (automatic),24.05
3253-HKOKL,No,Female,One year,Electronic check,100.3
3254-YRILK,Yes,Male,Month-to-month,Electronic check,88.2
3255-GRXMG,No,Male,Month-to-month,Credit card (automatic),45.65
3256-EZDBI,No,Male,Month-to-month,Credit card (automatic),29.45
3258-SANFR,No,Male,Month-to-month,Credit card (automatic),44.7
3258-SYSWS,No,Male,Two year,Bank transfer (automatic),113.8
3258-ZKPAI,No,Male,Two year,Bank transfer (automatic),116.6
3259-FDWOY,Yes,Male,Two year,Bank transfer (automatic),106.0
3259-KNMRR,No,Male,Two year,Bank transfer (automatic),79.75
3259-QMXUN,No,Male,Two year,Electronic check,86.1
3261-CQXOL,No,Female,Two year,Bank transfer (automatic),25.45
3262-EIDHV,No,Female,Two year,Credit card (automatic),84.7
3266-FTKHB,No,Male,Two year,Mailed check,19.15
3269-ATYWD,Yes,Male,Month-to-month,Bank transfer (automatic),95.65
3272-VUHPV,No,Female,Month-to-month,Bank transfer (automatic),56.3
3274-NSDWE,No,Female,Two year,Credit card (automatic),19.6
3275-RHRNE,No,Male,One year,Credit card (automatic),60.0
3276-HDUEG,Yes,Female,Month-to-month,Mailed check,75.05
3278-FSIXX,No,Female,Month-to-month,Mailed check,45.25
3279-DYZQM,No,Male,Two year,Mailed check,19.45
3280-MRDOF,No,Male,Two year,Credit card (automatic),69.1
3280-NMUVX,No,Male,One year,Credit card (automatic),19.6
3282-ZISZV,No,Male,One year,Credit card (automatic),83.7
3283-WCWXT,No,Male,Two year,Mailed check,25.4
3284-SVCRO,No,Female,Two year,Mailed check,25.5
3285-UCQVC,Yes,Female,Month-to-month,Credit card (automatic),28.6
3292-PBZEJ,No,Male,Month-to-month,Electronic check,111.4
3295-YVUSR,No,Male,Month-to-month,Mailed check,72.6
3296-SILRA,Yes,Female,Month-to-month,Mailed check,76.4
3298-QEICA,No,Female,Two year,Mailed check,34.6
3301-LSLWQ,No,Female,Month-to-month,Electronic check,66.1
3301-VKTGC,No,Male,One year,Bank transfer (automatic),85.5
3307-TLCUD,No,Male,Month-to-month,Mailed check,34.4
3308-DGHKL,No,Male,Two year,Bank transfer (automatic),19.3
3308-JSGML,No,Male,Two year,Credit card (automatic),64.05
3308-MHOOC,No,Male,Month-to-month,Mailed check,19.2
3312-UUMZW,No,Male,Month-to-month,Credit card (automatic),98.85
3312-ZWLGF,No,Male,Month-to-month,Electronic check,79.3
3313-QKNKB,Yes,Male,One year,Electronic check,85.55
3315-IKYZQ,No,Male,One year,Mailed check,50.8
3315-TOTBP,Yes,Male,Month-to-month,Mailed check,76.0
3316-UWXUY,No,Male,Month-to-month,Credit card (automatic),93.5
3317-HRTNN,Yes,Female,Month-to-month,Electronic check,45.7
3317-VLGQT,No,Female,Month-to-month,Electronic check,78.1
3318-ISQFQ,No,Female,Month-to-month,Bank transfer (automatic),19.5
3318-NMQXL,No,Male,Month-to-month,Electronic check,92.0
3318-OSATS,Yes,Male,Month-to-month,Electronic check,95.45
3319-DWOEP,Yes,Male,Month-to-month,Electronic check,95.75
3320-VEOYC,No,Male,Month-to-month,Electronic check,95.6
3323-CPBWR,No,Male,Month-to-month,Credit card (automatic),96.9
3324-OIRTO,No,Male,One year,Bank transfer (automatic),104.65
3325-FUYCG,Yes,Male,One year,Electronic check,106.1
3327-YBAKM,No,Female,One year,Mailed check,96.9
3329-WDIOK,Yes,Female,Month-to-month,Electronic check,50.6
3331-HQDTW,Yes,Female,Month-to-month,Mailed check,109.8
3334-CTHOL,Yes,Female,Month-to-month,Bank transfer (automatic),49.95
3336-JORSO,Yes,Female,Month-to-month,Electronic check,110.45
3337-EUOON,,Male,Two year,Bank transfer (automatic),26.0
3338-CVVEH,No,Male,Month-to-month,Electronic check,94.55
3339-EAQNV,No,Male,One year,Credit card (automatic),97.25
3340-QBBFM,No,Male,One year,Credit card (automatic),54.1
3345-CSCIA,,Male,One year,Credit card (automatic),76.9
3345-JHUEO,No,Male,Month-to-month,Electronic check,20.2
3345-PBBFH,No,Male,Month-to-month,Bank transfer (automatic),49.55
3346-BRMIS,Yes,Female,Month-to-month,Electronic check,48.35
3347-YJZZE,No,Male,Month-to-month,Credit card (automatic),80.1
3348-CFRNX,Yes,Female,Month-to-month,Mailed check,92.35
3349-ANQNH,No,Female,One year,Electronic check,99.5
3351-NGXYI,No,Female,Month-to-month,Electronic check,54.1
3351-NQLDI,Yes,Female,One year,Credit card (automatic),94.35
3352-ALMCK,No,Male,Month-to-month,Mailed check,102.65
3352-RICWQ,No,Female,Two year,Mailed check,19.75
3354-OADJP,No,Female,One year,Bank transfer (automatic),54.25
3359-DSRKA,No,Female,Two year,Mailed check,19.85
3363-DTIVD,No,Male,Two year,Electronic check,105.55
3363-EWLGO,No,Female,Month-to-month,Mailed check,19.95
3365-SAIGS,No,Female,Month-to-month,Electronic check,83.55
3370-GQEAL,No,Male,Month-to-month,Electronic check,85.45
3370-HXOPH,No,Female,Month-to-month,Electronic check,76.1
3372-CDXFJ,No,Male,One year,Bank transfer (automatic),24.5
3372-KWFBM,Yes,Male,Month-to-month,Electronic check,86.6
3373-DIUUN,No,Male,Two year,Mailed check,21.25
3373-YZZYM,No,Male,Month-to-month,Mailed check,19.2
3374-LXDEV,Yes,Female,Month-to-month,Electronic check,89.4
3374-PZLXD,No,Male,Month-to-month,Mailed check,19.7
3374-TTZTK,No,Male,Two year,Electronic check,106.3
3376-BMGFE,Yes,Female,Month-to-month,Bank transfer (automatic),70.9
3378-AJRAO,No,Male,One year,Electronic check,24.85
3384-CTMSF,No,Male,Month-to-month,Electronic check,104.1
3387-PLKUI,No,Female,Month-to-month,Mailed check,18.8
3387-VATUS,Yes,Male,Month-to-month,Bank transfer (automatic),94.85
3389-KTRXV,No,Female,Two year,Mailed check,23.85
3389-YGYAI,Yes,Female,Month-to-month,Electronic check,105.5
3391-JSQEW,No,Male,Month-to-month,Mailed check,50.15
3392-EHMNK,No,Female,Two year,Credit card (automatic),94.1
3393-FMZPV,Yes,Female,Month-to-month,Electronic check,100.25
3394-UQYIB,,Female,Month-to-month,Credit card (automatic),50.15
3396-DKDEL,No,Female,Two year,Credit card (automatic),115.15
3397-AVTKU,No,Male,Two year,Electronic check,60.0
3398-FSHON,Yes,Female,Month-to-month,Electronic check,91.3
3398-GCPMU,No,Female,Two year,Credit card (automatic),89.55
3398-ZOUAA,Yes,Male,Month-to-month,Electronic check,69.1
3399-BMLVW,No,Male,Two year,Credit card (automatic),60.5
3400-ESFUW,Yes,Male,Two year,Bank transfer (automatic),57.55
3401-URHDA,No,Male,One year,Credit card (automatic),59.9
3402-XRIUO,No,Female,Month-to-month,Mailed check,63.55
3404-JNXAX,No,Female,Month-to-month,Electronic check,80.75
3407-JMJQQ,No,Female,Two year,Bank transfer (automatic),109.0
3407-QGWLG,No,Male,Month-to-month,Mailed check,20.05
3410-MHHUM,No,Female,One year,Electronic check,94.4
3410-YOQBQ,No,Female,Two year,Mailed check,79.2
3411-WLRSQ,No,Female,Month-to-month,Bank transfer (automatic),74.6
3413-BMNZE,No,Male,Month-to-month,Bank transfer (automatic),45.25
3413-CSSTH,No,Male,Month-to-month,Bank transfer (automatic),55.7
3413-DHLPB,No,Male,Month-to-month,Bank transfer (automatic),103.75
3415-TAILE,Yes,Female,Month-to-month,Mailed check,65.7
3417-TSCIC,No,Male,One year,Mailed check,24.85
3419-SNJJD,Yes,Female,Month-to-month,Bank transfer (automatic),105.25
3420-YJLQT,No,Female,Month-to-month,Electronic check,79.55
3420-ZDBMA,No,Male,Month-to-month,Mailed check,71.45
3422-GALYP,No,Male,Month-to-month,Electronic check,79.45
3422-LYEPQ,Yes,Male,Month-to-month,Electronic check,71.0
3422-WJOYD,No,Male,One year,Mailed check,54.35
3423-HHXAO,No,Female,One year,Mailed check,19.5
3424-NMNBO,Yes,Male,One year,Electronic check,108.85
3426-NIYYL,Yes,Male,Month-to-month,Electronic check,51.55
3427-GGZZI,No,Female,Month-to-month,Electronic check,89.1
3428-MMGUB,No,Male,Two year,Electronic check,89.55
3428-XZMAZ,Yes,Male,Month-to-month,Electronic check,69.35
3429-IFLEM,No,Female,Two year,Credit card (automatic),77.35
3439-GVUSX,No,Male,Month-to-month,Mailed check,24.4
3440-JPSCL,Yes,Female,Month-to-month,Mailed check,99.95
3441-CGZJH,No,Female,One year,Credit card (automatic),60.4
3442-ZHHCC,No,Male,One year,Credit card (automatic),76.9
3443-KUJWU,,Male,Month-to-month,Electronic check,104.1
3445-HXXGF,Yes,Male,Month-to-month,Electronic check,45.3
3446-QDSZF,No,Female,Month-to-month,Credit card (automatic),55.5
3450-WXOAT,No,Male,Month-to-month,Credit card (automatic),45.2
3451-VAWLI,No,Female,Two year,Credit card (automatic),19.7
3452-ABWRL,No,Male,Month-to-month,Credit card (automatic),86.05
3452-FLHYD,No,Male,One year,Bank transfer (automatic),20.95
3452-GWUIN,No,Female,Month-to-month,Electronic check,94.95
3452-SRFEG,No,Male,Month-to-month,Bank transfer (automatic),74.6
3453-RTHJQ,No,Male,Month-to-month,Electronic check,69.1
3454-JFUBC,No,Male,Two year,Credit card (automatic),20.0
3457-PQBYH,No,Female,Two year,Credit card (automatic),20.3
3458-IDMFK,No,Male,Two year,Mailed check,20.75
3460-TJBWI,No,Male,Two year,Mailed check,24.2
3462-BJQQA,No,Female,Month-to-month,Electronic check,89.75
3466-BYAVD,No,Male,Month-to-month,Mailed check,69.5
3466-RITXD,No,Male,Month-to-month,Credit card (automatic),92.4
3466-WAESX,No,Male,Month-to-month,Electronic check,69.1
3468-DRVQJ,No,Female,One year,Electronic check,70.3
3470-BTGQO,No,Male,Month-to-month,Mailed check,45.65
3470-OBUET,No,Female,Two year,Credit card (automatic),74.0
3472-OAOOR,No,Male,Month-to-month,Mailed check,34.95
3472-QPRCH,No,Male,Two year,Credit card (automatic),25.25
3473-XIIIT,Yes,Female,Month-to-month,Electronic check,100.0
3474-BAFSJ,No,Male,Two year,Bank transfer (automatic),57.5
3481-JHUZH,No,Male,Month-to-month,Electronic check,80.25
3482-ABPKK,No,Female,One year,Mailed check,54.3
3485-REZCX,,Male,One year,Credit card (automatic),84.3
3486-HOOGQ,No,Female,Two year,Bank transfer (automatic),79.7
3486-KHMLI,No,Male,Month-to-month,Mailed check,24.7
3486-NPGST,No,Female,One year,Mailed check,19.55
3487-EARAT,No,Female,One year,Credit card (automatic),74.1
3488-PGMQJ,Yes,Male,Month-to-month,Electronic check,74.5
3489-HHPFY,No,Female,Month-to-month,Electronic check,84.05
3489-VSFRD,No,Female,One year,Credit card (automatic),60.25
3494-JCHRQ,Yes,Male,Month-to-month,Electronic check,70.05
3496-LFSZU,No,Male,Month-to-month,Electronic check,70.5
3498-LZGQZ,No,Male,Two year,Mailed check,19.15
3500-NSDOA,No,Male,Two year,Credit card (automatic),70.8
3500-RMZLT,Yes,Female,Month-to-month,Mailed check,96.3
3503-TYDAY,No,Female,Month-to-month,Electronic check,80.45
3506-LCJDC,Yes,Male,Month-to-month,Bank transfer (automatic),19.95
3506-OVLKD,No,Male,One year,Bank transfer (automatic),26.2
3507-GASNP,No,Male,Two year,Mailed check,19.95
3508-CFVZL,No,Female,Two year,Mailed check,111.3
3508-VLHCZ,No,Female,Two year,Credit card (automatic),90.55
3509-GWQGF,No,Male,Month-to-month,Credit card (automatic),70.0
3511-APPBJ,No,Male,One year,Credit card (automatic),99.95
3511-BFTJW,No,Male,Two year,Credit card (automatic),38.5
3512-IZIKN,Yes,Female,Two year,Credit card (automatic),65.3
3518-FSTWG,No,Male,Two year,Bank transfer (automatic),109.55
3518-PZXZQ,No,Female,Month-to-month,Mailed check,55.3
3519-ZKXGG,Yes,Female,Month-to-month,Electronic check,75.85
3520-FJGCV,No,Male,Two year,Credit card (automatic),112.6
3521-HTQTV,No,Male,Two year,Bank transfer (automatic),26.1
3521-MNKLV,No,Male,Month-to-month,Mailed check,49.7
3521-SYVOR,Yes,Female,Month-to-month,Electronic check,64.75
3522-CDKHF,No,Female,Month-to-month,Bank transfer (automatic),75.5
3523-BRGUW,No,Male,One year,Credit card (automatic),19.3
3523-QRQLL,Yes,Female,One year,Bank transfer (automatic),69.5
3524-WQDSG,No,Female,Month-to-month,Bank transfer (automatic),99.3
3525-DVKFN,No,Female,Two year,Mailed check,19.4
3528-HFRIQ,No,Male,Month-to-month,Bank transfer (automatic),52.3
3530-CRZSB,No,Female,Month-to-month,Mailed check,20.65
3530-VWVGU,No,Female,Month-to-month,Mailed check,19.9
3533-UVMOM,No,Male,Two year,Bank transfer (automatic),70.95
3536-IQCTX,Yes,Male,Month-to-month,Electronic check,85.3
3537-HPKQT,No,Female,Month-to-month,Credit card (automatic),77.75
3537-RYBHH,No,Female,Month-to-month,Credit card (automatic),67.45
3538-WZPHD,Yes,Male,Month-to-month,Electronic check,29.6
3540-RZJYU,Yes,Female,Month-to-month,Electronic check,86.2
3541-ZNUHK,No,Female,Month-to-month,Electronic check,85.1
3544-FBCAS,No,Female,Two year,Credit card (automatic),83.6
3545-CNWRG,No,Female,Month-to-month,Electronic check,98.35
3546-GHEAE,No,Male,Two year,Mailed check,19.45
3547-LQRIK,No,Female,One year,Electronic check,26.9
3549-ZTMNH,No,Male,Two year,Bank transfer (automatic),24.0
3550-SAHFP,Yes,Female,Month-to-month,Electronic check,83.35
3551-GAEGL,No,Male,One year,Bank transfer (automatic),30.4
3551-HUAZH,Yes,Male,Month-to-month,Electronic check,74.4
3552-CTCYF,No,Male,Two year,Bank transfer (automatic),104.8
3556-BVQGL,No,Female,One year,Mailed check,20.0
3557-HTYWR,No,Female,Two year,Mailed check,74.05
3563-SVYLG,No,Male,Two year,Credit card (automatic),62.65
3565-UNOCC,Yes,Female,Month-to-month,Bank transfer (automatic),99.05
3566-CAAYU,No,Female,Two year,Electronic check,49.85
3566-HJGPK,No,Male,Month-to-month,Mailed check,45.55
3566-VVORZ,No,Female,Month-to-month,Bank transfer (automatic),45.9
3567-PQTSO,No,Male,One year,Electronic check,105.25
3569-EDBPQ,No,Female,Month-to-month,Electronic check,84.35
3569-JFODW,No,Female,Two year,Credit card (automatic),90.95
3569-VLDHH,No,Male,One year,Electronic check,75.1
3570-YUEKJ,No,Female,Month-to-month,Electronic check,49.55
3571-DPYUH,No,Male,One year,Credit card (automatic),94.7
3571-RFHAR,Yes,Male,Month-to-month,Electronic check,109.15
3572-UOLYZ,No,Female,Month-to-month,Bank transfer (automatic),84.8
3572-UUHRS,No,Male,One year,Bank transfer (automatic),18.85
3577-AMVUX,No,Male,Month-to-month,Mailed check,55.05
3580-GICBM,No,Female,Two year,Mailed check,24.2
3580-HYCSP,No,Male,Two year,Bank transfer (automatic),110.3
3580-REOAC,Yes,Male,Month-to-month,Credit card (automatic),44.85
3583-EKAPL,Yes,Male,Month-to-month,Electronic check,55.0
3583-KRKMD,No,Male,Month-to-month,Bank transfer (automatic),75.9
3584-WKTTW,No,Male,One year,Electronic check,111.55
3585-ISXZP,Yes,Female,Month-to-month,Bank transfer (automatic),95.65
3585-YNADK,No,Female,One year,Bank transfer (automatic),74.6
3587-PMCOY,No,Male,One year,Electronic check,98.9
3588-WSTTJ,No,Female,Month-to-month,Electronic check,99.05
3589-PPVKW,No,Male,Month-to-month,Mailed check,44.4
3590-DWSLF,,Female,One year,Credit card (automatic),115.55
3590-TCXTB,No,Male,Month-to-month,Mailed check,20.35
3594-BDSOA,No,Female,One year,Credit card (automatic),20.4
3594-IVHJZ,No,Female,Month-to-month,Mailed check,20.45
3594-KADLU,No,Male,Month-to-month,Mailed check,35.1
3594-UVONA,Yes,Female,One year,Credit card (automatic),85.95
3597-MVHJT,No,Female,Month-to-month,Bank transfer (automatic),95.6
3597-YASZG,No,Female,Two year,Bank transfer (automatic),104.45
3601-UTZXO,,Male,One year,Bank transfer (automatic),19.5
3604-WLABM,No,Female,Month-to-month,Electronic check,54.25
3605-JISKB,No,Male,One year,Credit card (automatic),60.0
3606-SBKRY,No,Male,One year,Electronic check,50.05
3606-TWKGI,Yes,Male,Month-to-month,Electronic check,106.9
3612-YUNGG,No,Male,Two year,Credit card (automatic),109.2
3612-YVGSJ,No,Female,Two year,Credit card (automatic),24.45
3617-XLSGQ,No,Female,Two year,Bank transfer (automatic),109.25
3620-EHIMZ,No,Female,Two year,Mailed check,19.35
3620-MWJNE,No,Male,Month-to-month,Mailed check,54.45
3621-CEOVK,Yes,Female,Month-to-month,Electronic check,100.2
3621-CHYVB,No,Female,Month-to-month,Bank transfer (automatic),49.9
3623-FQBOX,No,Male,Month-to-month,Mailed check,19.95
3627-FCRDW,Yes,Female,Month-to-month,Electronic check,71.0
3627-FHKBK,Yes,Female,Month-to-month,Mailed check,75.3
3629-WEAAM,No,Female,Month-to-month,Mailed check,64.1
3629-ZNKXA,No,Male,Month-to-month,Electronic check,101.8
3633-CDBUW,No,Male,One year,Electronic check,80.85
3635-JBPSG,No,Female,Two year,Mailed check,38.8
3635-QQRQD,No,Male,Two year,Credit card (automatic),20.05
3638-DIMPH,No,Female,One year,Electronic check,43.8
3638-VBZTA,No,Male,Two year,Bank transfer (automatic),86.5
3638-WEABW,No,Female,Two year,Credit card (automatic),59.9
3639-XJHKQ,No,Female,Month-to-month,Electronic check,60.6
3640-JQGJG,No,Male,Month-to-month,Bank transfer (automatic),44.8
3640-PHQXK,Yes,Female,Month-to-month,Electronic check,89.9
3642-BYHDO,No,Female,Two year,Bank transfer (automatic),19.9
3642-GKTCT,No,Female,One year,Mailed check,115.1
3643-AHCFP,Yes,Male,Month-to-month,Bank transfer (automatic),95.6
3643-VBLHT,,Male,Month-to-month,Mailed check,45.0
3644-QXEHN,No,Male,Month-to-month,Electronic check,97.0
3645-DEYGF,No,Male,Month-to-month,Mailed check,20.75
3646-ITDGM,No,Female,Two year,Bank transfer (automatic),19.7
3647-GMGDH,Yes,Male,Month-to-month,Credit card (automatic),94.7
3648-GZPHF,No,Male,One year,Mailed check,36.25
3649-JPUGY,No,Male,Two year,Bank transfer (automatic),88.6
3653-NCRDJ,No,Male,One year,Mailed check,19.2
3654-ARMGP,No,Female,Two year,Credit card (automatic),88.65
3655-SNQYZ,No,Female,Two year,Credit card (automatic),113.25
3656-TKRVZ,Yes,Female,Month-to-month,Electronic check,55.35
3657-COGMW,No,Female,Month-to-month,Credit card (automatic),108.1
3658-KIBGF,Yes,Female,Month-to-month,Electronic check,54.9
3658-QQJYD,No,Male,One year,Credit card (automatic),74.3
3660-ENEST,,Female,Two year,Credit card (automatic),84.1
3662-FXJFO,No,Female,Two year,Mailed check,20.5
3663-MITLP,Yes,Female,Month-to-month,Electronic check,101.25
3665-JATSN,No,Female,Month-to-month,Electronic check,39.7
3668-QPYBK,Yes,Male,Month-to-month,Mailed check,53.85
3669-LVWZB,Yes,Male,Month-to-month,Mailed check,51.0
3669-OYSJI,Yes,Male,Month-to-month,Credit card (automatic),46.2
3669-WHAFY,No,Female,Two year,Credit card (automatic),115.15
3671-SHRSP,Yes,Male,Month-to-month,Mailed check,80.6
3672-YITQD,Yes,Male,Month-to-month,Electronic check,84.1
3675-EQOZA,No,Male,Month-to-month,Bank transfer (automatic),20.65
3675-YDUPJ,No,Male,Month-to-month,Mailed check,19.85
3677-IYRBF,Yes,Female,Month-to-month,Electronic check,30.4
3677-TNKIO,Yes,Female,Month-to-month,Credit card (automatic),71.0
3678-MNGZX,No,Male,Two year,Bank transfer (automatic),19.95
3679-XASPY,No,Female,Month-to-month,Electronic check,19.45
3680-CTHUH,No,Male,One year,Credit card (automatic),116.6
3680-ISIKN,,Male,Two year,Mailed check,25.25
3682-YEUWS,No,Male,Month-to-month,Mailed check,24.4
3683-QKIUE,Yes,Female,Month-to-month,Bank transfer (automatic),50.8
3685-YLCMQ,Yes,Male,One year,Electronic check,104.65
3688-FTHLT,No,Female,Month-to-month,Bank transfer (automatic),63.05
3689-MOZGR,No,Female,Month-to-month,Electronic check,31.2
3692-JHONH,No,Female,One year,Electronic check,106.5
3694-DELSO,No,Male,Month-to-month,Credit card (automatic),38.55
3694-GLTJM,No,Female,Month-to-month,Credit card (automatic),19.65
3696-DFHHB,No,Female,Two year,Bank transfer (automatic),25.5
3696-XRIEN,No,Female,One year,Credit card (automatic),82.5
3701-SFMUH,No,Male,Month-to-month,Credit card (automatic),69.7
3703-KBKZP,No,Male,Month-to-month,Bank transfer (automatic),74.45
3703-TTEPD,No,Male,Month-to-month,Bank transfer (automatic),65.35
3703-VAVCL,Yes,Male,Month-to-month,Credit card (automatic),90.0
3704-IEAXF,No,Female,Two year,Credit card (automatic),53.65
3705-PSNGL,Yes,Male,One year,Electronic check,20.4
3705-RHRFR,No,Female,Two year,Bank transfer (automatic),99.15
3707-GNWHM,Yes,Male,Month-to-month,Mailed check,74.25
3707-LRWZD,Yes,Female,One year,Electronic check,84.05
3709-OIJEA,No,Male,One year,Electronic check,85.2
3712-PKXZA,No,Male,One year,Credit card (automatic),20.55
3714-JTVOV,Yes,Female,Month-to-month,Credit card (automatic),74.15
3714-NTNFO,No,Female,Month-to-month,Electronic check,84.5
3714-XPXBW,No,Female,Month-to-month,Credit card (automatic),78.9
3716-BDVDB,Yes,Male,Month-to-month,Electronic check,69.1
3716-LRGXK,No,Male,Two year,Credit card (automatic),101.15
3716-UVSPD,No,Male,Month-to-month,Electronic check,49.3
3717-FDJFU,No,Male,Two year,Mailed check,20.45
3717-LNXKW,No,Male,Month-to-month,Bank transfer (automatic),91.7
3717-OEAUQ,No,Male,Month-to-month,Mailed check,70.7
3717-OFRTN,No,Male,Month-to-month,Bank transfer (automatic),19.75
3719-TDVQB,No,Female,Two year,Mailed check,18.95
3720-DBRWL,No,Male,Two year,Credit card (automatic),83.85
3721-CNEYS,Yes,Female,Month-to-month,Electronic check,70.95
3721-CNZHX,No,Male,One year,Mailed check,19.8
3721-WKIIL,No,Female,Two year,Mailed check,19.6
3722-WPXTK,Yes,Male,Month-to-month,Electronic check,88.35
3723-BFBGR,No,Male,Month-to-month,Credit card (automatic),54.8
3724-BSCVH,No,Male,One year,Mailed check,20.45
3724-UCSHY,No,Male,Month-to-month,Mailed check,19.55
3726-TBHQT,No,Male,Two year,Bank transfer (automatic),114.0
3727-JEZTU,No,Female,Month-to-month,Mailed check,20.4
3727-OVPRY,No,Male,One year,Credit card (automatic),25.7
3727-OWVYD,No,Male,One year,Mailed check,61.2
3727-RJMEO,Yes,Male,Month-to-month,Electronic check,82.85
3728-SDRGN,,Male,Month-to-month,Mailed check,19.25
3729-OWRVL,No,Male,Two year,Electronic check,110.35
3733-LSYCE,No,Female,Month-to-month,Bank transfer (automatic),75.35
3733-UOCWF,No,Male,One year,Bank transfer (automatic),85.55
3733-ZEECP,No,Male,Month-to-month,Electronic check,51.1
3736-BLEPA,No,Male,One year,Bank transfer (automatic),91.25
3737-GCSPV,Yes,Female,Month-to-month,Credit card (automatic),96.2
3737-XBQDD,No,Male,Month-to-month,Bank transfer (automatic),84.85
3739-YBWAB,No,Male,One year,Mailed check,35.35
3740-RLMVT,No,Male,One year,Bank transfer (automatic),60.95
3744-ZBHON,No,Female,Month-to-month,Electronic check,20.2
3744-ZRRDZ,Yes,Male,Month-to-month,Electronic check,82.35
3745-HRPHI,No,Male,Two year,Bank transfer (automatic),54.65
3746-EUBYR,Yes,Male,Month-to-month,Bank transfer (automatic),74.6
3748-FVMZZ,No,Male,Month-to-month,Electronic check,40.05
3750-CKVKH,Yes,Male,Month-to-month,Electronic check,67.75
3750-RNQKR,No,Female,Month-to-month,Mailed check,19.45
3750-YHRYO,No,Male,One year,Mailed check,20.65
3751-KTZEL,Yes,Female,Month-to-month,Mailed check,35.05
3752-CQSJI,No,Female,Month-to-month,Mailed check,20.45
3753-TSEMP,Yes,Female,Month-to-month,Electronic check,88.15
3754-DXMRT,Yes,Male,Month-to-month,Electronic check,44.15
3755-JBMNH,Yes,Male,Month-to-month,Bank transfer (automatic),71.8
3756-VNWDH,No,Male,One year,Electronic check,100.75
3757-NJYBX,Yes,Male,Month-to-month,Bank transfer (automatic),106.35
3758-CKOQL,No,Female,One year,Credit card (automatic),107.0
3761-FLYZI,No,Female,Month-to-month,Bank transfer (automatic),108.8
3763-GCZHZ,Yes,Male,One year,Electronic check,104.05
3764-MNMOI,No,Male,Two year,Credit card (automatic),19.2
3765-JXVKY,Yes,Female,Month-to-month,Electronic check,74.7
3766-EJLFL,No,Female,Two year,Bank transfer (automatic),109.05
3768-NLUBH,Yes,Male,Month-to-month,Electronic check,100.6
3768-VHXQO,No,Male,Two year,Credit card (automatic),24.85
3769-MHZNV,No,Female,Two year,Mailed check,20.1
3771-PZOBW,No,Male,Month-to-month,Credit card (automatic),90.7
3774-VBNXY,No,Female,Two year,Mailed check,20.2
3775-TDLCC,,Male,One year,Electronic check,87.4
3776-EKTKM,Yes,Female,Month-to-month,Electronic check,36.45
3777-XROBG,No,Female,Two year,Credit card (automatic),19.55
3778-FOAQW,No,Female,One year,Mailed check,20.15
3779-OSWCF,No,Female,Two year,Credit card (automatic),93.2
3780-DDGSE,No,Male,Month-to-month,Electronic check,76.05
3780-YVMFA,No,Female,Month-to-month,Electronic check,68.55
3781-LIPVO,,Female,Month-to-month,Electronic check,86.5
3785-KTYSH,No,Male,Two year,Mailed check,24.6
3785-NRHYR,No,Male,Month-to-month,Mailed check,19.65
3786-WOVKF,No,Female,One year,Bank transfer (automatic),106.85
3787-TRIAL,No,Male,Month-to-month,Electronic check,26.05
3791-LGQCY,Yes,Female,Month-to-month,Bank transfer (automatic),100.65
3793-MMFUH,Yes,Female,Month-to-month,Electronic check,95.05
3794-NFNCH,No,Male,Month-to-month,Mailed check,50.0
3795-CAWEX,No,Male,Two year,Credit card (automatic),116.55
3795-GWTRD,No,Female,Two year,Credit card (automatic),75.55
3796-ENZGF,No,Male,Two year,Mailed check,67.25
3797-FKOGQ,No,Male,Month-to-month,Electronic check,86.2
3797-VTIDR,Yes,Male,Month-to-month,Electronic check,23.45
3798-EPWRR,No,Female,Month-to-month,Electronic check,43.95
3799-ISUZQ,Yes,Male,Month-to-month,Bank transfer (automatic),69.95
3800-LYTRK,No,Female,One year,Mailed check,55.7
3801-HMYNL,Yes,Male,Month-to-month,Mailed check,89.15
3803-KMQFW,Yes,Female,Month-to-month,Mailed check,20.55
3803-QHPWH,,Female,Month-to-month,Electronic check,45.0
3804-RVTGV,Yes,Male,Month-to-month,Bank transfer (automatic),103.85
3806-DXQOM,Yes,Female,Month-to-month,Electronic check,33.65
3806-YAZOV,No,Female,Month-to-month,Mailed check,18.8
3807-BPOMJ,No,Female,One year,Electronic check,94.75
3807-XHCJH,No,Female,Month-to-month,Electronic check,20.0
3808-HFKDE,No,Female,Month-to-month,Electronic check,44.35
3810-DVDQQ,No,Female,Two year,Bank transfer (automatic),117.6
3810-PJUHR,No,Male,Two year,Mailed check,25.35
3811-VBYBZ,Yes,Male,Month-to-month,Electronic check,99.8
3812-LRZIR,No,Female,Two year,Electronic check,24.5
3813-DHBBB,No,Male,Two year,Bank transfer (automatic),50.95
3814-MLAXC,Yes,Female,Month-to-month,Credit card (automatic),79.85
3815-SLMEF,Yes,Female,Month-to-month,Mailed check,34.25
3823-KYNQY,No,Male,One year,Credit card (automatic),24.95
3824-RHKVR,No,Female,Month-to-month,Credit card (automatic),19.7
3831-YCPUO,No,Female,Two year,Credit card (automatic),109.5
3834-XUIFC,Yes,Male,Month-to-month,Mailed check,85.2
3836-FZSDJ,No,Male,Two year,Bank transfer (automatic),24.85
3838-OZURD,Yes,Male,Month-to-month,Credit card (automatic),105.0
3841-CONLJ,No,Female,Month-to-month,Electronic check,35.0
3841-NFECX,No,Female,Two year,Credit card (automatic),96.35
3842-IYKUE,Yes,Female,Month-to-month,Credit card (automatic),85.3
3842-QTGDL,No,Male,Month-to-month,Bank transfer (automatic),80.75
3845-FXCYS,No,Male,Month-to-month,Electronic check,19.65
3845-JHAMY,No,Female,Month-to-month,Credit card (automatic),35.5
3847-BAERP,No,Female,Month-to-month,Mailed check,20.9
3850-OKINF,No,Male,One year,Electronic check,66.2
3853-LYGAM,No,Male,Month-to-month,Bank transfer (automatic),95.65
3855-ONCAR,No,Female,Month-to-month,Mailed check,78.9
3858-VOBET,Yes,Male,Month-to-month,Electronic check,74.95
3858-XHYJO,No,Female,One year,Bank transfer (automatic),105.75
3859-CVCET,Yes,Female,Month-to-month,Mailed check,45.65
3863-IUBJR,Yes,Male,One year,Credit card (automatic),53.65
3863-QSTYI,No,Male,Month-to-month,Electronic check,64.65
3865-QBWSJ,No,Male,Month-to-month,Mailed check,80.45
3865-YIOTT,No,Male,One year,Bank transfer (automatic),106.1
3865-ZFZIB,No,Male,Two year,Mailed check,19.65
3865-ZYKAD,No,Male,Month-to-month,Credit card (automatic),84.9
3866-MDTUB,Yes,Female,Month-to-month,Electronic check,70.75
3870-MQAMG,Yes,Female,One year,Electronic check,110.35
3870-SPZSI,No,Female,Two year,Credit card (automatic),113.05
3871-IKPYH,Yes,Male,Month-to-month,Electronic check,69.1
3873-NFTGI,No,Male,Month-to-month,Credit card (automatic),55.5
3873-WOSBC,No,Male,Two year,Credit card (automatic),25.6
3874-EQOEP,Yes,Male,Month-to-month,Mailed check,95.0
3877-JRJIP,Yes,Male,Month-to-month,Electronic check,59.85
3878-AVSOQ,No,Female,Month-to-month,Electronic check,71.25
3882-IYOIJ,No,Female,Two year,Credit card (automatic),115.25
3884-HCSWG,Yes,Female,Month-to-month,Electronic check,70.0
3884-UEBXB,No,Female,Two year,Bank transfer (automatic),36.15
3886-CERTZ,Yes,Female,One year,Electronic check,109.25
3887-PBQAO,No,Female,One year,Credit card (automatic),25.9
3889-VWBID,No,Male,Two year,Bank transfer (automatic),82.85
3890-RTCMS,No,Male,Month-to-month,Mailed check,49.45
3891-NLXJB,No,Male,Two year,Mailed check,40.55
3891-PUQOD,Yes,Female,Month-to-month,Electronic check,59.2
3892-NXAZG,No,Male,Two year,Credit card (automatic),114.05
3893-JRNFS,No,Male,Month-to-month,Bank transfer (automatic),39.9
3896-RCYYE,No,Female,Month-to-month,Credit card (automatic),53.4
3896-ZVNET,No,Female,Two year,Mailed check,24.7
3898-BSJYF,No,Female,One year,Credit card (automatic),73.55
3898-GUYTS,No,Female,Month-to-month,Electronic check,97.05
3900-AQPHZ,Yes,Female,Month-to-month,Mailed check,19.9
3902-FOIGH,Yes,Male,Month-to-month,Electronic check,101.35
3902-MIVLE,No,Male,Two year,Mailed check,75.7
3904-UKFRE,No,Male,Month-to-month,Electronic check,80.1
3908-BLSYF,Yes,Female,Month-to-month,Electronic check,83.9
3908-MKIMJ,No,Male,Two year,Electronic check,41.95
3910-MRQOY,No,Female,Two year,Bank transfer (automatic),19.4
3911-RSNHI,No,Female,Two year,Credit card (automatic),61.4
3913-FCUUW,No,Female,Two year,Bank transfer (automatic),70.45
3913-RDSJZ,No,Female,Two year,Mailed check,25.55
3914-FDRHP,No,Male,Month-to-month,Electronic check,86.25
3915-ODIYG,No,Male,One year,Electronic check,71.75
3916-NRPAP,No,Male,Month-to-month,Credit card (automatic),85.7
3920-HIHMQ,No,Female,Month-to-month,Mailed check,49.5
3923-CSIHK,Yes,Female,Month-to-month,Electronic check,71.05
3926-CUQZX,Yes,Male,Month-to-month,Bank transfer (automatic),45.1
3926-YZVVX,No,Female,One year,Bank transfer (automatic),50.05
3927-NLNRY,Yes,Male,One year,Bank transfer (automatic),94.25
3930-ZGWVE,No,Male,Month-to-month,Mailed check,19.75
3932-CMDTD,Yes,Female,One year,Electronic check,105.65
3932-IJWDZ,No,Male,Month-to-month,Bank transfer (automatic),103.65
3933-DQPWX,No,Female,Two year,Credit card (automatic),39.7
3934-HXCFZ,Yes,Male,Month-to-month,Electronic check,99.25
3935-TBRZZ,No,Male,One year,Mailed check,25.7
3936-QQFLL,No,Male,Month-to-month,Mailed check,19.75
3938-YFPXD,No,Male,Two year,Credit card (automatic),84.3
3941-XTSKM,No,Male,One year,Credit card (automatic),45.1
3943-KDREE,Yes,Female,Month-to-month,Bank transfer (automatic),74.95
3945-GFWQL,Yes,Female,Month-to-month,Electronic check,44.55
3946-JEWRQ,No,Male,One year,Credit card (automatic),95.2
3946-MHCZW,Yes,Male,Month-to-month,Mailed check,50.9
3948-FVVRP,No,Male,Month-to-month,Mailed check,54.8
3948-KXDUF,No,Male,Two year,Bank transfer (automatic),68.75
3948-XHGNA,Yes,Male,Month-to-month,Bank transfer (automatic),49.55
3950-VPYJB,No,Male,One year,Mailed check,59.6
3951-NJCVI,No,Female,Month-to-month,Electronic check,95.05
3955-JBZZM,No,Male,Month-to-month,Electronic check,78.8
3956-CJUST,No,Female,Month-to-month,Bank transfer (automatic),75.4
3956-MGXOG,No,Female,Month-to-month,Electronic check,80.6
3957-HHLMR,No,Female,One year,Bank transfer (automatic),65.2
3957-LXOLK,Yes,Female,Month-to-month,Electronic check,106.15
3957-SQXML,No,Female,Two year,Credit card (automatic),24.95
3961-SXAXY,No,Male,Month-to-month,Bank transfer (automatic),44.05
3963-RYFNS,No,Female,Two year,Bank transfer (automatic),116.45
3966-HRMZA,No,Female,Month-to-month,Mailed check,75.05
3967-KXAPS,No,Male,Two year,Credit card (automatic),92.3
3967-VQOGC,No,Female,Two year,Mailed check,24.9
3969-GYXEL,No,Female,Month-to-month,Electronic check,76.4
3969-JQABI,No,Female,Month-to-month,Credit card (automatic),65.25
3970-XGJDU,No,Female,Two year,Credit card (automatic),19.2
3973-SKMLN,No,Male,Two year,Credit card (automatic),19.9
3976-BWUCK,Yes,Female,Month-to-month,Credit card (automatic),94.1
3976-HXHCE,No,Male,Two year,Bank transfer (automatic),19.3
3976-NLDEZ,No,Male,Month-to-month,Mailed check,20.6
3977-QCRSL,No,Female,Month-to-month,Mailed check,20.15
3978-YNKDD,No,Male,Two year,Credit card (automatic),20.85
3981-QSVQI,No,Male,Month-to-month,Bank transfer (automatic),19.7
3982-DQLUS,No,Male,Month-to-month,Electronic check,85.75
3982-JGSFD,No,Male,One year,Credit card (automatic),20.35
3982-XWFZQ,Yes,Female,Month-to-month,Electronic check,50.25
3985-HOYPM,No,Male,One year,Mailed check,19.4
3987-KQDDU,No,Male,Month-to-month,Electronic check,75.6
3988-RQIXO,Yes,Female,Month-to-month,Electronic check,91.3
3990-QYKBE,Yes,Male,Month-to-month,Electronic check,92.5
3992-YWPKO,Yes,Female,Month-to-month,Credit card (automatic),109.9
3995-RWMUH,,Male,Month-to-month,Bank transfer (automatic),44.65
3995-WFCSM,No,Female,Month-to-month,Electronic check,60.85
3996-ZNWYK,No,Male,Two year,Credit card (automatic),19.8
3999-QGRJH,Yes,Male,Month-to-month,Electronic check,69.7
3999-WRNGR,No,Female,Month-to-month,Electronic check,49.75
4000-VGMQP,No,Male,One year,Credit card (automatic),78.95
4001-TSBTV,No,Female,Month-to-month,Electronic check,91.55
4002-BQWPQ,No,Male,Month-to-month,Bank transfer (automatic),81.75
4003-FUSHP,No,Male,Month-to-month,Credit card (automatic),61.55
4003-OCTMP,No,Female,One year,Electronic check,64.0
4006-HKYHO,No,Male,Two year,Bank transfer (automatic),86.7
4007-NHVHI,No,Female,Month-to-month,Electronic check,96.85
4009-ALQFH,Yes,Female,Month-to-month,Electronic check,99.5
4010-YLMVT,No,Female,Month-to-month,Credit card (automatic),106.6
4011-ARPHK,No,Male,Month-to-month,Mailed check,50.35
4012-YCFAI,No,Male,Two year,Mailed check,61.35
4012-ZTHBR,No,Female,Month-to-month,Electronic check,44.95
4013-GUXND,No,Male,Month-to-month,Mailed check,20.8
4013-TLDHQ,Yes,Male,Month-to-month,Electronic check,78.25
4013-UBXWQ,Yes,Female,Month-to-month,Electronic check,74.65
4016-BJKTZ,No,Female,Two year,Electronic check,108.9
4018-KJYUY,No,Male,Month-to-month,Credit card (automatic),20.15
4018-PPNDW,No,Female,Two year,Mailed check,24.1
4020-KIUDI,No,Male,Month-to-month,Credit card (automatic),19.85
4021-RQSNY,Yes,Male,Month-to-month,Electronic check,98.5
4023-RTIQM,No,Female,One year,Credit card (automatic),50.4
4024-CSNBY,No,Female,Two year,Bank transfer (automatic),94.25
4026-SKKHW,No,Male,Month-to-month,Mailed check,50.25
4029-HPFVY,No,Male,Month-to-month,Mailed check,70.3
4030-VPZBD,Yes,Female,Month-to-month,Electronic check,30.9
4032-RMHCI,No,Female,One year,Credit card (automatic),35.4
4039-HEUNW,Yes,Male,Month-to-month,Electronic check,96.5
4039-PIMHX,No,Male,Two year,Mailed check,49.8
4043-MKDTV,No,Male,Two year,Electronic check,105.25
4047-GGUUG,,Female,Month-to-month,Bank transfer (automatic),19.45
4049-ZPALD,No,Female,Two year,Bank transfer (automatic),99.0
4054-CUMIA,No,Female,Month-to-month,Mailed check,20.25
4056-QHXHZ,No,Female,Two year,Mailed check,107.45
4057-FKCZK,No,Male,Two year,Bank transfer (automatic),82.5
4059-IIEBK,No,Female,Month-to-month,Bank transfer (automatic),78.55
4060-BTPXO,,Female,One year,Bank transfer (automatic),105.7
4060-LDNLU,No,Male,Month-to-month,Electronic check,96.2
4061-UKJWL,No,Male,Month-to-month,Mailed check,45.45
4062-HBMOS,No,Male,Month-to-month,Electronic check,103.05
4063-EIKNQ,No,Male,Month-to-month,Bank transfer (automatic),20.95
4065-JJAVA,No,Female,Month-to-month,Electronic check,49.5
4067-HLYQI,No,Female,Month-to-month,Bank transfer (automatic),70.4
4070-OKWVH,No,Female,Month-to-month,Bank transfer (automatic),94.6
4072-IPYLT,No,Female,Month-to-month,Credit card (automatic),51.05
4074-SJFFA,Yes,Female,Month-to-month,Mailed check,54.75
4075-JFPGR,No,Female,One year,Electronic check,93.5
4075-WKNIU,No,Female,Two year,Mailed check,73.35
4077-CROMM,Yes,Female,Month-to-month,Electronic check,104.2
4077-HWUYD,No,Male,Two year,Bank transfer (automatic),87.55
4078-SAYYN,Yes,Female,Month-to-month,Electronic check,100.75
4079-ULGFR,No,Male,Month-to-month,Mailed check,20.0
4079-VTGLK,No,Male,Two year,Electronic check,74.85
4079-WWQQQ,No,Male,Two year,Bank transfer (automatic),65.55
4080-IIARD,No,Female,Month-to-month,Electronic check,76.2
4080-OGPJL,Yes,Female,Month-to-month,Electronic check,71.15
4081-DYXAV,Yes,Female,One year,Credit card (automatic),44.85
4083-BFNYK,No,Female,One year,Credit card (automatic),95.0
4083-EUGRJ,Yes,Male,Month-to-month,Mailed check,20.25
4086-ATNFV,No,Female,One year,Mailed check,60.8
4086-WITJG,No,Male,Two year,Credit card (automatic),19.7
4086-YQSNZ,Yes,Female,Month-to-month,Electronic check,80.4
4087-ULYNQ,,Female,Two year,Credit card (automatic),20.25
4088-YLDSU,Yes,Male,One year,Electronic check,104.15
4090-KPJIP,No,Female,Month-to-month,Electronic check,74.95
4091-TVOCN,No,Male,One year,Credit card (automatic),78.75
4092-OFQZS,No,Male,One year,Mailed check,20.65
4094-NSEDU,Yes,Female,Month-to-month,Electronic check,94.25
4097-YODCF,No,Male,One year,Electronic check,103.8
4098-NAUKP,No,Male,Month-to-month,Electronic check,84.65
4102-BEFEK,,Male,Two year,Credit card (automatic),20.05
4102-HLENU,No,Female,Two year,Mailed check,65.65
4102-OQUPX,Yes,Male,Month-to-month,Electronic check,74.4
4104-PVRPS,No,Male,Month-to-month,Mailed check,53.6
4106-HADHQ,Yes,Male,One year,Credit card (automatic),80.0
4109-CYRBD,No,Male,Month-to-month,Electronic check,51.6
4110-PFEUZ,Yes,Female,Month-to-month,Mailed check,69.55
4111-BNXIF,No,Female,Two year,Electronic check,59.55
4112-LUEIZ,Yes,Male,Month-to-month,Electronic check,89.5
4114-QMKVN,No,Female,One year,Bank transfer (automatic),68.75
4115-BNPJY,No,Male,Two year,Mailed check,75.55
4115-NZRKS,No,Female,Month-to-month,Electronic check,89.15
4115-UMJFQ,No,Male,One year,Bank transfer (automatic),35.75
4116-IQRFR,No,Male,One year,Credit card (automatic),24.1
4116-TZAQJ,Yes,Female,Month-to-month,Credit card (automatic),74.25
4118-CEVPF,No,Female,One year,Bank transfer (automatic),110.8
4119-ZYPZY,No,Male,Two year,Electronic check,106.8
4121-AGSIN,No,Female,One year,Credit card (automatic),24.5
4123-DVHPH,No,Male,Month-to-month,Electronic check,88.05
4123-FCVCB,No,Female,One year,Mailed check,75.85
4123-VPQTQ,,Female,Month-to-month,Electronic check,19.55
4124-MMETB,Yes,Male,Month-to-month,Credit card (automatic),94.65
4128-ETESU,No,Female,Month-to-month,Electronic check,99.7
4129-LYCOI,No,Female,Two year,Electronic check,104.0
4130-MZLCC,No,Female,Month-to-month,Bank transfer (automatic),50.55
4132-KALRO,No,Female,Month-to-month,Mailed check,100.85
4132-POCZS,No,Male,Month-to-month,Electronic check,39.9
4134-BSXLX,No,Male,Month-to-month,Mailed check,60.9
4135-FRWKJ,No,Female,One year,Electronic check,76.25
4137-BTIKL,No,Male,Month-to-month,Mailed check,90.75
4137-JOPHL,No,Female,Two year,Bank transfer (automatic),89.7
4138-NAXED,No,Male,Month-to-month,Bank transfer (automatic),81.0
4139-DETXS,No,Female,Two year,Bank transfer (automatic),64.45
4139-JPIAM,No,Male,Month-to-month,Credit card (automatic),44.45
4139-SUGLD,Yes,Male,Month-to-month,Bank transfer (automatic),35.4
4140-MUHUG,Yes,Female,Month-to-month,Electronic check,86.85
4140-TOILV,,Male,Month-to-month,Bank transfer (automatic),87.0
4140-WJAWW,Yes,Female,Month-to-month,Credit card (automatic),19.85
4143-HHPMK,Yes,Male,Month-to-month,Electronic check,85.35
4143-OOBWZ,Yes,Male,Month-to-month,Electronic check,81.3
4145-UQXUQ,Yes,Female,Month-to-month,Electronic check,92.1
4146-SVFUD,No,Male,Month-to-month,Mailed check,44.6
4154-AQUGT,Yes,Male,Month-to-month,Bank transfer (automatic),89.05
4159-NAAIX,No,Female,Two year,Bank transfer (automatic),97.45
4160-AMJTL,Yes,Female,Month-to-month,Electronic check,19.65
4163-HFTUK,No,Male,One year,Electronic check,19.1
4163-KIUHY,No,Male,Month-to-month,Electronic check,25.6
4163-NCJAK,No,Female,One year,Bank transfer (automatic),24.45
4174-LPGTI,Yes,Female,One year,Bank transfer (automatic),66.5
4176-FXYBO,No,Male,Month-to-month,Electronic check,109.55
4176-RELJR,No,Male,Two year,Credit card (automatic),25.1
4177-JPDFU,No,Male,Month-to-month,Mailed check,34.0
4178-EGMON,No,Male,Two year,Credit card (automatic),88.0
4182-BGSIQ,No,Female,Month-to-month,Bank transfer (automatic),19.8
4183-MYFRB,No,Female,Month-to-month,Electronic check,90.05
4183-WCSEP,Yes,Male,Month-to-month,Electronic check,78.45
4184-TJFAN,Yes,Female,Month-to-month,Mailed check,88.3
4184-VODJZ,No,Male,One year,Electronic check,91.35
4186-ZBUEW,No,Female,One year,Mailed check,70.7
4187-CINZD,Yes,Female,One year,Credit card (automatic),95.25
4188-FRABG,No,Male,Month-to-month,Electronic check,103.05
4188-PCPIG,No,Female,Two year,Credit card (automatic),70.35
4189-NAKJS,No,Male,One year,Credit card (automatic),51.55
4190-MFLUW,Yes,Female,Month-to-month,Credit card (automatic),55.2
4191-XOVOM,No,Male,Month-to-month,Electronic check,105.4
4192-GORJT,Yes,Male,Month-to-month,Electronic check,94.45
4193-IBKSW,No,Male,Two year,Bank transfer (automatic),24.75
4193-ORFCL,Yes,Female,Month-to-month,Mailed check,45.1
4194-FJARJ,No,Female,Two year,Bank transfer (automatic),60.0
4194-WHFCB,No,Female,Month-to-month,Bank transfer (automatic),96.65
4195-NZGTA,No,Female,Month-to-month,Electronic check,25.25
4195-PNGZS,No,Male,Two year,Bank transfer (automatic),24.45
4195-SMMNX,Yes,Male,Month-to-month,Mailed check,20.35
4198-VFOEA,No,Female,One year,Mailed check,33.6
4199-QHJNM,No,Male,Two year,Bank transfer (automatic),102.9
4201-JMNGR,Yes,Female,Month-to-month,Electronic check,55.8
4203-QGNZA,No,Female,Month-to-month,Mailed check,20.25
4208-UFFGW,Yes,Male,Month-to-month,Mailed check,44.95
4210-QFJMF,Yes,Female,Month-to-month,Electronic check,79.15
4211-MMAZN,Yes,Male,Month-to-month,Mailed check,20.25
4213-HKBJO,No,Female,Two year,Credit card (automatic),25.7
4220-TINQT,No,Female,Month-to-month,Electronic check,106.35
4223-BKEOR,No,Female,One year,Mailed check,64.85
4223-WOZCM,No,Male,Month-to-month,Mailed check,49.95
4226-KKDON,No,Male,Month-to-month,Electronic check,66.65
4227-OJHAL,No,Female,One year,Credit card (automatic),73.0
4228-ZGYUW,Yes,Male,Month-to-month,Electronic check,90.05
4229-CZMLL,Yes,Male,Month-to-month,Electronic check,74.9
4231-LZUYM,No,Female,Two year,Bank transfer (automatic),25.65
4232-JGKIY,No,Male,Month-to-month,Electronic check,19.2
4234-XTNEA,No,Male,Month-to-month,Electronic check,79.95
4236-UJPWO,No,Female,Month-to-month,Electronic check,24.5
4236-XPXAV,Yes,Female,Month-to-month,Mailed check,99.15
4237-CLSMM,No,Male,Month-to-month,Mailed check,20.0
4237-RLAQD,Yes,Male,Month-to-month,Mailed check,45.85
4238-HFHSN,No,Male,Month-to-month,Electronic check,82.15
4238-JSSWH,No,Female,Month-to-month,Bank transfer (automatic),102.05
4248-HCETZ,Yes,Male,Month-to-month,Mailed check,79.65
4248-QPAVC,Yes,Female,Month-to-month,Bank transfer (automatic),85.35
4250-FDVOU,Yes,Female,Month-to-month,Electronic check,56.25
4250-QVQRU,,Male,Month-to-month,Mailed check,19.25
4250-WAROZ,No,Male,Month-to-month,Electronic check,93.25
4250-ZBWLV,Yes,Male,One year,Electronic check,108.45
4254-QPEDE,No,Female,Two year,Credit card (automatic),66.25
4255-DDUOU,Yes,Female,Month-to-month,Mailed check,20.5
4256-ZWTZI,No,Female,Month-to-month,Mailed check,51.0
4257-GAESD,No,Female,Month-to-month,Credit card (automatic),45.0
4268-YNAHK,,Male,One year,Mailed check,20.15
4273-MBHYA,No,Female,Month-to-month,Electronic check,89.35
4274-DRSQT,No,Female,One year,Bank transfer (automatic),88.9
4274-OWWYO,Yes,Male,Month-to-month,Electronic check,74.35
4277-BWBML,No,Male,Two year,Bank transfer (automatic),19.95
4277-PVRAN,Yes,Female,Month-to-month,Bank transfer (automatic),80.1
4277-UDIEF,No,Male,Month-to-month,Bank transfer (automatic),81.0
4280-DLSHD,No,Male,Month-to-month,Mailed check,54.75
4282-ACRXS,No,Male,Month-to-month,Electronic check,24.85
4282-MSACW,No,Male,One year,Credit card (automatic),117.2
4282-YMKNA,Yes,Female,Month-to-month,Electronic check,74.75
4283-FUTGF,Yes,Male,Month-to-month,Electronic check,79.85
4283-IVYCI,No,Male,Month-to-month,Mailed check,64.95
4285-GYRQC,Yes,Female,Month-to-month,Electronic check,86.25
4289-DTDKW,Yes,Male,Month-to-month,Electronic check,101.3
4290-BSXUX,Yes,Male,Month-to-month,Bank transfer (automatic),79.65
4290-UZSKY,,Female,Month-to-month,Electronic check,79.0
4291-HPAXL,No,Male,Month-to-month,Mailed check,19.85
4291-HYEBC,No,Female,One year,Electronic check,39.1
4291-SHSBH,No,Male,Month-to-month,Electronic check,69.55
4291-TPNFG,No,Male,Two year,Bank transfer (automatic),82.3
4291-YZODP,No,Female,One year,Mailed check,20.05
4293-ETKAP,No,Female,Two year,Bank transfer (automatic),79.4
4295-YURET,No,Female,Two year,Credit card (automatic),72.6
4298-OYIFC,No,Male,Month-to-month,Electronic check,103.45
4299-OPXEJ,No,Female,Two year,Bank transfer (automatic),19.55
4299-SIMNS,No,Male,Month-to-month,Electronic check,81.15
4301-VVZKA,No,Male,Month-to-month,Electronic check,75.4
4302-ZYFEL,No,Male,One year,Credit card (automatic),20.55
4304-TSPVK,No,Female,Two year,Bank transfer (automatic),114.9
4304-XUMGI,No,Male,Two year,Bank transfer (automatic),75.15
4307-KTUMW,Yes,Male,Month-to-month,Electronic check,93.9
4307-KWMXE,No,Male,Month-to-month,Electronic check,35.75
4310-KEDTB,No,Female,Month-to-month,Mailed check,29.8
4311-QTTAI,No,Female,One year,Credit card (automatic),19.35
4312-GVYNH,No,Female,Two year,Bank transfer (automatic),49.85
4312-KFRXN,No,Male,Two year,Mailed check,25.4
4315-MURBD,Yes,Female,Month-to-month,Bank transfer (automatic),98.9
4316-XCSLJ,No,Male,Month-to-month,Mailed check,50.3
4317-VTEOA,Yes,Male,Month-to-month,Electronic check,50.75
4318-RAJVY,No,Female,One year,Mailed check,19.8
4320-QMLLA,No,Male,Month-to-month,Mailed check,54.85
4322-RCYMT,Yes,Male,One year,Bank transfer (automatic),75.8
4323-ELYYB,No,Male,One year,Mailed check,20.0
4323-OHFOW,No,Female,One year,Bank transfer (automatic),105.55
4323-SADQS,Yes,Male,Month-to-month,Electronic check,34.5
4324-AHJKS,No,Female,Month-to-month,Credit card (automatic),55.8
4324-BZCKL,No,Female,Month-to-month,Mailed check,55.55
4325-NFSKC,Yes,Male,Month-to-month,Electronic check,90.6
4328-VUFWD,No,Female,One year,Electronic check,59.3
4329-YPDDQ,No,Male,Month-to-month,Bank transfer (automatic),108.2
4332-MUOEZ,No,Male,One year,Credit card (automatic),94.3
4334-HOWRP,No,Male,Two year,Credit card (automatic),64.95
4335-BSMJS,No,Female,Two year,Credit card (automatic),25.8
4335-UPJSI,No,Female,Two year,Mailed check,19.75
4338-EYCER,No,Male,Month-to-month,Bank transfer (automatic),54.6
4342-HENTK,Yes,Female,Month-to-month,Electronic check,70.65
4342-HFXWS,No,Female,One year,Bank transfer (automatic),69.7
4343-EJVQB,No,Male,Month-to-month,Mailed check,74.35
4349-GFQHK,Yes,Male,Month-to-month,Electronic check,54.35
4350-ZTLPI,No,Female,One year,Bank transfer (automatic),108.95
4351-QLCSU,Yes,Female,Month-to-month,Credit card (automatic),55.0
4353-HYOJD,No,Female,Month-to-month,Mailed check,49.85
4355-CVPVS,No,Female,One year,Bank transfer (automatic),88.9
4355-HBJHH,Yes,Male,Two year,Electronic check,79.7
4359-INNWN,No,Female,One year,Credit card (automatic),20.05
4360-PNRQB,No,Male,Month-to-month,Bank transfer (automatic),75.6
4360-QRAVE,No,Male,Month-to-month,Electronic check,36.65
4361-BKAXE,Yes,Female,Month-to-month,Bank transfer (automatic),114.5
4361-FEBGN,No,Male,Two year,Credit card (automatic),20.15
4361-JEIVL,Yes,Male,Month-to-month,Electronic check,44.4
4365-MSDYN,No,Male,Month-to-month,Bank transfer (automatic),19.55
4366-CTOUZ,No,Female,Two year,Mailed check,100.2
4367-NHWMM,No,Female,Month-to-month,Mailed check,24.9
4367-NUYAO,No,Male,Two year,Mailed check,25.75
4369-HTUIF,Yes,Male,Month-to-month,Bank transfer (automatic),85.15
4369-NYSCF,No,Male,One year,Bank transfer (automatic),75.75
4373-MAVJG,Yes,Female,Month-to-month,Bank transfer (automatic),90.9
4373-VVHQL,No,Male,Month-to-month,Electronic check,44.75
4374-YMUSQ,No,Male,One year,Credit card (automatic),116.25
4376-KFVRS,No,Male,Two year,Credit card (automatic),114.05
4377-VDHYI,No,Male,One year,Electronic check,90.8
4378-BZYFP,No,Male,One year,Mailed check,20.5
4378-MYPGO,No,Male,Two year,Bank transfer (automatic),105.25
4381-MHQDC,No,Female,Two year,Mailed check,65.0
4385-GZQXV,Yes,Female,Month-to-month,Electronic check,94.45
4385-ZKVNW,No,Male,Month-to-month,Bank transfer (automatic),54.9
4389-UEFCZ,No,Female,Two year,Electronic check,105.5
4390-KYULV,Yes,Male,Month-to-month,Credit card (automatic),20.55
4391-LNRXK,No,Male,Month-to-month,Bank transfer (automatic),94.95
4391-RESHN,Yes,Male,Month-to-month,Mailed check,104.05
4393-GEADV,No,Male,Two year,Credit card (automatic),114.75
4393-OBCRR,No,Female,One year,Mailed check,20.25
4393-RYCRE,No,Male,One year,Electronic check,106.05
4395-PZMSN,No,Male,Month-to-month,Electronic check,85.55
4396-KLSEH,No,Male,Month-to-month,Electronic check,19.85
4397-FRLTA,No,Female,Month-to-month,Mailed check,20.15
4398-HSCJH,Yes,Female,Month-to-month,Electronic check,63.6
4402-FTBXC,No,Male,Month-to-month,Mailed check,89.8
4403-BWPAY,No,Male,One year,Credit card (automatic),24.8
4404-HIBDJ,Yes,Female,One year,Mailed check,74.3
4412-YLTKF,Yes,Female,Month-to-month,Electronic check,78.05
4415-IJZTP,Yes,Female,Month-to-month,Electronic check,74.5
4415-WNGVR,No,Female,One year,Electronic check,79.2
4418-LZMSV,No,Male,Month-to-month,Bank transfer (automatic),61.8
4419-UJMUS,No,Male,Two year,Electronic check,99.35
4422-QVIJA,No,Female,Month-to-month,Mailed check,50.15
4423-JWZJN,No,Male,One year,Credit card (automatic),90.25
4423-YLHDV,Yes,Female,Month-to-month,Bank transfer (automatic),104.4
4424-TKOPW,Yes,Male,Month-to-month,Electronic check,93.85
4425-OWHWB,No,Female,One year,Credit card (automatic),19.35
4429-WYGFR,No,Male,Month-to-month,Bank transfer (automatic),49.15
4430-UZIPO,Yes,Male,Month-to-month,Mailed check,36.85
4430-YHXGG,No,Female,Month-to-month,Mailed check,25.45
4431-EDMIQ,No,Female,Month-to-month,Electronic check,75.7
4432-ADRLB,Yes,Male,Month-to-month,Mailed check,44.65
4433-JCGCG,Yes,Male,Month-to-month,Electronic check,101.0
4438-GGYWL,,Male,Two year,Bank transfer (automatic),115.55
4439-JMPMT,Yes,Female,Month-to-month,Electronic check,85.75
4439-YRNVD,No,Female,Month-to-month,Electronic check,36.25
4441-NIHPT,Yes,Female,Month-to-month,Electronic check,74.3
4443-EMBNA,No,Female,Two year,Bank transfer (automatic),24.75
4445-KWOKW,No,Female,One year,Bank transfer (automatic),60.15
4445-ZJNMU,No,Male,Month-to-month,Credit card (automatic),99.3
4446-BZKHU,Yes,Male,Month-to-month,Electronic check,105.55
4450-DLLMH,No,Male,Month-to-month,Credit card (automatic),71.3
4450-MDZFX,No,Male,Month-to-month,Bank transfer (automatic),74.35
4450-YOOHP,No,Female,Month-to-month,Credit card (automatic),50.65
4451-RWASJ,No,Male,One year,Mailed check,19.5
4452-QIIEB,No,Male,Month-to-month,Mailed check,43.9
4452-ROHMO,No,Female,Two year,Mailed check,19.6
4455-BFSPD,No,Female,One year,Bank transfer (automatic),101.15
4456-RHSNB,No,Female,Month-to-month,Bank transfer (automatic),49.6
4458-KVRBJ,No,Male,Two year,Mailed check,25.0
4459-BBGHE,No,Male,Month-to-month,Electronic check,44.5
4462-CYWMH,No,Male,Month-to-month,Bank transfer (automatic),89.8
4464-JCOLN,Yes,Male,One year,Mailed check,19.85
4465-VDKIQ,No,Female,Month-to-month,Electronic check,77.8
4468-KAZHE,No,Female,Month-to-month,Electronic check,60.0
4468-MLDTH,,Male,Month-to-month,Electronic check,61.3
4468-YDOVK,No,Male,Month-to-month,Bank transfer (automatic),48.65
4471-KXAUH,Yes,Female,Month-to-month,Electronic check,84.3
4471-OIIDG,,Female,Month-to-month,Electronic check,100.6
4472-LVYGI,No,Female,Two year,Bank transfer (automatic),52.55
4472-VESGY,No,Female,Month-to-month,Bank transfer (automatic),98.15
4475-NVTLU,No,Male,Two year,Electronic check,19.2
4476-OSWTN,No,Male,One year,Mailed check,110.55
4477-QAXWD,,Male,One year,Credit card (automatic),38.1
4480-MBMLB,No,Female,One year,Bank transfer (automatic),104.8
4480-QQRHC,No,Female,Month-to-month,Bank transfer (automatic),74.05
4482-EWFMI,No,Female,Month-to-month,Electronic check,69.7
4482-FTFFX,No,Male,Month-to-month,Electronic check,56.15
4484-CGXFK,Yes,Female,Month-to-month,Electronic check,55.3
4484-GLZOU,Yes,Female,Month-to-month,Electronic check,105.05
4486-EFAEB,No,Male,Month-to-month,Electronic check,20.4
4487-ZYJZK,No,Female,One year,Credit card (automatic),19.6
4488-KQFDT,No,Female,One year,Electronic check,103.95
4488-PSYCG,Yes,Male,Month-to-month,Bank transfer (automatic),20.25
4489-SNOJF,Yes,Female,Month-to-month,Electronic check,72.25
4495-LHSSK,No,Female,Month-to-month,Mailed check,57.65
4498-WRAJX,,Male,Month-to-month,Credit card (automatic),105.1
4500-HKANN,No,Male,Two year,Mailed check,59.7
4501-EQDRN,Yes,Female,Month-to-month,Bank transfer (automatic),69.7
4501-UYKBC,No,Female,One year,Credit card (automatic),69.1
4501-VCPFK,No,Male,Month-to-month,Electronic check,35.75
4503-BDXBD,Yes,Male,Month-to-month,Electronic check,74.95
4504-YOULA,No,Female,Month-to-month,Credit card (automatic),59.45
4505-EXZHB,Yes,Female,Month-to-month,Electronic check,74.4
4508-OEBEY,No,Male,One year,Credit card (automatic),75.5
4510-HIMLV,Yes,Male,Month-to-month,Electronic check,69.8
4510-PYUSH,Yes,Female,Month-to-month,Credit card (automatic),57.15
4512-ZUIYL,Yes,Female,Month-to-month,Bank transfer (automatic),70.0
4513-CXYIX,No,Female,Two year,Credit card (automatic),80.7
4514-GFCFI,Yes,Female,Month-to-month,Electronic check,84.75
4518-FZBSX,No,Male,One year,Mailed check,20.25
4521-WFJAI,No,Male,Two year,Bank transfer (automatic),25.95
4521-YEEHE,No,Female,Month-to-month,Electronic check,88.85
4522-AKYLR,No,Female,Month-to-month,Electronic check,54.8
4522-XRWWI,No,Male,One year,Credit card (automatic),80.45
4523-WXCEF,Yes,Female,Month-to-month,Electronic check,101.1
4524-QCSSM,No,Male,Month-to-month,Bank transfer (automatic),44.65
4525-VZCZG,No,Male,One year,Electronic check,105.85
4526-EXKKN,No,Male,Two year,Mailed check,24.6
4526-RMTLL,No,Male,Two year,Credit card (automatic),76.15
4526-ZJJTM,No,Female,Month-to-month,Bank transfer (automatic),88.4
4529-CKBCL,Yes,Female,Month-to-month,Electronic check,80.2
4530-NDRKU,No,Female,One year,Electronic check,19.05
4531-AUZNK,No,Female,One year,Mailed check,95.15
4534-WGCIR,No,Female,Two year,Credit card (automatic),25.15
4536-IPCKQ,,Male,Month-to-month,Electronic check,98.6
4536-PLEQY,No,Male,Month-to-month,Credit card (automatic),85.05
4537-CIBHB,No,Female,One year,Mailed check,20.25
4537-DKTAL,No,Female,Month-to-month,Electronic check,45.55
4538-WNTMJ,No,Female,One year,Mailed check,24.95
4541-RMRLG,Yes,Male,Month-to-month,Electronic check,19.25
4544-RXFMG,No,Male,One year,Mailed check,43.45
4546-FOKWR,No,Female,Month-to-month,Credit card (automatic),74.75
4547-FZJWE,No,Male,One year,Credit card (automatic),59.45
4547-KQRTM,Yes,Female,Month-to-month,Bank transfer (automatic),80.05
4547-LYTDD,Yes,Female,Month-to-month,Electronic check,72.65
4548-SDBKE,Yes,Female,Month-to-month,Electronic check,85.2
4549-ZDQYY,No,Female,One year,Credit card (automatic),57.95
4550-EVXNY,Yes,Female,Month-to-month,Electronic check,69.65
4550-VBOFE,Yes,Male,Month-to-month,Electronic check,102.95
4553-DVPZG,No,Female,Month-to-month,Electronic check,101.35
4554-YGZIH,Yes,Male,Month-to-month,Credit card (automatic),90.05
4555-YIGPD,,Female,Month-to-month,Mailed check,57.2
4558-CGYCZ,No,Male,Month-to-month,Mailed check,19.75
4558-FANTW,Yes,Female,Month-to-month,Electronic check,91.85
4559-UWIHT,No,Male,Month-to-month,Electronic check,82.65
4560-WQAQW,No,Female,One year,Bank transfer (automatic),68.7
4565-EVZMJ,No,Female,One year,Mailed check,58.9
4565-NLZBV,No,Female,Two year,Bank transfer (automatic),24.65
4566-GOLUK,Yes,Male,Month-to-month,Bank transfer (automatic),107.35
4566-NECEV,No,Male,Month-to-month,Electronic check,96.55
4566-QVRRW,Yes,Female,Month-to-month,Electronic check,44.05
4567-AKPIA,No,Female,One year,Bank transfer (automatic),109.1
4568-KNYWR,No,Male,Two year,Credit card (automatic),63.25
4568-TTZRT,No,Male,Month-to-month,Mailed check,20.4
4570-QHXHL,No,Female,Month-to-month,Electronic check,43.75
4572-DVCGN,Yes,Female,Month-to-month,Bank transfer (automatic),80.25
4573-JKNAE,No,Male,Two year,Bank transfer (automatic),19.35
4576-CSAJH,Yes,Male,One year,Credit card (automatic),55.15
4578-PHJYZ,No,Male,One year,Electronic check,68.75
4580-TMHJU,Yes,Female,Month-to-month,Electronic check,56.15
4581-LNWUM,No,Female,Month-to-month,Electronic check,49.15
4581-SSPWD,Yes,Female,Month-to-month,Electronic check,75.8
4583-PARNH,No,Male,Month-to-month,Electronic check,91.55
4584-LBNMK,No,Male,One year,Credit card (automatic),24.7
4585-HETAI,Yes,Female,Month-to-month,Electronic check,73.75
4585-XOMAN,,Male,Month-to-month,Credit card (automatic),85.2
4587-NUKOX,Yes,Female,Month-to-month,Electronic check,79.1
4587-VVTOX,Yes,Female,Month-to-month,Electronic check,105.3
4588-YBNIB,Yes,Female,Month-to-month,Mailed check,19.6
4589-IUAJB,No,Male,Two year,Bank transfer (automatic),24.25
4592-IWTJI,Yes,Female,Month-to-month,Credit card (automatic),29.7
4597-ELFTS,Yes,Male,One year,Electronic check,24.9
4597-NUCQV,Yes,Male,Month-to-month,Electronic check,101.25
4598-XLKNJ,Yes,Female,Month-to-month,Electronic check,98.5
4598-ZADCK,No,Female,One year,Electronic check,53.6
4603-FDONU,,Female,Month-to-month,Electronic check,35.15
4603-JANFB,Yes,Male,Month-to-month,Electronic check,69.85
4607-CHPCA,Yes,Male,One year,Electronic check,90.4
4608-LCIMN,No,Male,Month-to-month,Bank transfer (automatic),44.65
4609-KNNWG,No,Female,Two year,Mailed check,19.9
4610-WUVVT,,Male,Month-to-month,Electronic check,100.7
4611-ANLQC,No,Female,One year,Electronic check,50.05
4612-SSVHJ,No,Female,Month-to-month,Electronic check,81.45
4612-THJBS,Yes,Female,One year,Bank transfer (automatic),104.75
4614-NUVZD,Yes,Female,Month-to-month,Electronic check,81.1
4615-PIVVU,No,Female,Two year,Credit card (automatic),66.5
4616-EWBNJ,No,Female,One year,Bank transfer (automatic),20.1
4616-ULAOA,No,Female,Two year,Credit card (automatic),110.8
4619-EVPHY,No,Female,One year,Bank transfer (automatic),91.0
4622-YNKIJ,No,Male,Two year,Electronic check,88.95
4623-ZKHLY,No,Male,Month-to-month,Bank transfer (automatic),20.45
4625-EWPTF,Yes,Male,Month-to-month,Electronic check,30.45
4625-LAMOB,No,Male,Two year,Credit card (automatic),20.4
4625-XMOYM,No,Female,Two year,Bank transfer (automatic),26.25
4626-GYCZP,Yes,Male,Month-to-month,Electronic check,93.85
4626-JYHAY,,Female,Month-to-month,Electronic check,94.1
4626-OZDTJ,No,Female,One year,Credit card (automatic),78.65
4627-MIHJH,No,Female,Two year,Credit card (automatic),110.25
4628-CTTLA,Yes,Male,Month-to-month,Electronic check,39.3
4628-WQCQQ,Yes,Male,One year,Electronic check,85.15
4629-NRXKX,Yes,Female,Month-to-month,Electronic check,70.4
4631-OACRM,Yes,Male,Month-to-month,Electronic check,79.4
4632-PAOYU,No,Male,One year,Mailed check,19.95
4632-XJMEX,No,Male,One year,Credit card (automatic),62.85
4633-MKHYU,No,Female,Month-to-month,Mailed check,88.4
4634-JLRJT,No,Female,Month-to-month,Mailed check,20.35
4635-EJYPD,No,Male,Two year,Mailed check,18.95
4636-JGAAI,No,Male,Month-to-month,Mailed check,88.85
4636-OLWOE,No,Male,One year,Electronic check,61.0
4636-QRJKY,Yes,Female,Month-to-month,Electronic check,80.5
4636-TVXVG,No,Male,One year,Bank transfer (automatic),19.95
4640-UHDOS,Yes,Female,Month-to-month,Electronic check,55.95
4641-FROLU,No,Female,Two year,Mailed check,19.3
4644-OBGFZ,No,Male,One year,Mailed check,19.5
4644-PIZRT,No,Male,One year,Bank transfer (automatic),70.35
4646-QZXTF,No,Female,Month-to-month,Bank transfer (automatic),81.25
4647-MUZON,No,Female,Month-to-month,Credit card (automatic),95.95
4647-XXZAM,No,Female,Month-to-month,Mailed check,45.5
4648-YPBTM,No,Male,Two year,Bank transfer (automatic),73.9
4652-NNHNY,Yes,Male,Month-to-month,Bank transfer (automatic),73.85
4652-ODEVH,No,Male,Two year,Mailed check,24.45
4654-DLAMQ,No,Female,One year,Bank transfer (automatic),97.0
4654-GGUII,No,Female,One year,Mailed check,40.2
4654-ULTTN,No,Male,Two year,Credit card (automatic),74.8
4656-CAURT,No,Male,Two year,Bank transfer (automatic),23.95
4657-FWVFY,No,Female,Month-to-month,Credit card (automatic),96.35
4658-HCOHW,Yes,Female,Month-to-month,Electronic check,102.8
4659-NZRUF,Yes,Female,Month-to-month,Electronic check,95.15
4660-IRIBM,No,Male,Month-to-month,Mailed check,87.9
4661-NJEUX,No,Male,Month-to-month,Mailed check,20.05
4662-EKDPQ,Yes,Male,Month-to-month,Bank transfer (automatic),62.05
4664-NJCMS,No,Female,Two year,Bank transfer (automatic),59.55
4667-OHGKG,Yes,Male,Month-to-month,Mailed check,19.3
4667-QONEA,No,Female,One year,Credit card (automatic),74.85
4670-TABXH,No,Male,Two year,Credit card (automatic),109.75
4671-LXRDQ,Yes,Male,Month-to-month,Mailed check,45.0
4671-VJLCL,No,Female,Two year,Credit card (automatic),79.85
4672-FOTSD,No,Male,Month-to-month,Electronic check,67.25
4673-KKSLS,No,Female,Month-to-month,Electronic check,87.6
4674-HGNUA,No,Male,Two year,Credit card (automatic),89.9
4674-LRJIC,,Female,Month-to-month,Electronic check,94.4
4676-MQUEA,No,Male,One year,Bank transfer (automatic),101.9
4676-WLUHT,No,Male,Two year,Bank transfer (automatic),46.2
4678-DVQEO,Yes,Female,Month-to-month,Electronic check,52.2
4680-KUTAJ,No,Female,Month-to-month,Electronic check,55.6
4682-BLBUC,No,Male,One year,Electronic check,70.95
4683-WYDOU,No,Male,Two year,Bank transfer (automatic),107.6
4685-ERGHK,No,Male,One year,Electronic check,86.9
4685-TFLLS,No,Male,One year,Bank transfer (automatic),19.8
4686-GEFRM,No,Male,Two year,Bank transfer (automatic),98.7
4686-UXDML,No,Female,Month-to-month,Credit card (automatic),99.85
4690-LLKUA,Yes,Male,Month-to-month,Electronic check,45.05
4690-PKDQG,No,Female,Month-to-month,Electronic check,95.55
4691-NEWPF,,Male,Month-to-month,Bank transfer (automatic),45.9
4692-NNQRU,No,Female,One year,Electronic check,79.2
4693-VWVBO,No,Female,Month-to-month,Electronic check,19.55
4694-PHWFW,No,Female,Month-to-month,Mailed check,19.95
4695-VADHF,Yes,Male,Month-to-month,Electronic check,57.45
4695-WJZUE,Yes,Female,Month-to-month,Electronic check,88.55
4697-LUPSU,No,Male,One year,Mailed check,20.2
4698-KVLLG,No,Female,Two year,Credit card (automatic),19.6
4700-UBQMV,No,Male,One year,Bank transfer (automatic),75.9
4701-AHWMW,Yes,Male,Month-to-month,Bank transfer (automatic),54.55
4701-LKOZD,No,Female,Two year,Credit card (automatic),89.75
4701-MLJPN,Yes,Male,Month-to-month,Electronic check,55.25
4702-HDRKD,No,Male,One year,Bank transfer (automatic),49.35
4702-IOQDC,Yes,Female,Month-to-month,Electronic check,70.1
4703-MQYKT,No,Male,Two year,Mailed check,19.6
4704-ERYFC,Yes,Female,Month-to-month,Electronic check,69.25
4706-AXVKM,Yes,Female,Month-to-month,Credit card (automatic),84.8
4706-DGAHW,No,Male,Month-to-month,Electronic check,45.2
4707-MAXGU,No,Male,Two year,Credit card (automatic),25.85
4707-YNOQA,No,Female,One year,Credit card (automatic),25.6
4709-LKHYG,No,Female,One year,Electronic check,20.0
4710-FDUIZ,Yes,Male,One year,Credit card (automatic),100.3
4710-NKCAW,No,Male,Month-to-month,Credit card (automatic),64.4
4712-AUQZO,No,Male,Month-to-month,Mailed check,33.6
4712-UYOOI,No,Female,Month-to-month,Electronic check,20.0
4713-LZDRV,Yes,Female,Month-to-month,Electronic check,79.6
4713-ZBURT,No,Male,Two year,Bank transfer (automatic),99.7
4716-HHKQH,No,Male,Month-to-month,Electronic check,107.05
4716-MRVEN,No,Female,One year,Mailed check,20.0
4717-GHADL,No,Female,Two year,Mailed check,79.6
4718-DHSMV,No,Female,Month-to-month,Mailed check,35.8
4718-WXBGI,No,Male,Two year,Credit card (automatic),91.95
4719-UMSIY,No,Male,Month-to-month,Mailed check,19.65
4720-VSTSI,Yes,Female,Month-to-month,Bank transfer (automatic),84.8
4723-BEGSG,No,Male,Two year,Credit card (automatic),86.65
4724-WXVWF,No,Male,Month-to-month,Electronic check,95.4
4726-DLWQN,No,Male,Month-to-month,Bank transfer (automatic),70.35
4727-MCYZG,No,Male,Month-to-month,Mailed check,55.55
4729-XKASR,Yes,Male,Month-to-month,Electronic check,24.75
4730-AWNAU,No,Male,One year,Credit card (automatic),60.7
4732-RRJZC,No,Male,Month-to-month,Mailed check,20.25
4735-ASGMA,Yes,Male,Month-to-month,Electronic check,98.35
4735-BJKOU,No,Female,Two year,Mailed check,20.15
4737-AQCPU,No,Male,Two year,Credit card (automatic),72.1
4737-HOBAX,No,Male,Two year,Credit card (automatic),79.8
4741-WWJQZ,No,Female,Month-to-month,Electronic check,80.15
4742-DRORA,No,Male,One year,Bank transfer (automatic),95.4
4742-TXUEX,No,Female,Two year,Bank transfer (automatic),19.3
4745-LSPLO,Yes,Male,Month-to-month,Mailed check,20.5
4747-LCAQL,No,Male,Month-to-month,Mailed check,79.0
4749-OJKQU,No,Female,Month-to-month,Electronic check,75.65
4749-VFKVB,Yes,Female,Month-to-month,Mailed check,50.1
4750-UKWJK,No,Female,One year,Mailed check,19.6
4750-ZRXIU,Yes,Female,Month-to-month,Electronic check,84.6
4751-ERMAN,No,Male,Two year,Bank transfer (automatic),75.4
4753-PADAS,No,Female,One year,Bank transfer (automatic),105.7
4759-PXTAN,No,Female,One year,Electronic check,80.1
4759-TRPLW,Yes,Male,Month-to-month,Electronic check,70.4
4760-THGOT,No,Female,Month-to-month,Electronic check,94.1
4760-XOHVN,Yes,Female,Month-to-month,Mailed check,19.45
4762-XTUEC,,Female,One year,Credit card (automatic),109.7
4763-PGDPO,Yes,Female,Month-to-month,Electronic check,70.4
4765-OXPPD,Yes,Female,Month-to-month,Mailed check,65.0
4767-HZZHQ,No,Male,Month-to-month,Bank transfer (automatic),82.05
4770-QAZXN,No,Female,Month-to-month,Credit card (automatic),19.45
4770-UEZOX,No,Male,Month-to-month,Electronic check,74.75
4774-HHGGS,No,Male,Two year,Mailed check,19.05
4776-XSKYQ,No,Female,One year,Credit card (automatic),30.25
4778-IZARL,No,Male,Two year,Credit card (automatic),110.1
4779-ZGICK,No,Male,Two year,Mailed check,23.55
4781-ZXYGU,No,Male,Month-to-month,Bank transfer (automatic),20.15
4782-OSFXZ,No,Female,Two year,Bank transfer (automatic),82.7
4785-FCIFB,No,Female,Two year,Mailed check,24.4
4785-NKHCX,No,Male,Month-to-month,Bank transfer (automatic),20.05
4785-QRJHC,Yes,Male,One year,Bank transfer (automatic),59.9
4786-UKSNZ,Yes,Male,Month-to-month,Mailed check,20.2
4789-KWMXN,Yes,Male,One year,Credit card (automatic),110.85
4791-QRGMF,Yes,Male,One year,Bank transfer (automatic),99.5
4795-KTRTH,Yes,Female,Month-to-month,Electronic check,81.0
4795-UXVCJ,No,Male,One year,Credit card (automatic),19.8
4795-WRNVT,No,Female,Month-to-month,Mailed check,65.1
4797-AXPXK,Yes,Female,Month-to-month,Electronic check,60.0
4797-MIWUM,No,Male,Month-to-month,Bank transfer (automatic),20.25
4800-CZMPC,Yes,Female,One year,Credit card (automatic),103.25
4800-VHZKI,Yes,Female,Month-to-month,Mailed check,19.9
4801-JZAZL,No,Female,Month-to-month,Electronic check,29.6
4801-KFYKL,No,Male,Month-to-month,Bank transfer (automatic),19.45
4803-AXVYP,Yes,Female,Month-to-month,Electronic check,99.55
4803-LBYPN,No,Male,Month-to-month,Mailed check,20.8
4804-NCPET,No,Male,Two year,Mailed check,20.2
4805-ZRGEZ,,Male,One year,Bank transfer (automatic),64.05
4806-DXQCE,No,Female,Two year,Electronic check,113.65
4806-HIPDW,Yes,Female,Month-to-month,Electronic check,68.95
4806-KEXQR,Yes,Male,Month-to-month,Electronic check,79.9
4807-IZYOZ,No,Female,Two year,Bank transfer (automatic),20.65
4808-YNLEU,No,Female,One year,Bank transfer (automatic),62.15
4811-JBUVU,No,Male,Month-to-month,Credit card (automatic),89.9
4813-HQMGZ,No,Female,Month-to-month,Electronic check,90.25
4815-GBTCD,No,Female,Month-to-month,Electronic check,25.15
4815-TUMEQ,No,Female,One year,Mailed check,19.3
4815-YOSUK,No,Male,One year,Credit card (automatic),104.9
4816-JBHOV,Yes,Male,Month-to-month,Electronic check,44.7
4816-LXZYW,Yes,Female,Month-to-month,Electronic check,79.15
4816-OKWNX,No,Male,One year,Bank transfer (automatic),103.4
4817-KEQSP,No,Female,Two year,Bank transfer (automatic),19.85
4817-QRJSX,Yes,Female,Month-to-month,Credit card (automatic),81.0
4817-VYYWS,Yes,Female,Month-to-month,Electronic check,100.2
4818-DRBQT,Yes,Male,Month-to-month,Bank transfer (automatic),80.15
4818-QIUFN,Yes,Female,Month-to-month,Electronic check,79.15
4819-HJPIW,No,Male,Month-to-month,Mailed check,25.15
4821-SJHJV,No,Female,Month-to-month,Electronic check,89.6
4821-WQOYN,No,Female,Two year,Credit card (automatic),20.1
4822-LPTYJ,No,Male,Two year,Bank transfer (automatic),103.75
4822-NGOCH,Yes,Female,Month-to-month,Electronic check,84.45
4822-RVYBB,Yes,Male,Month-to-month,Electronic check,100.6
4822-YCXMX,Yes,Male,Month-to-month,Electronic check,84.8
4824-GUCBY,No,Female,Month-to-month,Electronic check,81.7
4825-FUREZ,No,Male,Two year,Electronic check,20.25
4825-XJGDM,No,Female,One year,Credit card (automatic),43.7
4826-DXMUP,No,Male,One year,Mailed check,72.1
4826-TZEVA,No,Female,Month-to-month,Credit card (automatic),74.8
4826-XTSOH,Yes,Male,Month-to-month,Electronic check,86.05
4827-DPADN,No,Female,Two year,Bank transfer (automatic),83.3
4827-LTQRJ,No,Female,One year,Credit card (automatic),110.6
4827-USJHP,No,Male,Month-to-month,Mailed check,51.8
4828-FAZPK,No,Female,Month-to-month,Credit card (automatic),79.95
4829-AUOAX,Yes,Female,Month-to-month,Bank transfer (automatic),96.05
4829-ZLJTK,No,Female,Two year,Electronic check,112.4
4830-FAXFM,No,Male,Month-to-month,Credit card (automatic),24.1
4831-EOBFE,Yes,Male,Month-to-month,Credit card (automatic),94.65
4832-VRBMR,No,Male,One year,Bank transfer (automatic),103.15
4833-QTJNO,No,Male,Month-to-month,Bank transfer (automatic),83.85
4835-YSJMR,No,Male,Two year,Bank transfer (automatic),49.8
4836-WNFNO,No,Female,Two year,Credit card (automatic),25.0
4837-PZTIC,No,Female,Two year,Mailed check,41.9
4837-QUSFT,No,Female,One year,Bank transfer (automatic),100.15
4840-ORQXB,No,Female,Month-to-month,Electronic check,104.75
4844-JJWUY,Yes,Female,Month-to-month,Electronic check,86.0
4846-WHAFZ,Yes,Female,Month-to-month,Electronic check,76.5
4847-QNOKA,Yes,Female,Month-to-month,Bank transfer (automatic),44.9
4847-TAJYI,No,Female,Month-to-month,Electronic check,89.35
4849-PYRLQ,No,Female,Two year,Bank transfer (automatic),73.25
4851-BQDNX,No,Male,One year,Electronic check,85.05
4853-OITSN,No,Male,Month-to-month,Electronic check,89.15
4853-RULSV,Yes,Male,Two year,Credit card (automatic),104.0
4854-CIDCF,No,Female,Month-to-month,Electronic check,73.85
4854-SSLTN,No,Male,Two year,Mailed check,59.5
4855-SNKMY,Yes,Female,Month-to-month,Electronic check,44.1
4859-ZSRDZ,No,Female,Two year,Credit card (automatic),55.5
4860-IJUDE,No,Male,Month-to-month,Credit card (automatic),73.75
4860-YZGZM,No,Male,Month-to-month,Electronic check,20.0
4868-AADLV,No,Male,One year,Electronic check,116.25
4869-EPIUS,No,Male,One year,Electronic check,80.9
4871-JTKJF,Yes,Female,Month-to-month,Electronic check,69.65
4872-JCVCA,No,Female,Two year,Bank transfer (automatic),47.6
4872-VXRIL,No,Male,One year,Bank transfer (automatic),64.65
4873-ILOLJ,Yes,Male,Month-to-month,Electronic check,90.35
4877-EVATK,Yes,Male,Month-to-month,Mailed check,20.0
4877-TSOFF,No,Female,One year,Bank transfer (automatic),75.75
4878-BUNFV,No,Male,Two year,Mailed check,20.7
4878-SMQBX,,Female,Month-to-month,Bank transfer (automatic),18.75
4879-GZLFH,No,Female,Month-to-month,Electronic check,92.15
4881-GQJTW,No,Male,Month-to-month,Credit card (automatic),19.6
4881-JVQOD,No,Male,Month-to-month,Bank transfer (automatic),34.55
4883-KCPZJ,No,Female,Two year,Credit card (automatic),25.25
4883-QICIH,Yes,Male,Month-to-month,Bank transfer (automatic),69.75
4884-LEVMQ,No,Male,Two year,Bank transfer (automatic),20.45
4884-TVUQF,No,Female,Two year,Credit card (automatic),101.3
4884-ZTHVF,No,Female,Month-to-month,Electronic check,87.1
4890-VMUAV,No,Male,One year,Electronic check,71.5
4891-NLUBA,No,Female,Two year,Bank transfer (automatic),61.45
4892-VLANZ,Yes,Male,Month-to-month,Mailed check,19.8
4893-GYUJU,No,Female,One year,Mailed check,19.35
4895-TMWIR,Yes,Male,Month-to-month,Mailed check,19.95
4896-CPRPF,No,Male,Two year,Bank transfer (automatic),25.45
4897-QSUYC,Yes,Female,Month-to-month,Mailed check,20.15
4900-MSOMT,No,Female,Two year,Bank transfer (automatic),80.2
4902-OHLSK,Yes,Female,Month-to-month,Electronic check,98.65
4903-CNOZC,No,Male,One year,Credit card (automatic),70.9
4903-UYAVB,Yes,Male,Month-to-month,Mailed check,19.35
4905-JEFDW,Yes,Male,One year,Electronic check,41.6
4906-ZHGPK,No,Male,One year,Electronic check,70.7
4908-XAXAY,No,Female,One year,Bank transfer (automatic),89.85
4909-JOUPP,No,Male,Two year,Credit card (automatic),109.7
4910-AQFFX,Yes,Male,Month-to-month,Bank transfer (automatic),79.35
4910-GMJOT,Yes,Female,Month-to-month,Electronic check,94.6
4911-BANWH,Yes,Female,Month-to-month,Credit card (automatic),86.55
4912-PIGUY,No,Female,Month-to-month,Electronic check,84.6
4913-EHYUI,Yes,Male,One year,Bank transfer (automatic),104.55
4915-BFSXL,No,Male,Two year,Credit card (automatic),68.95
4918-FYJNT,No,Female,Month-to-month,Electronic check,90.45
4918-QLLIW,Yes,Male,Month-to-month,Credit card (automatic),53.4
4919-IKATY,Yes,Male,Month-to-month,Electronic check,84.5
4919-MOAVT,Yes,Male,Month-to-month,Electronic check,69.65
4922-CVPDX,No,Female,Two year,Credit card (automatic),73.5
4923-ADWXJ,No,Female,Month-to-month,Bank transfer (automatic),65.8
4925-LMHOK,Yes,Male,Month-to-month,Credit card (automatic),58.6
4926-UMJZD,No,Female,Month-to-month,Mailed check,49.2
4927-WWOOZ,No,Male,Month-to-month,Electronic check,91.45
4929-BSTRX,Yes,Female,Month-to-month,Mailed check,53.55
4929-ROART,No,Male,Month-to-month,Mailed check,56.25
4929-XIHVW,No,Male,Month-to-month,Credit card (automatic),95.5
4931-TRZWN,No,Female,Month-to-month,Electronic check,71.95
4933-BSAIP,No,Female,Two year,Mailed check,19.1
4933-IKULF,No,Female,One year,Mailed check,20.65
4936-YPJNK,No,Female,Month-to-month,Mailed check,19.9
4937-QPZPO,No,Male,One year,Electronic check,99.9
4939-KYYPY,No,Male,Month-to-month,Electronic check,59.45
4940-KHCWD,No,Female,Two year,Bank transfer (automatic),37.7
4942-VZZOM,No,Male,One year,Credit card (automatic),66.15
4945-RVMTE,No,Female,Month-to-month,Bank transfer (automatic),59.55
4946-EDSEW,Yes,Female,Month-to-month,Mailed check,19.25
4946-VTTND,,Male,Month-to-month,Mailed check,75.0
4947-DSMXK,No,Male,Month-to-month,Bank transfer (automatic),97.7
4948-WBBKL,No,Female,Month-to-month,Bank transfer (automatic),74.9
4950-BDEUX,No,Male,Month-to-month,Electronic check,49.2
4950-HKQTE,No,Female,Two year,Mailed check,26.25
4951-UKAAQ,Yes,Female,Month-to-month,Electronic check,88.95
4952-YSOGZ,Yes,Female,Month-to-month,Electronic check,85.95
4955-VCWBI,No,Female,One year,Mailed check,20.0
4957-SREEC,No,Male,Two year,Credit card (automatic),20.35
4957-TIALW,No,Female,One year,Credit card (automatic),65.6
4957-TREIR,No,Male,Month-to-month,Credit card (automatic),64.4
4958-GZWIY,Yes,Male,Month-to-month,Electronic check,48.7
4958-XCBDQ,Yes,Male,Month-to-month,Electronic check,101.4
4959-JOSRX,Yes,Female,Month-to-month,Credit card (automatic),44.6
4962-CHQPW,No,Male,One year,Mailed check,19.85
4967-WPNCF,No,Male,Two year,Bank transfer (automatic),63.7
4971-PUYQO,Yes,Female,Month-to-month,Mailed check,94.55
4973-MGTON,No,Female,Two year,Credit card (automatic),84.4
4973-RLZVI,No,Female,One year,Credit card (automatic),74.65
4976-LNFVV,No,Male,Month-to-month,Credit card (automatic),34.3
4979-HPRFL,No,Male,Two year,Bank transfer (automatic),24.15
4980-URKXC,No,Male,One year,Bank transfer (automatic),20.85
4981-FLTMF,No,Female,Month-to-month,Bank transfer (automatic),65.2
4983-CCWMC,No,Male,Month-to-month,Mailed check,69.6
4983-CLMLV,No,Female,Month-to-month,Credit card (automatic),102.7
4986-MXSFP,No,Female,Month-to-month,Mailed check,20.0
4987-GQWPO,No,Male,Month-to-month,Credit card (automatic),25.1
4988-BNLTU,,Male,Month-to-month,Bank transfer (automatic),100.4
4988-IQIGL,Yes,Male,Month-to-month,Electronic check,75.35
4988-RZJHG,,Female,Month-to-month,Electronic check,84.9
4989-LIXVT,No,Male,Month-to-month,Electronic check,95.9
4990-ALDGW,No,Male,Two year,Mailed check,20.75
4992-LTJNE,No,Male,Two year,Bank transfer (automatic),55.3
4993-JCRGJ,No,Male,Month-to-month,Mailed check,84.3
4994-OBRSZ,No,Male,Two year,Bank transfer (automatic),76.1
4998-IKFSE,No,Female,Month-to-month,Electronic check,100.45
4999-IEZLT,No,Male,One year,Credit card (automatic),29.45
5002-GCQFH,No,Male,Month-to-month,Bank transfer (automatic),93.85
5003-OKNNK,No,Female,One year,Credit card (automatic),20.35
5003-XZWWO,No,Male,Two year,Credit card (automatic),84.2
5006-MXVRN,No,Female,Two year,Credit card (automatic),20.7
5010-IPEAQ,No,Female,Two year,Credit card (automatic),54.2
5012-YSPJJ,No,Male,Month-to-month,Mailed check,54.35
5013-SBUIH,Yes,Female,Two year,Electronic check,109.65
5014-GSOUQ,No,Male,Two year,Mailed check,19.95
5014-WUQMG,No,Male,One year,Electronic check,96.1
5016-ETTFF,Yes,Male,Month-to-month,Mailed check,29.5
5016-IBERQ,No,Male,Month-to-month,Electronic check,84.25
5016-LIPDW,No,Male,One year,Mailed check,19.4
5018-GWURO,No,Female,Month-to-month,Bank transfer (automatic),85.6
5018-HEKFO,No,Female,Month-to-month,Mailed check,24.5
5018-LXQQG,No,Female,Month-to-month,Bank transfer (automatic),66.3
5019-GQVCR,No,Male,Month-to-month,Electronic check,84.85
5020-ZSTTY,Yes,Female,One year,Bank transfer (automatic),82.45
5022-JNQEQ,No,Female,Month-to-month,Electronic check,75.85
5022-KVDQT,No,Male,Month-to-month,Electronic check,81.3
5025-GOOKI,No,Female,Month-to-month,Credit card (automatic),18.9
5027-QPKTE,Yes,Male,Month-to-month,Electronic check,69.35
5027-XWQHA,Yes,Male,Month-to-month,Electronic check,44.75
5027-YOCXN,No,Male,One year,Credit card (automatic),110.05
5028-GZLDO,Yes,Male,Month-to-month,Credit card (automatic),70.7
5028-HTLJB,Yes,Male,Month-to-month,Mailed check,20.05
5032-MIYKT,No,Female,Month-to-month,Mailed check,70.7
5032-USPKF,No,Female,One year,Bank transfer (automatic),84.1
5035-BVCXS,No,Male,Month-to-month,Mailed check,75.9
5035-PGZXH,No,Female,One year,Electronic check,106.8
5038-ETMLM,No,Female,Two year,Bank transfer (automatic),113.65
5039-LZRQT,No,Female,One year,Mailed check,20.2
5043-TRZWM,No,Female,Month-to-month,Electronic check,75.55
5044-LRQAQ,No,Female,Month-to-month,Bank transfer (automatic),69.2
5044-XDPYX,No,Female,Two year,Mailed check,25.5
5046-NUHWD,No,Female,Month-to-month,Electronic check,45.0
5047-LHVLY,Yes,Male,Month-to-month,Mailed check,50.15
5049-GLYVG,Yes,Male,Month-to-month,Mailed check,20.6
5049-MUBWG,No,Male,One year,Bank transfer (automatic),75.0
5052-PNLOS,Yes,Male,Month-to-month,Bank transfer (automatic),105.35
5054-IEXZT,Yes,Male,Month-to-month,Electronic check,75.35
5055-BRMNE,No,Female,Two year,Credit card (automatic),106.7
5055-MGMGF,No,Female,Month-to-month,Electronic check,105.05
5056-FIMPT,No,Female,One year,Credit card (automatic),106.0
5057-LCOUI,Yes,Female,Month-to-month,Electronic check,50.75
5057-RKGLH,No,Female,Two year,Mailed check,20.35
5060-TQUQN,No,Male,Month-to-month,Bank transfer (automatic),83.55
5061-PBXFW,No,Female,Month-to-month,Bank transfer (automatic),61.4
5062-CJJKH,No,Male,One year,Mailed check,53.65
5063-IUOKK,No,Male,Two year,Mailed check,19.75
5066-GFJMM,No,Female,Month-to-month,Mailed check,19.9
5067-DGXLL,No,Male,Month-to-month,Mailed check,20.25
5067-WJEUN,No,Male,Two year,Bank transfer (automatic),54.2
5067-XJQFU,No,Male,One year,Electronic check,108.45
5071-FBJFS,No,Female,Month-to-month,Electronic check,50.3
5073-RZGBK,No,Female,One year,Bank transfer (automatic),80.05
5073-WXOYN,Yes,Female,Month-to-month,Electronic check,50.8
5074-FBGHB,No,Male,One year,Credit card (automatic),104.65
5075-JSDKI,No,Female,Two year,Electronic check,24.45
5076-YVXCM,No,Male,Month-to-month,Bank transfer (automatic),83.4
5077-DXTCG,Yes,Female,Month-to-month,Electronic check,45.3
5081-NWSUP,No,Female,One year,Mailed check,64.9
5083-QPLHM,,Male,Month-to-month,Electronic check,65.45
5084-OOVCJ,No,Female,Month-to-month,Credit card (automatic),55.35
5087-SUURX,Yes,Female,Month-to-month,Electronic check,39.05
5088-QZLRL,No,Male,Month-to-month,Electronic check,20.65
5089-IFSDP,Yes,Female,Two year,Bank transfer (automatic),109.45
5090-EMGTC,No,Female,Two year,Mailed check,100.05
5091-HFAZW,No,Female,Month-to-month,Electronic check,91.15
5092-STPKP,No,Female,Month-to-month,Credit card (automatic),56.35
5093-FEGLU,No,Female,Two year,Bank transfer (automatic),19.65
5095-AESKG,Yes,Female,Month-to-month,Credit card (automatic),91.5
5095-ETBRJ,No,Female,Two year,Mailed check,56.8
5099-BAILX,Yes,Male,Month-to-month,Bank transfer (automatic),110.75
5103-MHMHY,Yes,Female,Month-to-month,Mailed check,45.95
5108-ADXWO,Yes,Male,Month-to-month,Electronic check,73.5
5110-CHOPY,No,Female,Two year,Electronic check,53.6
5115-GZDEL,No,Male,Two year,Credit card (automatic),67.2
5115-SQAAU,No,Female,Two year,Bank transfer (automatic),25.6
5117-IFGPS,No,Male,Month-to-month,Electronic check,84.3
5117-ZSMHQ,No,Female,Two year,Bank transfer (automatic),89.9
5118-MUEYH,No,Female,Month-to-month,Credit card (automatic),105.1
5119-KEPFY,No,Male,Month-to-month,Bank transfer (automatic),95.0
5119-NZPTV,No,Male,Month-to-month,Electronic check,70.1
5120-ZBLAI,No,Female,One year,Bank transfer (automatic),75.7
5122-CYFXA,No,Female,Month-to-month,Electronic check,75.3
5124-EOGYE,No,Male,Two year,Mailed check,20.45
5125-CNDSP,No,Male,One year,Bank transfer (automatic),40.6
5126-RCXYW,No,Male,Two year,Credit card (automatic),46.0
5127-BZENZ,No,Female,One year,Bank transfer (automatic),65.2
5129-HHMZC,No,Female,Two year,Credit card (automatic),86.45
5129-JLPIS,No,Male,Month-to-month,Electronic check,105.5
5130-IEKQT,Yes,Male,Month-to-month,Mailed check,105.95
5130-YPIRV,No,Female,Two year,Credit card (automatic),72.0
5131-PONJI,No,Male,Month-to-month,Credit card (automatic),90.4
5133-POWUA,No,Male,Month-to-month,Mailed check,45.8
5133-VRSAB,No,Male,Month-to-month,Mailed check,29.35
5134-IKDAY,Yes,Female,Month-to-month,Electronic check,69.8
5134-RCXTN,,Female,One year,Electronic check,25.2
5135-GRQJV,No,Male,Two year,Mailed check,114.5
5135-RDDQL,No,Female,Two year,Bank transfer (automatic),50.65
5136-GFPMB,No,Male,Month-to-month,Credit card (automatic),89.4
5136-KCKGI,Yes,Female,One year,Mailed check,103.7
5136-RGMZO,No,Male,Month-to-month,Electronic check,71.05
5138-WVKYJ,Yes,Male,Month-to-month,Electronic check,98.55
5140-FOMCQ,No,Female,One year,Credit card (automatic),109.15
5141-ZUVBH,No,Female,Month-to-month,Bank transfer (automatic),93.0
5143-EGQFK,Yes,Female,Month-to-month,Electronic check,29.65
5143-WMWOG,Yes,Male,Month-to-month,Electronic check,19.95
5144-PQCDZ,No,Male,Month-to-month,Mailed check,19.95
5144-TVGLP,No,Male,Month-to-month,Electronic check,94.75
5146-CBVOE,No,Female,Month-to-month,Bank transfer (automatic),75.1
5146-YYFRZ,No,Male,Two year,Bank transfer (automatic),19.95
5148-HKFIR,No,Female,Two year,Mailed check,19.7
5148-ORICT,No,Female,Two year,Mailed check,74.35
5149-CUZUJ,No,Male,One year,Bank transfer (automatic),92.9
5149-QYTTU,No,Female,One year,Credit card (automatic),95.15
5149-TGWDZ,No,Female,One year,Mailed check,104.55
5150-ITWWB,No,Male,Month-to-month,Electronic check,94.85
5150-LJNSR,No,Male,One year,Bank transfer (automatic),98.05
5151-HQRDG,No,Male,Month-to-month,Mailed check,55.05
5153-LXKDT,No,Male,Two year,Electronic check,110.2
5153-RTHKF,No,Female,Month-to-month,Electronic check,85.35
5154-VEKBL,Yes,Female,Month-to-month,Mailed check,58.5
5155-AZQPB,No,Female,Month-to-month,Mailed check,49.9
5156-UMKOW,No,Female,Month-to-month,Mailed check,29.65
5158-RIVOP,No,Female,Two year,Credit card (automatic),20.9
5159-YFPKQ,Yes,Female,Month-to-month,Electronic check,75.8
5160-UXJED,No,Male,One year,Mailed check,44.6
5161-UBZXI,No,Male,Two year,Credit card (automatic),106.35
5161-XEUVX,No,Male,Two year,Mailed check,94.3
5167-GBFRE,Yes,Male,Month-to-month,Bank transfer (automatic),25.2
5167-ZFFMM,Yes,Male,Month-to-month,Credit card (automatic),90.85
5168-MQQCA,No,Female,One year,Bank transfer (automatic),108.5
5168-MSWXT,No,Male,Month-to-month,Electronic check,94.75
5170-PTRKA,No,Female,One year,Credit card (automatic),35.8
5171-EPLKN,No,Male,Two year,Credit card (automatic),19.85
5172-MIGPM,No,Male,Month-to-month,Mailed check,65.55
5172-RKOCB,No,Male,Two year,Credit card (automatic),108.95
5173-WXOQV,No,Male,Month-to-month,Mailed check,64.2
5173-ZXXXL,No,Male,One year,Mailed check,19.95
5174-ITUMV,No,Male,One year,Electronic check,105.4
5174-RNGBH,Yes,Female,Month-to-month,Mailed check,66.25
5175-AOBHI,Yes,Female,Month-to-month,Mailed check,46.0
5175-WLYXL,No,Male,Month-to-month,Mailed check,78.85
5176-LDKUH,No,Female,One year,Electronic check,75.15
5176-LMJXE,No,Female,Two year,Mailed check,20.55
5176-OLSKT,No,Female,Two year,Bank transfer (automatic),66.9
5177-RVZNU,No,Female,One year,Bank transfer (automatic),20.3
5178-LMXOP,Yes,Male,Month-to-month,Electronic check,95.1
5180-UCIIQ,Yes,Male,Month-to-month,Mailed check,40.05
5181-OABFK,No,Female,Two year,Credit card (automatic),61.3
5183-KLYEM,No,Female,Two year,Credit card (automatic),112.75
5183-SNMJQ,No,Male,Month-to-month,Credit card (automatic),95.1
5186-EJEGL,No,Male,Month-to-month,Mailed check,69.5
5186-PEIZU,No,Female,Month-to-month,Bank transfer (automatic),19.25
5186-SAMNZ,Yes,Male,Month-to-month,Bank transfer (automatic),69.5
5188-HGMLP,No,Male,Month-to-month,Bank transfer (automatic),74.0
5192-EBGOV,Yes,Female,Month-to-month,Electronic check,85.7
5193-QLVZB,No,Male,Two year,Bank transfer (automatic),104.75
5195-KPUNQ,No,Female,One year,Mailed check,96.75
5196-SGOAK,Yes,Female,Month-to-month,Electronic check,75.7
5196-WPYOW,No,Male,One year,Mailed check,60.05
5197-LQXXH,No,Female,Two year,Credit card (automatic),83.3
5197-PYEPU,No,Female,One year,Credit card (automatic),94.45
5197-YPYBZ,No,Female,Two year,Credit card (automatic),25.25
5198-EFNBM,No,Male,One year,Electronic check,90.65
5198-HQAEN,No,Male,One year,Electronic check,89.7
5199-FPUSP,No,Male,One year,Credit card (automatic),34.05
5201-CBWYG,No,Male,One year,Bank transfer (automatic),24.8
5201-FRKKS,No,Male,Month-to-month,Bank transfer (automatic),74.3
5201-USSQZ,No,Female,Month-to-month,Credit card (automatic),85.9
5202-IVJNU,Yes,Female,Month-to-month,Credit card (automatic),30.1
5203-XEHAX,No,Female,One year,Electronic check,64.35
5204-HMGYF,No,Female,One year,Mailed check,87.2
5204-QZXPU,Yes,Male,Month-to-month,Electronic check,39.65
5206-HPJKM,No,Male,Month-to-month,Credit card (automatic),55.5
5206-XZZQI,No,Male,Month-to-month,Mailed check,80.6
5206-YQKMK,,Female,Two year,Credit card (automatic),24.75
5207-PLSTK,No,Male,Month-to-month,Mailed check,48.75
5208-FVQKB,No,Male,Two year,Mailed check,67.95
5208-HFSBT,Yes,Female,Month-to-month,Credit card (automatic),55.05
5213-TWWJU,No,Male,Month-to-month,Electronic check,91.0
5214-CHIWJ,No,Male,One year,Mailed check,20.3
5214-NLTIT,No,Male,Two year,Credit card (automatic),90.8
5215-LNLDJ,No,Female,Month-to-month,Electronic check,24.7
5216-WASFJ,No,Female,Month-to-month,Electronic check,84.85
5219-YIPTK,Yes,Female,Month-to-month,Electronic check,104.4
5220-AGAAX,No,Male,Two year,Bank transfer (automatic),24.0
5222-IMUKT,No,Male,Month-to-month,Electronic check,91.05
5222-JCXZT,No,Male,Month-to-month,Mailed check,19.0
5223-UZAVK,No,Male,One year,Credit card (automatic),100.3
5226-NOZFC,No,Male,Month-to-month,Electronic check,85.75
5227-JSCFE,No,Male,Two year,Credit card (automatic),46.35
5228-EXCET,Yes,Male,Month-to-month,Electronic check,80.85
5229-DTFYB,No,Female,Two year,Bank transfer (automatic),98.8
5229-PRWKT,Yes,Male,Month-to-month,Electronic check,86.55
5231-FIQPA,No,Female,Two year,Mailed check,19.85
5232-NXPAY,No,Female,Two year,Mailed check,74.45
5233-AOZUF,No,Female,Month-to-month,Electronic check,74.95
5233-GEEAX,Yes,Male,Month-to-month,Electronic check,29.4
5235-XATIX,,Male,Month-to-month,Electronic check,89.4
5236-PERKL,Yes,Female,Two year,Bank transfer (automatic),112.95
5236-XMZJY,No,Female,Month-to-month,Bank transfer (automatic),59.65
5240-CAOYT,No,Female,Month-to-month,Bank transfer (automatic),87.55
5240-IJOQT,Yes,Male,Month-to-month,Electronic check,74.7
5242-UOWHD,No,Male,Two year,Mailed check,20.35
5243-NIEIT,,Male,Month-to-month,Electronic check,85.15
5243-SAOTC,No,Male,Month-to-month,Bank transfer (automatic),79.85
5244-IRFIH,Yes,Male,Month-to-month,Electronic check,94.5
5245-VDBUR,No,Female,One year,Mailed check,35.45
5248-KWLAR,No,Male,Two year,Electronic check,90.35
5248-RPYWW,No,Female,Two year,Bank transfer (automatic),90.15
5248-YGIJN,No,Male,Two year,Credit card (automatic),90.25
5249-QYHEX,No,Female,Two year,Mailed check,24.8
5256-SKJGO,No,Female,Two year,Electronic check,54.6
5260-UMPWX,No,Female,Month-to-month,Credit card (automatic),20.25
5261-QSHQM,Yes,Female,Month-to-month,Electronic check,24.45
5264-IWHMU,,Male,Month-to-month,Mailed check,49.05
5266-PFRQK,No,Male,One year,Credit card (automatic),20.85
5268-DSMNQ,No,Female,One year,Credit card (automatic),97.95
5269-NRGDP,No,Male,One year,Electronic check,73.15
5271-DBYSJ,No,Male,Month-to-month,Credit card (automatic),79.15
5271-YNWVR,Yes,Male,Two year,Electronic check,113.15
5274-XHAKY,No,Female,Month-to-month,Bank transfer (automatic),94.3
5275-PMFUT,No,Male,Two year,Credit card (automatic),64.8
5275-SQEIZ,Yes,Male,Month-to-month,Mailed check,80.85
5276-KQWHG,Yes,Female,Month-to-month,Electronic check,69.6
5277-ZLOOR,Yes,Female,Month-to-month,Electronic check,85.55
5278-PNYOX,No,Female,Two year,Credit card (automatic),100.65
5281-BUZGT,Yes,Male,Month-to-month,Electronic check,90.85
5285-MVEHD,No,Female,One year,Credit card (automatic),105.6
5285-TWCNP,,Female,Two year,Bank transfer (automatic),75.5
5286-YHCVC,No,Male,Two year,Bank transfer (automatic),104.8
5287-QWLKY,Yes,Male,Month-to-month,Credit card (automatic),105.1
5288-AHOUP,No,Male,Month-to-month,Electronic check,78.5
5293-WXJAK,Yes,Female,Month-to-month,Bank transfer (automatic),104.05
5294-CDGWY,Yes,Male,One year,Electronic check,59.3
5294-DMSFH,No,Female,Month-to-month,Credit card (automatic),87.8
5294-IMHHT,No,Male,One year,Bank transfer (automatic),97.75
5295-PCJOO,Yes,Male,Month-to-month,Electronic check,49.4
5296-BFCYD,No,Male,Two year,Mailed check,20.1
5296-PSYVW,No,Female,Two year,Electronic check,24.55
5297-MDOIR,No,Female,One year,Credit card (automatic),81.15
5298-GSTLM,No,Female,One year,Bank transfer (automatic),101.4
5299-RULOA,Yes,Female,Month-to-month,Electronic check,100.25
5299-SJCZT,Yes,Male,Month-to-month,Bank transfer (automatic),101.55
5301-GAUUY,Yes,Male,Month-to-month,Bank transfer (automatic),80.35
5302-BDJNT,No,Male,Month-to-month,Electronic check,95.5
5304-EFJLP,No,Male,Two year,Bank transfer (automatic),111.65
5306-BVTKJ,No,Male,One year,Credit card (automatic),55.8
5307-DZCVC,Yes,Female,Month-to-month,Credit card (automatic),85.95
5307-UVGNB,No,Female,Month-to-month,Bank transfer (automatic),48.7
5309-TAIKL,No,Female,Month-to-month,Bank transfer (automatic),62.8
5310-NOOVA,No,Male,Two year,Electronic check,19.95
5311-IHLEI,No,Male,Month-to-month,Bank transfer (automatic),50.95
5312-IRCFR,No,Female,One year,Electronic check,92.85
5312-TSZVC,No,Female,One year,Mailed check,19.65
5312-UXESG,No,Female,Month-to-month,Bank transfer (automatic),98.05
5313-FPXWG,No,Male,One year,Bank transfer (automatic),24.6
5315-CKEQK,No,Male,One year,Electronic check,51.0
5317-FLPJF,No,Female,Two year,Bank transfer (automatic),61.35
5318-IXUZF,Yes,Female,Month-to-month,Bank transfer (automatic),87.15
5318-YKDPV,No,Male,Two year,Credit card (automatic),79.15
5320-BRKGK,No,Female,Two year,Mailed check,75.8
5321-NTRKC,No,Male,Two year,Bank transfer (automatic),79.85
5322-TEUJK,No,Female,Two year,Bank transfer (automatic),114.6
5322-ZSMZY,No,Male,Two year,Mailed check,25.75
5324-KTGCG,No,Male,One year,Electronic check,20.85
5325-UWTWJ,No,Male,Month-to-month,Credit card (automatic),90.55
5327-CNLUQ,No,Male,Two year,Bank transfer (automatic),96.9
5327-XOKKY,No,Male,Two year,Credit card (automatic),73.45
5329-KRDTM,No,Male,Two year,Credit card (automatic),77.35
5331-RGMTT,No,Male,Month-to-month,Credit card (automatic),99.05
5332-UJJBL,,Male,Month-to-month,Mailed check,19.0
5334-AFQJB,No,Male,Two year,Credit card (automatic),25.1
5334-JLAXU,No,Female,Month-to-month,Credit card (automatic),94.1
5336-UFNZP,No,Female,One year,Electronic check,107.45
5337-IIWKZ,No,Male,Month-to-month,Electronic check,44.85
5338-YHWYT,No,Male,Two year,Credit card (automatic),61.45
5339-PXDVH,No,Male,Month-to-month,Electronic check,90.65
5339-TJFEK,No,Male,Month-to-month,Electronic check,105.5
5343-SGUBI,No,Female,One year,Mailed check,80.2
5345-BMKWB,No,Male,Month-to-month,Mailed check,20.25
5346-BZCHP,No,Female,Two year,Mailed check,19.4
5348-CAGXB,No,Male,Month-to-month,Electronic check,89.55
5349-AZPEW,No,Female,Month-to-month,Mailed check,25.05
5349-IECLD,Yes,Male,Month-to-month,Electronic check,94.95
5351-QESIO,No,Male,Month-to-month,Mailed check,24.2
5353-WILCI,No,Female,Month-to-month,Electronic check,56.05
5356-CSVSQ,No,Female,Month-to-month,Electronic check,64.6
5356-KZCKT,No,Male,Two year,Credit card (automatic),24.45
5356-RHIPP,Yes,Male,Month-to-month,Mailed check,20.2
5357-TZHPP,Yes,Male,Month-to-month,Credit card (automatic),84.4
5360-LJCNJ,No,Female,Two year,Bank transfer (automatic),105.15
5360-XGYAZ,No,Male,Two year,Bank transfer (automatic),65.65
5364-EVNIB,Yes,Male,Month-to-month,Electronic check,79.8
5364-XYIRR,Yes,Male,Month-to-month,Electronic check,94.65
5365-FJKGQ,,Male,Month-to-month,Mailed check,70.95
5365-LLFYV,No,Female,Month-to-month,Mailed check,45.85
5366-IJEQJ,Yes,Male,Month-to-month,Electronic check,88.7
5366-OBVMR,No,Female,Month-to-month,Mailed check,50.3
5370-IIVVL,No,Male,One year,Credit card (automatic),104.5
5371-VYLSX,No,Female,Month-to-month,Electronic check,83.4
5372-FBKBN,No,Female,Month-to-month,Mailed check,20.75
5373-SFODM,Yes,Male,Month-to-month,Credit card (automatic),85.25
5375-XLDOF,No,Male,Two year,Bank transfer (automatic),114.35
5376-DEQCP,Yes,Female,Month-to-month,Electronic check,70.6
5376-PCKNB,No,Male,One year,Credit card (automatic),104.45
5377-NDTOU,No,Female,Two year,Mailed check,91.05
5378-IKEEG,Yes,Female,Month-to-month,Electronic check,35.75
5380-AFSSK,Yes,Female,Month-to-month,Mailed check,93.9
5380-WJKOV,Yes,Male,Month-to-month,Electronic check,106.35
5380-XPJNZ,No,Female,One year,Mailed check,20.05
5382-SOYZL,No,Male,Month-to-month,Electronic check,95.1
5382-TEMLV,No,Male,Month-to-month,Bank transfer (automatic),50.9
5383-MMTWC,Yes,Female,Month-to-month,Electronic check,84.0
5384-ZTTWP,No,Female,Month-to-month,Mailed check,19.8
5385-SUIRI,Yes,Male,Month-to-month,Electronic check,104.2
5386-THSLQ,No,Female,One year,Bank transfer (automatic),45.55
5387-ASZNZ,No,Female,One year,Credit card (automatic),63.85
5389-FFVKB,Yes,Male,Month-to-month,Credit card (automatic),80.3
5392-AKEMH,No,Female,Month-to-month,Electronic check,45.05
5393-HJZSM,No,Female,Month-to-month,Bank transfer (automatic),76.3
5393-RXQSZ,Yes,Male,Month-to-month,Electronic check,79.6
5394-MEITZ,No,Female,Two year,Bank transfer (automatic),80.6
5394-SVGJV,Yes,Male,Month-to-month,Bank transfer (automatic),98.8
5396-IZEPB,No,Male,Month-to-month,Credit card (automatic),19.7
5397-NSKQG,No,Male,Two year,Credit card (automatic),50.9
5397-TUPSH,No,Male,One year,Bank transfer (automatic),70.95
5399-ZIMKF,No,Male,Month-to-month,Electronic check,74.65
5402-HTOTQ,No,Male,Month-to-month,Electronic check,55.3
5404-GGUKR,No,Male,Month-to-month,Electronic check,51.35
5405-ZMYXQ,No,Female,Month-to-month,Credit card (automatic),74.6
5406-KGRMX,No,Female,Two year,Electronic check,24.55
5414-OFQCB,No,Male,Two year,Credit card (automatic),90.45
5419-CONWX,Yes,Female,Month-to-month,Credit card (automatic),99.8
5419-JKZNQ,No,Male,Month-to-month,Mailed check,77.9
5419-JPRRN,Yes,Male,Month-to-month,Electronic check,101.45
5419-KLXBN,Yes,Female,Month-to-month,Bank transfer (automatic),89.15
5423-BHIXO,No,Female,Month-to-month,Electronic check,54.2
5424-RLQLC,No,Male,Month-to-month,Mailed check,59.65
5425-GQTTT,,Male,Two year,Bank transfer (automatic),24.0
5429-LWCMV,No,Female,Month-to-month,Electronic check,89.15
5433-KYGHE,No,Female,Month-to-month,Mailed check,86.0
5438-QMDDL,No,Female,Month-to-month,Mailed check,59.8
5439-WIKXB,No,Male,Month-to-month,Electronic check,94.55
5440-FLBQG,Yes,Male,Two year,Bank transfer (automatic),108.4
5440-VHLUL,No,Male,One year,Bank transfer (automatic),105.2
5442-BHQNG,No,Female,Month-to-month,Electronic check,70.35
5442-BXVND,No,Female,Month-to-month,Bank transfer (automatic),24.25
5442-PPTJY,No,Male,Two year,Mailed check,19.7
5442-UTCVD,Yes,Male,Month-to-month,Electronic check,91.85
5442-XSDCW,Yes,Male,Month-to-month,Bank transfer (automatic),79.5
5443-SCMKX,No,Female,One year,Electronic check,94.3
5445-GLVOT,No,Female,Month-to-month,Electronic check,49.8
5445-PZWGX,Yes,Male,One year,Electronic check,102.0
5445-UTODQ,Yes,Female,Month-to-month,Electronic check,81.1
5446-DKWYW,No,Female,One year,Electronic check,65.2
5447-VYTKW,No,Male,Month-to-month,Mailed check,53.45
5447-WZAFP,No,Female,One year,Mailed check,100.3
5448-VWNAM,No,Female,Month-to-month,Mailed check,75.9
5449-FIBXJ,Yes,Male,Month-to-month,Electronic check,103.3
5451-MHQOF,No,Male,One year,Mailed check,24.45
5451-YHYPW,No,Female,Two year,Credit card (automatic),115.75
5453-AXEPF,No,Male,Month-to-month,Bank transfer (automatic),80.5
5453-YBTWV,No,Male,Two year,Credit card (automatic),101.1
5456-ITGIC,No,Male,Two year,Credit card (automatic),64.45
5457-COLHT,No,Male,Two year,Bank transfer (automatic),80.65
5458-CQJTA,Yes,Male,Two year,Bank transfer (automatic),74.8
5461-QKNTN,No,Male,Month-to-month,Electronic check,94.3
5465-BUBFA,No,Female,Two year,Bank transfer (automatic),19.3
5468-BPMMO,No,Male,Month-to-month,Electronic check,19.6
5469-CTCWN,Yes,Male,One year,Electronic check,106.0
5469-NUJUR,No,Male,Two year,Mailed check,19.95
5472-CVMDX,No,Female,Two year,Mailed check,38.9
5473-KHBPS,No,Female,One year,Credit card (automatic),95.7
5474-LAMUQ,No,Male,One year,Mailed check,20.1
5478-JJVZK,No,Female,Month-to-month,Mailed check,60.9
5480-HPRRX,Yes,Female,Month-to-month,Electronic check,25.3
5480-TBGPH,Yes,Female,Month-to-month,Credit card (automatic),99.3
5480-XTFFL,No,Female,Two year,Mailed check,21.0
5481-NTDOH,No,Female,One year,Credit card (automatic),107.05
5482-NUPNA,Yes,Female,Month-to-month,Mailed check,60.4
5482-PLVPE,Yes,Female,Month-to-month,Electronic check,24.35
5482-VXSXJ,No,Male,Month-to-month,Mailed check,93.2
5485-ITNPC,No,Male,Two year,Bank transfer (automatic),85.9
5485-WUYWF,Yes,Male,Month-to-month,Bank transfer (automatic),66.4
5493-SDRDQ,Yes,Male,Month-to-month,Mailed check,55.1
5494-HECPR,Yes,Female,Month-to-month,Electronic check,80.25
5494-WOZRZ,No,Female,Two year,Credit card (automatic),82.0
5495-GPSRW,No,Male,Two year,Mailed check,19.7
5498-IBWPI,No,Female,One year,Credit card (automatic),49.4
5498-TXHLF,Yes,Female,Month-to-month,Electronic check,87.45
5499-ECUTN,No,Female,One year,Credit card (automatic),66.05
5499-MBERC,,Male,Month-to-month,Electronic check,29.6
5501-TVMGM,No,Male,Month-to-month,Electronic check,55.25
5502-RLUYV,Yes,Female,Month-to-month,Electronic check,103.95
5504-WSIUR,No,Female,One year,Bank transfer (automatic),90.25
5505-OVWQW,No,Female,One year,Mailed check,20.15
5510-BOIUJ,Yes,Male,Month-to-month,Mailed check,19.25
5512-IDZEI,No,Male,One year,Electronic check,24.9
5514-YQENT,No,Male,Two year,Electronic check,111.15
5515-AKOAJ,Yes,Female,Month-to-month,Electronic check,100.1
5515-IDEJJ,Yes,Male,Month-to-month,Mailed check,19.9
5515-RUGKN,No,Male,Month-to-month,Credit card (automatic),54.75
5519-NPHVG,Yes,Female,Month-to-month,Electronic check,94.2
5519-TEEUH,No,Male,One year,Mailed check,20.15
5519-YLDGW,Yes,Female,Month-to-month,Electronic check,103.9
5520-FVEWJ,Yes,Female,Month-to-month,Electronic check,84.5
5522-JBWMO,No,Male,Month-to-month,Electronic check,44.0
5522-NYKPB,No,Male,Month-to-month,Electronic check,85.9
5524-KHNJP,No,Male,One year,Credit card (automatic),74.75
5527-ACHSO,No,Female,Month-to-month,Mailed check,70.5
5529-GIBVH,No,Female,Two year,Mailed check,20.15
5533-NHFRF,No,Male,Month-to-month,Electronic check,44.4
5533-RJFTJ,No,Male,Month-to-month,Bank transfer (automatic),30.2
5536-RTPWK,Yes,Male,Month-to-month,Bank transfer (automatic),99.05
5536-SLHPM,Yes,Female,Month-to-month,Electronic check,77.75
5537-UXXVS,No,Female,Month-to-month,Bank transfer (automatic),19.25
5539-HIVAK,No,Female,Month-to-month,Mailed check,25.7
5539-TMZLF,Yes,Male,Month-to-month,Electronic check,69.75
5542-DHSXL,No,Female,Month-to-month,Mailed check,54.7
5542-NKVRU,No,Female,Two year,Bank transfer (automatic),20.75
5542-TBBWB,No,Male,Month-to-month,Electronic check,69.9
5543-QDCRY,No,Male,Month-to-month,Electronic check,56.4
5546-BYZSM,No,Female,Month-to-month,Electronic check,20.45
5546-QUERU,No,Male,One year,Mailed check,19.95
5549-ZGHFB,No,Male,Two year,Mailed check,24.95
5550-VFRLC,Yes,Female,Month-to-month,Electronic check,69.85
5552-ZNFSJ,Yes,Male,Month-to-month,Electronic check,45.3
5553-AOINX,No,Female,One year,Electronic check,104.9
5555-RNPGT,No,Male,Month-to-month,Credit card (automatic),24.8
5561-NWEVX,Yes,Female,Month-to-month,Electronic check,79.2
5562-BETPV,No,Male,One year,Mailed check,19.65
5562-YJQGT,No,Female,Month-to-month,Credit card (automatic),20.35
5564-NEMQO,Yes,Female,Month-to-month,Bank transfer (automatic),75.3
5565-FILXA,Yes,Female,Month-to-month,Electronic check,96.15
5566-SOEZD,No,Male,One year,Credit card (automatic),80.65
5567-GZKQY,No,Male,Two year,Credit card (automatic),20.3
5567-WSELE,Yes,Male,Month-to-month,Electronic check,94.6
5568-DMXZS,No,Female,Month-to-month,Electronic check,65.45
5569-IDSEY,No,Male,One year,Bank transfer (automatic),105.7
5569-KGJHX,Yes,Female,Month-to-month,Bank transfer (automatic),85.35
5569-OUICF,Yes,Female,Month-to-month,Credit card (automatic),101.3
5570-PTWEH,Yes,Female,Month-to-month,Credit card (automatic),75.15
5570-ZGMEU,,Male,Two year,Credit card (automatic),104.9
5572-ZDXHY,Yes,Female,Month-to-month,Mailed check,84.3
5574-NXZIU,No,Male,Two year,Credit card (automatic),109.2
5575-GNVDE,No,Male,One year,Mailed check,56.95
5575-TPIZQ,No,Male,Month-to-month,Credit card (automatic),89.15
5577-OTWWW,Yes,Female,Month-to-month,Bank transfer (automatic),19.75
5578-NKCXI,No,Female,One year,Credit card (automatic),99.25
5583-EJXRD,No,Male,Two year,Credit card (automatic),54.05
5583-SXDAG,Yes,Male,Month-to-month,Electronic check,70.0
5585-WEFDD,,Female,Month-to-month,Mailed check,20.35
5590-BYNII,Yes,Male,Month-to-month,Electronic check,100.75
5590-YRFJT,Yes,Female,Month-to-month,Electronic check,24.45
5590-ZSKRV,No,Female,Month-to-month,Mailed check,54.65
5593-SUAOO,No,Female,One year,Bank transfer (automatic),83.15
5597-GLBUC,Yes,Female,Month-to-month,Electronic check,85.45
5598-IKHQQ,No,Female,Two year,Credit card (automatic),25.45
5599-HVLTW,No,Female,Month-to-month,Bank transfer (automatic),80.35
5600-KTXFM,No,Male,Month-to-month,Mailed check,69.95
5600-PDUJF,No,Male,Month-to-month,Credit card (automatic),49.5
5602-BVFMK,No,Female,One year,Mailed check,19.3
5605-IYGFG,No,Female,Month-to-month,Bank transfer (automatic),69.85
5605-XNWEN,No,Male,Two year,Bank transfer (automatic),25.0
5606-AMZBO,No,Female,Month-to-month,Credit card (automatic),78.15
5609-CEBID,Yes,Female,Month-to-month,Electronic check,94.1
5609-IMCGG,No,Female,Month-to-month,Credit card (automatic),84.35
5614-DNZCE,No,Female,Two year,Credit card (automatic),64.9
5616-PRTNT,Yes,Male,Month-to-month,Electronic check,19.4
5619-PTMIK,No,Female,Month-to-month,Electronic check,53.1
5619-XZZKR,No,Male,One year,Mailed check,19.95
5622-UEJFI,No,Female,Two year,Credit card (automatic),25.4
5624-BQSSA,Yes,Female,Month-to-month,Mailed check,20.95
5624-RYAMH,No,Female,Month-to-month,Electronic check,19.5
5626-MGTUK,No,Female,Month-to-month,Bank transfer (automatic),89.1
5627-TVBPP,No,Female,One year,Credit card (automatic),20.1
5628-FCGYG,No,Male,Month-to-month,Electronic check,84.1
5628-RKIFK,No,Female,Month-to-month,Credit card (automatic),101.55
5630-AHZIL,No,Female,Month-to-month,Bank transfer (automatic),64.5
5630-IXDXV,No,Female,Month-to-month,Electronic check,106.35
5639-NTUPK,No,Male,Month-to-month,Credit card (automatic),52.1
5640-CAXOA,No,Female,One year,Credit card (automatic),40.35
5641-DMBFJ,No,Female,Two year,Electronic check,84.3
5642-MHDQT,No,Female,One year,Bank transfer (automatic),19.85
5644-PDMZC,Yes,Female,Month-to-month,Electronic check,89.5
5647-FXOTP,No,Female,Month-to-month,Electronic check,105.9
5647-URDKA,No,Male,Two year,Mailed check,19.7
5649-ANRML,Yes,Male,Month-to-month,Credit card (automatic),95.1
5649-RXQTV,No,Male,Month-to-month,Electronic check,99.0
5649-TJHOV,Yes,Male,Month-to-month,Bank transfer (automatic),36.5
5649-VUKMC,Yes,Female,One year,Mailed check,95.5
5650-VDUDS,Yes,Female,Month-to-month,Mailed check,24.25
5650-YLIBA,No,Male,Month-to-month,Electronic check,81.15
5651-CPDND,No,Male,Month-to-month,Mailed check,46.0
5651-CRHKQ,No,Female,One year,Bank transfer (automatic),86.2
5651-WYIPH,No,Female,Month-to-month,Credit card (automatic),49.85
5651-YLPRD,No,Female,Month-to-month,Electronic check,86.1
5652-MSDEY,No,Female,Month-to-month,Mailed check,75.75
5653-ITXJK,,Female,Month-to-month,Mailed check,49.2
5655-JSMZM,Yes,Male,Month-to-month,Electronic check,96.2
5656-JAMLX,No,Male,Two year,Bank transfer (automatic),19.85
5656-MJEFC,No,Male,Two year,Credit card (automatic),48.15
5663-QBGIS,No,Male,Two year,Bank transfer (automatic),98.35
5666-CYCYZ,No,Female,Month-to-month,Electronic check,89.55
5666-MBJPT,No,Male,Two year,Bank transfer (automatic),25.1
5668-MEISB,No,Female,Two year,Credit card (automatic),106.1
5669-SRAIP,Yes,Female,Month-to-month,Electronic check,39.5
5671-RQRLP,No,Female,Two year,Credit card (automatic),75.65
5671-UUNXD,No,Female,One year,Electronic check,100.65
5673-FSSMF,Yes,Female,Month-to-month,Electronic check,60.15
5673-TIYIB,Yes,Male,Month-to-month,Credit card (automatic),40.4
5676-CFLYY,No,Male,Two year,Credit card (automatic),73.35
5678-VFNEQ,No,Female,One year,Credit card (automatic),104.1
5680-LQOGP,No,Female,Two year,Credit card (automatic),82.45
5681-LLOEI,No,Male,One year,Credit card (automatic),91.25
5684-FJVYR,No,Female,Two year,Bank transfer (automatic),90.35
5685-IIXLY,Yes,Female,Month-to-month,Electronic check,83.6
5686-CMAWK,No,Male,One year,Electronic check,86.75
5687-DKDTV,Yes,Female,Month-to-month,Mailed check,20.35
5688-KZTSN,Yes,Male,Month-to-month,Electronic check,20.0
5692-FPTAH,Yes,Female,Month-to-month,Mailed check,45.4
5692-ICXLW,No,Male,Month-to-month,Electronic check,90.7
5693-PIPCS,No,Male,Two year,Credit card (automatic),99.65
5696-CEIQJ,No,Male,Two year,Bank transfer (automatic),103.15
5696-EXCYS,No,Male,Two year,Credit card (automatic),19.45
5696-JVVQY,No,Female,Two year,Credit card (automatic),70.1
5696-QURRL,Yes,Male,Month-to-month,Mailed check,45.05
5697-GOMBF,No,Female,Month-to-month,Electronic check,35.9
5698-BQJOH,Yes,Female,Month-to-month,Electronic check,94.4
5699-BNCAS,No,Male,Two year,Mailed check,24.65
5701-GUXDC,No,Female,One year,Credit card (automatic),35.4
5701-SVCWR,No,Female,Month-to-month,Mailed check,24.0
5701-YVSVF,No,Female,Month-to-month,Electronic check,82.9
5701-ZIKJE,No,Male,Month-to-month,Mailed check,50.55
5702-KVQRD,No,Male,Two year,Electronic check,82.55
5702-SKUOB,No,Female,Month-to-month,Mailed check,19.6
5707-ORNDZ,Yes,Male,Month-to-month,Electronic check,54.55
5707-ZMDJP,No,Male,Two year,Mailed check,69.7
5708-EVONK,Yes,Female,Month-to-month,Bank transfer (automatic),93.4
5709-LVOEQ,No,Female,Two year,Mailed check,80.85
5712-AHQNN,No,Female,Month-to-month,Electronic check,91.65
5712-PTIWW,Yes,Male,Month-to-month,Electronic check,79.85
5712-VBOXD,No,Female,Month-to-month,Credit card (automatic),20.15
5716-EZXZN,No,Female,Two year,Credit card (automatic),99.05
5716-LIBJC,No,Female,One year,Credit card (automatic),104.15
5724-BIDBU,No,Male,One year,Electronic check,55.35
5726-CVNYA,No,Female,Two year,Mailed check,19.85
5727-MYATE,No,Male,Two year,Credit card (automatic),90.8
5729-KLZAR,Yes,Female,Month-to-month,Electronic check,80.85
5730-DBDSI,No,Male,Two year,Bank transfer (automatic),19.7
5730-RIITO,No,Female,Month-to-month,Credit card (automatic),33.45
5732-IKGQH,No,Male,One year,Bank transfer (automatic),104.45
5734-EJKXG,No,Female,One year,Electronic check,118.6
5736-YEJAX,No,Male,Two year,Credit card (automatic),79.45
5740-YHGTW,No,Male,Month-to-month,Credit card (automatic),97.55
5743-KHMNA,No,Male,Two year,Bank transfer (automatic),25.55
5747-PMBSQ,Yes,Male,Month-to-month,Mailed check,92.5
5748-RNCJT,Yes,Male,Two year,Bank transfer (automatic),106.5
5751-USDBL,No,Male,Two year,Mailed check,81.0
5753-QQWPW,No,Female,One year,Electronic check,59.9
5756-JYOJT,No,Female,One year,Credit card (automatic),64.9
5756-OZRIO,No,Male,One year,Bank transfer (automatic),64.05
5759-RCVCB,Yes,Female,Month-to-month,Credit card (automatic),35.2
5760-FXFVO,No,Male,Month-to-month,Electronic check,78.95
5760-IFJOZ,No,Male,Month-to-month,Mailed check,107.95
5760-WRAHC,No,Female,Month-to-month,Mailed check,69.75
5761-BYYZA,,Female,One year,Credit card (automatic),19.6
5762-TJXGK,No,Female,Two year,Bank transfer (automatic),58.75
5766-FTRTS,No,Male,Two year,Mailed check,84.45
5766-RLNAM,,Male,Two year,Electronic check,115.55
5766-XQXMQ,Yes,Female,Month-to-month,Bank transfer (automatic),68.85
5766-ZJYBB,Yes,Male,Month-to-month,Mailed check,19.4
5774-QPLTF,No,Male,One year,Mailed check,20.35
5774-XZTQC,No,Female,Month-to-month,Mailed check,20.45
5777-KJIRB,No,Female,One year,Mailed check,50.25
5777-ZPQNC,No,Female,One year,Electronic check,20.15
5778-BVOFB,No,Female,Month-to-month,Bank transfer (automatic),59.5
5780-INQIK,No,Female,Month-to-month,Electronic check,49.4
5781-BKHOP,No,Female,Two year,Bank transfer (automatic),100.65
5781-RFZRP,No,Male,Two year,Credit card (automatic),73.5
5787-KXGIY,No,Male,Two year,Credit card (automatic),19.3
5788-YPOEG,No,Female,Two year,Mailed check,84.75
5789-LDFXO,No,Male,One year,Electronic check,24.6
5791-KAJFD,No,Female,One year,Bank transfer (automatic),68.75
5792-JALQC,No,Female,Two year,Bank transfer (automatic),59.85
5793-YOLJN,No,Female,Two year,Mailed check,21.0
5795-BKOYE,No,Female,One year,Bank transfer (automatic),59.1
5795-KTGUD,No,Female,Two year,Bank transfer (automatic),110.8
5797-APWZC,Yes,Female,Month-to-month,Electronic check,90.6
5799-JRCZO,No,Female,Two year,Credit card (automatic),19.5
5802-ADBRC,No,Female,One year,Mailed check,104.4
5803-NQJZO,No,Male,Two year,Bank transfer (automatic),67.8
5804-HYIEZ,No,Male,Month-to-month,Electronic check,106.05
5804-JMYIO,No,Female,Two year,Mailed check,19.75
5804-LEPIM,Yes,Female,Month-to-month,Electronic check,70.35
5808-TOTXO,No,Female,One year,Credit card (automatic),20.55
5811-IWXYM,No,Female,One year,Bank transfer (automatic),101.25
5813-UECBU,Yes,Male,Month-to-month,Credit card (automatic),83.85
5815-HGGHV,No,Male,One year,Mailed check,64.15
5816-JMLGY,No,Female,Two year,Bank transfer (automatic),80.4
5816-QVHRX,No,Female,Month-to-month,Credit card (automatic),100.3
5816-SCGFC,No,Female,Month-to-month,Mailed check,51.3
5820-PTRYM,No,Female,One year,Credit card (automatic),68.45
5821-MMEIL,No,Female,Two year,Bank transfer (automatic),19.9
5825-XJOCM,No,Male,One year,Bank transfer (automatic),64.4
5827-MWCZK,No,Male,Month-to-month,Credit card (automatic),96.95
5828-AVIPD,Yes,Male,One year,Electronic check,100.95
5828-DWPIL,No,Male,Month-to-month,Electronic check,89.1
5829-NVSQN,No,Female,One year,Bank transfer (automatic),68.75
5832-EXGTT,No,Male,Month-to-month,Mailed check,60.2
5832-TRLPB,No,Male,One year,Bank transfer (automatic),75.35
5832-XKAES,Yes,Male,Month-to-month,Credit card (automatic),69.8
5834-ASPWA,Yes,Male,Month-to-month,Electronic check,75.45
5835-BEQEU,Yes,Male,Month-to-month,Electronic check,76.95
5837-LXSDN,No,Female,One year,Credit card (automatic),58.85
5839-SUYVZ,No,Male,Month-to-month,Credit card (automatic),74.55
5840-NVDCG,No,Female,Two year,Bank transfer (automatic),68.25
5842-POCOP,Yes,Female,Month-to-month,Mailed check,88.9
5843-TTHGI,No,Female,Month-to-month,Mailed check,50.0
5844-QVTAT,No,Female,One year,Mailed check,58.45
5845-BZZIB,No,Male,Two year,Mailed check,20.1
5846-ABOBJ,No,Male,Two year,Bank transfer (automatic),24.45
5846-NEQVZ,No,Male,Two year,Credit card (automatic),70.85
5846-QFDFI,No,Female,Month-to-month,Credit card (automatic),88.6
5847-MXBEO,No,Male,One year,Mailed check,20.3
5848-FHRFC,No,Female,Two year,Bank transfer (automatic),20.05
5849-ASHZJ,No,Male,One year,Credit card (automatic),20.05
5850-BDWCY,No,Female,Month-to-month,Mailed check,20.2
5854-KSRBJ,No,Male,Two year,Mailed check,25.4
5855-EIBDE,No,Female,Two year,Credit card (automatic),106.65
5857-TYBCJ,No,Male,Month-to-month,Electronic check,89.2
5857-XRECV,No,Female,One year,Bank transfer (automatic),20.5
5858-EAFCZ,No,Male,Month-to-month,Mailed check,44.45
5859-HZYLF,No,Male,Two year,Credit card (automatic),19.15
5862-BRIXZ,No,Male,Two year,Bank transfer (automatic),60.75
5863-OOKCL,No,Female,Month-to-month,Mailed check,18.85
5868-CZJDR,Yes,Male,Month-to-month,Mailed check,31.35
5868-YTYKS,No,Male,Month-to-month,Mailed check,20.25
5868-YWPDW,Yes,Male,Month-to-month,Electronic check,84.2
5871-DGTXZ,No,Male,One year,Mailed check,19.8
5872-OEQNH,No,Female,One year,Electronic check,44.45
5875-YPQFJ,Yes,Male,Month-to-month,Electronic check,69.9
5876-HZVZM,Yes,Female,Month-to-month,Credit card (automatic),55.9
5876-QMYLD,No,Female,One year,Mailed check,20.05
5879-HMFFH,No,Female,Two year,Bank transfer (automatic),88.05
5879-SESNB,No,Female,Month-to-month,Electronic check,75.25
5882-CMAZQ,No,Female,Month-to-month,Electronic check,34.25
5883-GTGVD,Yes,Male,Month-to-month,Electronic check,99.95
5884-FBCTL,No,Female,Two year,Bank transfer (automatic),25.1
5884-GCYMI,Yes,Male,Month-to-month,Mailed check,69.4
5886-VLQVU,No,Male,Month-to-month,Bank transfer (automatic),89.85
5887-IKKYO,No,Male,Two year,Bank transfer (automatic),94.35
5888-TLMCL,,Female,Two year,Credit card (automatic),54.95
5889-JTMUL,Yes,Female,Month-to-month,Electronic check,95.05
5889-LFOLL,Yes,Female,Month-to-month,Electronic check,84.6
5893-KCLGT,No,Female,Two year,Mailed check,19.75
5893-PYOLZ,No,Male,Two year,Credit card (automatic),81.8
5895-QSXOD,No,Male,Month-to-month,Mailed check,70.05
5896-NPFWW,Yes,Male,Month-to-month,Electronic check,50.15
5897-ZYEKH,No,Female,One year,Electronic check,105.6
5898-IGSLP,No,Male,Month-to-month,Electronic check,89.3
5899-MQZZL,Yes,Female,Month-to-month,Mailed check,75.0
5899-OUVKV,No,Male,Month-to-month,Electronic check,94.5
5902-WBLSE,No,Female,Two year,Credit card (automatic),20.15
5906-BFOZT,No,Male,Month-to-month,Mailed check,19.5
5906-CVLHP,Yes,Female,One year,Credit card (automatic),54.15
5906-DVAPM,No,Female,One year,Credit card (automatic),75.0
5908-QMGOE,Yes,Male,Month-to-month,Credit card (automatic),74.2
5909-ECHUI,Yes,Female,Month-to-month,Electronic check,56.25
5913-INRQV,No,Male,One year,Mailed check,90.15
5914-DVBWJ,Yes,Female,Month-to-month,Electronic check,85.45
5914-GXMDA,No,Female,One year,Mailed check,19.3
5914-XRFQB,No,Male,Two year,Bank transfer (automatic),115.8
5915-ANOEI,No,Male,Two year,Mailed check,79.15
5915-DGNVC,No,Female,One year,Electronic check,71.8
5916-QEWPT,No,Female,Month-to-month,Credit card (automatic),69.0
5917-HBSDW,No,Female,Month-to-month,Electronic check,19.35
5917-RYRMG,No,Male,One year,Credit card (automatic),19.8
5918-VUKWP,No,Female,One year,Bank transfer (automatic),20.55
5919-TMRGD,Yes,Female,Month-to-month,Electronic check,79.35
5919-VCZYM,No,Male,Month-to-month,Mailed check,20.05
5921-NGYRH,No,Male,Month-to-month,Mailed check,73.55
5922-ABDVO,Yes,Female,Month-to-month,Mailed check,89.65
5923-GXUOC,Yes,Male,Month-to-month,Electronic check,104.4
5924-IFQTT,No,Male,Month-to-month,Electronic check,72.8
5924-SNGKP,No,Female,One year,Credit card (automatic),20.25
5928-QLDHB,No,Male,Month-to-month,Electronic check,76.25
5930-GBIWP,No,Male,Two year,Credit card (automatic),81.5
5931-FLJJF,Yes,Male,Month-to-month,Mailed check,70.1
5934-RMPOV,No,Female,Month-to-month,Electronic check,84.75
5934-TSSAU,No,Female,Month-to-month,Credit card (automatic),75.3
5935-FCCNB,No,Female,Month-to-month,Electronic check,94.2
5937-EORGB,No,Male,Month-to-month,Electronic check,96.5
5939-SXWHM,No,Male,Two year,Bank transfer (automatic),26.3
5939-XAIXZ,No,Female,Month-to-month,Mailed check,56.1
5940-AHUHD,Yes,Male,Month-to-month,Mailed check,70.6
5940-NFXKV,Yes,Male,Month-to-month,Electronic check,83.65
5943-PWAPA,,Female,One year,Electronic check,93.45
5944-UGLLK,No,Male,One year,Credit card (automatic),54.9
5945-AZYHT,No,Male,One year,Electronic check,109.6
5947-SGKCL,No,Female,Month-to-month,Bank transfer (automatic),105.35
5948-UJZLF,No,Male,Month-to-month,Mailed check,49.25
5949-EBSQK,Yes,Male,Month-to-month,Credit card (automatic),61.45
5949-HGVJL,No,Female,Month-to-month,Electronic check,73.05
5949-XIKAE,Yes,Female,Month-to-month,Electronic check,83.55
5950-AAAGJ,No,Male,Month-to-month,Bank transfer (automatic),84.3
5951-AOFIH,No,Male,Month-to-month,Credit card (automatic),66.4
5954-BDFSG,No,Female,Two year,Credit card (automatic),107.5
5955-EPOAZ,No,Female,Month-to-month,Mailed check,20.95
5955-ERIHD,Yes,Male,Month-to-month,Electronic check,94.7
5956-VKDTT,Yes,Female,Month-to-month,Electronic check,74.35
5956-YHHRX,No,Male,Month-to-month,Electronic check,104.35
5959-BELXA,Yes,Male,Month-to-month,Credit card (automatic),96.15
5960-MVTUK,No,Male,Month-to-month,Electronic check,29.75
5960-WPXQM,Yes,Male,Month-to-month,Electronic check,79.05
5961-VUSRV,No,Female,One year,Bank transfer (automatic),19.35
5965-GGPRW,No,Male,Two year,Bank transfer (automatic),105.25
5966-EMAZU,No,Male,One year,Mailed check,108.5
5968-HYJRZ,No,Male,Two year,Mailed check,24.55
5968-VXZLG,No,Male,Month-to-month,Bank transfer (automatic),46.6
5968-XQIVE,No,Male,One year,Electronic check,89.7
5970-GHJAW,No,Male,Two year,Credit card (automatic),19.95
5973-EJGDP,No,Male,Month-to-month,Electronic check,87.35
5975-BAICR,No,Male,One year,Credit card (automatic),63.7
5976-JCJRH,Yes,Male,Month-to-month,Electronic check,70.3
5977-CKHON,No,Female,Month-to-month,Bank transfer (automatic),92.55
5980-BDHPY,No,Male,Two year,Bank transfer (automatic),87.1
5980-NOPLP,Yes,Female,Month-to-month,Electronic check,96.1
5981-ITEMU,Yes,Male,Month-to-month,Bank transfer (automatic),97.1
5981-ZVXOT,No,Female,One year,Electronic check,108.35
5982-FPVQN,No,Female,Month-to-month,Electronic check,95.15
5982-PSMKW,No,Female,Two year,Credit card (automatic),91.1
5982-XMDEX,No,Female,Two year,Bank transfer (automatic),26.5
5985-BEHZK,No,Female,One year,Credit card (automatic),105.0
5985-TBABQ,No,Female,One year,Mailed check,74.75
5986-WWXDV,No,Male,One year,Bank transfer (automatic),19.35
5989-AXPUC,No,Female,Two year,Mailed check,118.6
5989-OMNJE,No,Female,One year,Electronic check,57.6
5989-PGKJB,No,Female,Month-to-month,Electronic check,86.25
5993-BQHEA,No,Male,One year,Credit card (automatic),20.05
5993-JSUWV,No,Female,Two year,Bank transfer (automatic),61.15
5995-LFTLE,No,Male,Two year,Credit card (automatic),25.3
5995-OIGLP,Yes,Male,Month-to-month,Mailed check,56.65
5995-SNNEW,No,Male,Month-to-month,Electronic check,104.45
5995-WWKKG,No,Female,One year,Electronic check,19.8
5996-DAOQL,No,Male,Month-to-month,Mailed check,20.45
5996-EBTKM,No,Female,Two year,Bank transfer (automatic),69.9
5996-NRVXR,No,Male,One year,Credit card (automatic),98.15
5997-OPVFA,No,Male,Two year,Bank transfer (automatic),89.05
5998-DZLYR,No,Female,Two year,Bank transfer (automatic),94.35
5998-VVEJY,Yes,Male,Month-to-month,Electronic check,80.5
5999-LCXAO,No,Female,Month-to-month,Mailed check,29.9
6000-APYLU,Yes,Male,Month-to-month,Electronic check,80.8
6000-UKLWI,No,Male,Two year,Mailed check,20.15
6005-OBZPH,Yes,Female,Month-to-month,Electronic check,89.15
6007-TCTST,No,Female,Two year,Bank transfer (automatic),115.8
6008-NAIXK,No,Male,One year,Electronic check,55.45
6010-DDPPW,No,Male,Two year,Bank transfer (automatic),25.15
6013-BHCAW,No,Male,Two year,Bank transfer (automatic),81.0
6015-VVHHE,Yes,Female,Month-to-month,Credit card (automatic),83.15
6016-EJGNT,,Female,One year,Credit card (automatic),103.25
6016-LVTJQ,No,Female,Month-to-month,Mailed check,20.65
6016-NXBNJ,No,Male,One year,Mailed check,19.15
6016-QSKVI,,Male,Month-to-month,Mailed check,94.9
6017-PPLPX,Yes,Male,Month-to-month,Electronic check,70.45
6022-KOUQO,No,Female,Month-to-month,Bank transfer (automatic),29.05
6022-MXOMF,,Female,Month-to-month,Electronic check,74.2
6022-UGGSO,Yes,Female,Month-to-month,Electronic check,74.4
6023-GSSXW,No,Female,Two year,Credit card (automatic),61.45
6023-YEBUP,Yes,Male,Month-to-month,Electronic check,100.95
6024-RUGGH,No,Male,Two year,Bank transfer (automatic),25.2
6029-CSMJE,No,Male,Month-to-month,Mailed check,25.65
6029-WTIPC,Yes,Male,Month-to-month,Electronic check,101.1
6030-REHUX,No,Female,Month-to-month,Electronic check,110.85
6032-IGALN,Yes,Female,Month-to-month,Mailed check,25.1
6032-KRXXO,Yes,Male,Month-to-month,Electronic check,90.25
6034-YMTOB,No,Female,Month-to-month,Mailed check,75.65
6034-ZRYCV,Yes,Female,Two year,Electronic check,54.2
6035-BXTTY,No,Female,Month-to-month,Bank transfer (automatic),54.65
6035-RIIOM,No,Female,Two year,Bank transfer (automatic),97.2
6036-TTFYU,No,Female,Month-to-month,Mailed check,19.6
6037-WPJRP,,Female,Month-to-month,Mailed check,75.0
6038-GCYEC,Yes,Female,Month-to-month,Credit card (automatic),54.15
6039-RVSJV,,Female,Month-to-month,Mailed check,19.85
6040-CGACY,No,Female,Month-to-month,Mailed check,19.6
6047-SUHPR,No,Male,One year,Electronic check,59.8
6047-YHPVI,Yes,Male,Month-to-month,Electronic check,69.7
6048-NJXHX,No,Male,Two year,Electronic check,19.75
6048-QBXKL,No,Female,Month-to-month,Credit card (automatic),56.55
6048-UWKAL,No,Female,Two year,Credit card (automatic),105.4
6050-FFXES,No,Female,Two year,Bank transfer (automatic),105.35
6050-IJRHS,No,Female,One year,Electronic check,106.5
6051-PTVNS,No,Female,One year,Credit card (automatic),19.15
6060-DRTNL,Yes,Female,Month-to-month,Mailed check,84.85
6060-QBMGV,No,Male,Two year,Credit card (automatic),19.85
6061-GWWAV,No,Male,One year,Mailed check,70.2
6061-PQHMK,No,Female,One year,Credit card (automatic),19.9
6064-PUPMC,No,Male,One year,Credit card (automatic),57.2
6064-ZATLR,No,Female,Two year,Bank transfer (automatic),52.85
6067-NGCEU,No,Female,Month-to-month,Credit card (automatic),111.05
6072-NUQCB,No,Male,One year,Bank transfer (automatic),20.25
6072-YUBLX,,Male,One year,Mailed check,98.3
6075-QMNRR,No,Female,Month-to-month,Bank transfer (automatic),49.75
6075-SLNIL,No,Male,Month-to-month,Credit card (automatic),95.1
6077-BDPXA,No,Female,Month-to-month,Electronic check,70.15
6078-VESFR,No,Male,Month-to-month,Bank transfer (automatic),70.45
6080-LNESI,No,Male,Two year,Mailed check,24.75
6080-TCMYC,No,Male,Month-to-month,Electronic check,81.2
6082-GLJIX,No,Male,Month-to-month,Mailed check,19.25
6082-OQFBA,No,Male,One year,Mailed check,19.65
6086-ESGRL,Yes,Female,Month-to-month,Credit card (automatic),80.15
6087-MVHJH,Yes,Female,Month-to-month,Electronic check,88.45
6087-YPWHO,No,Male,Two year,Mailed check,68.15
6088-BXMRG,No,Female,Month-to-month,Electronic check,98.85
6092-QZVPP,No,Male,Month-to-month,Credit card (automatic),79.2
6094-ZIVKX,No,Female,One year,Credit card (automatic),54.45
6096-EGVTU,No,Female,One year,Mailed check,24.9
6097-EQISJ,Yes,Female,One year,Credit card (automatic),102.45
6100-FJZDG,No,Male,One year,Bank transfer (automatic),20.05
6100-QQHEB,Yes,Male,Month-to-month,Electronic check,92.55
6101-IMRMM,Yes,Male,Month-to-month,Mailed check,94.5
6103-BOCOU,No,Female,Month-to-month,Electronic check,80.7
6103-LIANB,No,Male,Two year,Credit card (automatic),99.5
6103-QCKFX,No,Female,Month-to-month,Bank transfer (automatic),56.25
6108-OQZDQ,Yes,Female,Month-to-month,Electronic check,97.95
6110-OHIHY,Yes,Male,Month-to-month,Electronic check,79.25
6112-KTHFQ,No,Female,Month-to-month,Mailed check,19.3
6114-TCFID,No,Female,One year,Credit card (automatic),39.5
6115-ZTBFQ,No,Female,Two year,Bank transfer (automatic),65.5
6116-RFVHN,No,Female,Month-to-month,Electronic check,100.45
6119-SPUDB,No,Male,Two year,Mailed check,38.25
6120-RJKLU,No,Female,Two year,Credit card (automatic),79.95
6121-TNHBO,No,Female,One year,Bank transfer (automatic),83.0
6121-VZNQB,Yes,Female,Month-to-month,Mailed check,19.1
6122-EFVKN,No,Male,Two year,Mailed check,35.75
6122-LJADA,No,Male,Two year,Credit card (automatic),90.15
6124-ACRHJ,No,Female,Month-to-month,Mailed check,19.75
6127-ISGTU,Yes,Female,Month-to-month,Electronic check,84.95
6127-IYJOZ,No,Male,Month-to-month,Mailed check,45.85
6128-AQBMT,No,Male,Month-to-month,Electronic check,53.95
6128-CZOMY,Yes,Female,Month-to-month,Electronic check,45.65
6128-DAFVY,No,Female,Month-to-month,Credit card (automatic),44.85
6131-FOYAS,No,Male,Month-to-month,Electronic check,59.6
6131-IUNXN,No,Female,Month-to-month,Mailed check,20.2
6131-JLWZM,No,Female,Month-to-month,Mailed check,20.3
6133-OZILE,No,Female,Month-to-month,Electronic check,35.2
6134-KWTBV,No,Male,Two year,Bank transfer (automatic),23.4
6135-OZQVA,No,Female,Month-to-month,Electronic check,53.65
6137-MFAJN,No,Female,Month-to-month,Electronic check,44.8
6137-NICCO,No,Female,Month-to-month,Mailed check,94.05
6139-ZZRBQ,No,Male,Two year,Bank transfer (automatic),20.05
6140-QNRQQ,Yes,Male,Month-to-month,Mailed check,71.55
6141-OOXUQ,Yes,Male,Month-to-month,Mailed check,19.65
6142-VSJQO,Yes,Female,Month-to-month,Bank transfer (automatic),44.35
6143-JQKEA,No,Male,Month-to-month,Credit card (automatic),45.8
6145-NNPNO,No,Female,Month-to-month,Bank transfer (automatic),44.15
6147-CBCRA,No,Female,Month-to-month,Mailed check,20.05
6152-ONASV,No,Female,One year,Bank transfer (automatic),58.25
6156-UZDLF,No,Female,One year,Credit card (automatic),87.15
6158-DWPZT,Yes,Male,One year,Bank transfer (automatic),24.1
6158-HDPXZ,No,Male,Month-to-month,Mailed check,25.35
6161-ERDGD,No,Male,One year,Electronic check,85.45
6161-UUUTA,Yes,Male,Month-to-month,Electronic check,79.9
6164-HAQTX,No,Male,Two year,Bank transfer (automatic),53.95
6164-HXUGH,No,Female,Month-to-month,Mailed check,19.85
6166-ILMNY,Yes,Female,Month-to-month,Bank transfer (automatic),69.75
6166-YIPFO,No,Male,Two year,Electronic check,64.7
6167-SYRNG,,Male,Two year,Credit card (automatic),64.05
6168-WFVVF,Yes,Female,Month-to-month,Electronic check,70.3
6168-YBYNP,No,Male,Month-to-month,Electronic check,111.35
6169-PGNCD,No,Female,Two year,Credit card (automatic),74.3
6169-PPETC,No,Male,Two year,Bank transfer (automatic),20.5
6171-ZTVYB,No,Male,Month-to-month,Bank transfer (automatic),66.25
6172-FECYY,Yes,Male,Month-to-month,Electronic check,84.5
6173-GOLSU,No,Male,Month-to-month,Credit card (automatic),94.65
6173-ITPWD,Yes,Male,Month-to-month,Bank transfer (automatic),83.35
6174-NRBTZ,No,Male,One year,Bank transfer (automatic),30.75
6175-IRFIT,No,Male,Month-to-month,Mailed check,78.75
6176-YJWAS,No,Male,Two year,Credit card (automatic),97.95
6177-PEVRA,No,Female,Two year,Credit card (automatic),55.5
6178-KFNHS,Yes,Female,Month-to-month,Electronic check,78.3
6179-GJPSO,Yes,Female,Month-to-month,Credit card (automatic),108.15
6180-YBIQI,No,Male,Month-to-month,Mailed check,24.3
6181-AXXYF,No,Male,Two year,Credit card (automatic),24.75
6184-DYUOB,No,Female,Month-to-month,Mailed check,19.6
6185-TASNN,No,Male,Month-to-month,Electronic check,46.3
6188-UXBBR,No,Female,One year,Credit card (automatic),20.25
6194-HBGQN,No,Male,One year,Credit card (automatic),81.15
6195-MELTI,No,Male,One year,Mailed check,54.65
6196-HBOBZ,No,Male,Two year,Electronic check,99.35
6198-PNNSZ,No,Female,One year,Bank transfer (automatic),109.8
6198-RTPMF,No,Female,Month-to-month,Electronic check,92.6
6198-ZFIOJ,No,Female,Month-to-month,Electronic check,75.6
6199-IPCAO,No,Female,Two year,Mailed check,26.1
6199-IWKGC,No,Female,One year,Electronic check,100.25
6202-DYYFX,No,Female,One year,Credit card (automatic),76.0
6202-JVYEU,No,Male,One year,Electronic check,19.9
6203-HBZPA,No,Male,Two year,Credit card (automatic),63.9
6204-IEUXJ,Yes,Female,Month-to-month,Credit card (automatic),80.1
6207-WIOLX,Yes,Female,Month-to-month,Credit card (automatic),58.6
6210-KBBPI,Yes,Male,Month-to-month,Credit card (automatic),99.45
6211-WHMYA,No,Female,Month-to-month,Electronic check,43.85
6211-WWLTF,No,Male,Two year,Credit card (automatic),99.7
6212-ATMLK,No,Female,Month-to-month,Electronic check,95.7
6214-EDAKZ,Yes,Female,Month-to-month,Electronic check,55.15
6215-NQCPY,No,Male,Month-to-month,Electronic check,99.7
6217-KDYWC,No,Male,Two year,Mailed check,19.6
6217-TOWGS,No,Female,Month-to-month,Bank transfer (automatic),75.4
6218-KNUBD,No,Male,Month-to-month,Electronic check,59.45
6221-AVQYL,Yes,Male,Month-to-month,Credit card (automatic),73.25
6223-DHJGV,No,Female,One year,Mailed check,20.65
6225-VNQSJ,,Male,Month-to-month,Electronic check,35.45
6227-FBDXH,No,Male,One year,Bank transfer (automatic),99.5
6227-HWPWX,Yes,Female,Month-to-month,Bank transfer (automatic),69.0
6229-LSCKB,No,Male,Month-to-month,Electronic check,79.7
6229-UOLQL,No,Male,One year,Mailed check,52.0
6230-BSUXY,Yes,Female,Month-to-month,Electronic check,85.0
6231-WFGFH,No,Male,Month-to-month,Mailed check,20.5
6233-HXJMX,No,Female,Month-to-month,Credit card (automatic),89.3
6234-PFPXL,No,Male,Month-to-month,Credit card (automatic),95.9
6234-RAAPL,No,Female,Two year,Bank transfer (automatic),99.9
6235-VDHOM,Yes,Female,Month-to-month,Electronic check,28.45
6240-EURKS,Yes,Female,Month-to-month,Electronic check,35.0
6242-FEGFD,No,Male,Two year,Mailed check,96.6
6242-MBHPK,No,Female,Month-to-month,Electronic check,95.1
6242-SGYTS,No,Male,One year,Credit card (automatic),94.95
6243-OZGFH,No,Female,Month-to-month,Electronic check,44.95
6244-BESBM,No,Male,Two year,Credit card (automatic),95.2
6248-BSHKG,No,Male,One year,Mailed check,20.4
6248-TKCQV,No,Female,Two year,Bank transfer (automatic),80.6
6250-CGGUN,No,Male,One year,Electronic check,84.4
6252-DFGTK,No,Female,One year,Credit card (automatic),68.1
6253-GNHWH,No,Female,Two year,Mailed check,71.1
6253-WRFHY,No,Male,One year,Electronic check,64.75
6257-DTAYD,No,Male,Two year,Credit card (automatic),104.15
6257-RJOHI,No,Male,Month-to-month,Mailed check,50.8
6258-NGCNG,No,Male,Month-to-month,Mailed check,23.5
6258-PVZWJ,No,Male,Two year,Credit card (automatic),90.8
6259-WJQLC,No,Male,Month-to-month,Credit card (automatic),81.1
6260-ONULR,No,Male,Month-to-month,Mailed check,62.8
6260-XLACS,No,Male,One year,Mailed check,19.7
6261-LHRTG,No,Female,Month-to-month,Credit card (automatic),54.75
6261-RCVNS,Yes,Female,One year,Credit card (automatic),73.9
6265-FRMTQ,No,Male,Two year,Bank transfer (automatic),20.4
6265-SXWBU,No,Male,One year,Credit card (automatic),95.75
6266-QHOJZ,No,Female,One year,Electronic check,89.85
6267-DCFFZ,No,Female,Month-to-month,Electronic check,90.05
6270-OMFIW,Yes,Male,One year,Electronic check,94.4
6271-PRTUU,,Female,Month-to-month,Bank transfer (automatic),19.55
6272-HWGNQ,,Female,Month-to-month,Electronic check,85.0
6275-YDUVO,Yes,Female,Month-to-month,Mailed check,86.2
6278-FEPBZ,No,Female,Month-to-month,Mailed check,20.25
6281-FKEWS,No,Female,One year,Electronic check,49.05
6283-GITPX,No,Male,Two year,Credit card (automatic),76.9
6284-AHOOQ,Yes,Male,Month-to-month,Bank transfer (automatic),90.5
6284-KMNUF,No,Female,One year,Electronic check,98.0
6285-FTQBF,No,Male,Two year,Credit card (automatic),25.55
6286-SUUWT,No,Male,Month-to-month,Mailed check,19.95
6286-ZHAOK,No,Female,Month-to-month,Bank transfer (automatic),25.55
6288-CHQJB,No,Female,Two year,Bank transfer (automatic),69.95
6288-LBEAR,No,Female,Month-to-month,Mailed check,79.1
6289-CPNLD,Yes,Male,One year,Mailed check,73.9
6292-TOSSS,No,Male,Two year,Bank transfer (automatic),24.9
6295-OSINB,No,Male,Two year,Electronic check,109.65
6296-DDOOR,No,Female,One year,Electronic check,58.2
6297-NOOPG,No,Female,Two year,Electronic check,110.5
6298-QDFNH,Yes,Male,Month-to-month,Electronic check,79.35
6300-BWMJX,No,Female,Month-to-month,Electronic check,93.35
6302-JGYRJ,Yes,Male,One year,Mailed check,79.45
6303-APKJD,,Male,Month-to-month,Electronic check,89.85
6303-KFWSL,No,Female,One year,Electronic check,55.25
6304-IJFSQ,Yes,Male,Month-to-month,Mailed check,49.9
6305-YLBMM,Yes,Male,One year,Bank transfer (automatic),104.05
6308-CQRBU,No,Female,Two year,Electronic check,109.25
6311-UEUME,Yes,Female,Month-to-month,Electronic check,78.9
6313-GIDIT,Yes,Male,Month-to-month,Electronic check,54.45
6317-YPKDH,Yes,Female,Month-to-month,Bank transfer (automatic),29.95
6319-IEJWJ,Yes,Male,Month-to-month,Electronic check,90.2
6319-QSUSR,No,Female,Month-to-month,Credit card (automatic),19.7
6319-ZXCPZ,,Male,Month-to-month,Electronic check,95.75
6322-HRPFA,No,Male,Month-to-month,Credit card (automatic),59.6
6322-PJJDJ,No,Male,Two year,Electronic check,94.8
6323-AYBRX,Yes,Male,Two year,Mailed check,19.35
6326-MTTXK,Yes,Male,Month-to-month,Electronic check,100.85
6328-ZPBGN,Yes,Female,Month-to-month,Bank transfer (automatic),95.15
6330-JKLPC,Yes,Male,Month-to-month,Bank transfer (automatic),80.5
6331-EWIEB,Yes,Male,Month-to-month,Electronic check,85.25
6331-LWDTQ,Yes,Male,Month-to-month,Credit card (automatic),72.15
6332-FBZRI,No,Male,One year,Credit card (automatic),69.35
6333-YDVLT,No,Male,One year,Credit card (automatic),110.0
6338-AVWCY,Yes,Male,Month-to-month,Mailed check,40.15
6339-DKLMK,No,Female,Month-to-month,Electronic check,31.65
6339-RZCBJ,No,Male,Two year,Credit card (automatic),78.9
6339-TBELP,No,Male,Two year,Credit card (automatic),86.4
6339-YPSAH,No,Male,Month-to-month,Electronic check,73.8
6340-DACFT,No,Female,Two year,Credit card (automatic),20.55
6341-AEVKX,No,Female,One year,Electronic check,104.3
6341-JVQGF,No,Female,One year,Mailed check,81.15
6344-SFJVH,No,Female,Month-to-month,Credit card (automatic),24.9
6345-FZOQH,No,Male,Two year,Mailed check,19.9
6345-HOVES,No,Male,Month-to-month,Bank transfer (automatic),25.05
6345-ULYRW,Yes,Male,One year,Mailed check,88.4
6347-DCUIK,Yes,Male,Month-to-month,Mailed check,74.15
6348-SNFUS,No,Male,Two year,Credit card (automatic),55.45
6349-JDHQP,No,Female,Two year,Credit card (automatic),19.85
6350-XFYGW,No,Male,Month-to-month,Electronic check,94.75
6351-SCJKT,No,Male,Month-to-month,Mailed check,41.35
6352-GIGGQ,No,Male,One year,Bank transfer (automatic),88.8
6352-TWCAU,Yes,Female,Month-to-month,Electronic check,86.45
6353-BRMMA,No,Female,Month-to-month,Bank transfer (automatic),104.1
6356-ELRKD,Yes,Female,Month-to-month,Electronic check,95.6
6357-JJPQT,No,Female,Month-to-month,Electronic check,80.5
6358-LYNGM,Yes,Male,Month-to-month,Electronic check,74.9
6360-SVNWV,No,Female,Month-to-month,Credit card (automatic),73.55
6362-QHAFM,No,Male,One year,Electronic check,108.3
6365-HITVU,No,Female,Two year,Credit card (automatic),87.25
6365-MTGZX,Yes,Male,Month-to-month,Electronic check,96.0
6366-XIVKZ,No,Female,Month-to-month,Mailed check,63.15
6366-ZGQGL,Yes,Male,Month-to-month,Bank transfer (automatic),24.8
6368-NWMCE,No,Female,Month-to-month,Credit card (automatic),68.15
6368-TZZDT,No,Male,Two year,Credit card (automatic),19.5
6369-MCAKO,No,Female,Two year,Bank transfer (automatic),89.05
6370-ZVHDV,No,Female,Two year,Bank transfer (automatic),25.3
6371-NZYEG,No,Male,Two year,Mailed check,64.25
6372-RFVNS,Yes,Female,Month-to-month,Electronic check,78.8
6374-AFWOX,No,Male,Two year,Mailed check,65.65
6374-NTQLP,No,Male,Two year,Credit card (automatic),104.1
6376-GAHQE,Yes,Male,Month-to-month,Electronic check,77.85
6377-KSLXC,No,Male,Month-to-month,Mailed check,19.95
6377-WHAOX,No,Female,Month-to-month,Electronic check,106.15
6379-RXJRQ,Yes,Male,Month-to-month,Electronic check,70.1
6380-ARCEH,No,Male,Month-to-month,Mailed check,20.2
6381-LOPCO,,Male,Month-to-month,Electronic check,69.8
6383-ZTSIW,No,Female,One year,Mailed check,99.1
6384-VMJHP,No,Female,Two year,Credit card (automatic),73.0
6385-MVEPL,,Male,Two year,Mailed check,69.25
6386-SZZKH,Yes,Female,Two year,Bank transfer (automatic),107.95
6388-TABGU,No,Male,One year,Bank transfer (automatic),56.15
6390-DSAZX,Yes,Female,Month-to-month,Mailed check,73.6
6393-WRYZE,Yes,Female,Month-to-month,Electronic check,97.65
6394-HHHZM,No,Male,Month-to-month,Mailed check,20.7
6394-MFYNG,Yes,Female,Month-to-month,Bank transfer (automatic),107.4
6397-JNZZG,Yes,Female,Month-to-month,Credit card (automatic),55.55
6400-BWQKW,Yes,Female,Month-to-month,Electronic check,79.05
6402-EJMWF,No,Male,Month-to-month,Mailed check,55.3
6402-SSEJG,No,Female,One year,Electronic check,61.05
6402-ZFPPI,Yes,Female,Month-to-month,Mailed check,102.8
6407-GSJNL,No,Female,Two year,Bank transfer (automatic),24.95
6407-UTSLV,No,Female,Month-to-month,Bank transfer (automatic),83.8
6408-OTUBZ,No,Female,One year,Bank transfer (automatic),104.55
6408-WHTEF,No,Male,Two year,Mailed check,89.4
6410-LEFEN,Yes,Female,Month-to-month,Electronic check,45.15
6413-XKKPU,Yes,Male,Month-to-month,Electronic check,89.4
6416-JNVRK,No,Female,One year,Credit card (automatic),55.65
6416-TVAIH,Yes,Male,Month-to-month,Electronic check,68.5
6416-YJTTB,No,Male,Month-to-month,Bank transfer (automatic),79.5
6418-HNFED,No,Male,Two year,Credit card (automatic),83.25
6418-PIQSP,No,Female,Two year,Mailed check,81.0
6419-ZTTLE,No,Male,One year,Electronic check,20.75
6421-SZVEM,No,Female,One year,Bank transfer (automatic),82.85
6424-ELEYH,Yes,Female,Month-to-month,Credit card (automatic),74.75
6425-JWTDV,No,Male,Two year,Mailed check,19.25
6425-YQLLO,Yes,Female,One year,Credit card (automatic),105.95
6427-FEFIG,No,Female,Two year,Credit card (automatic),78.6
6429-SHBCB,No,Male,Month-to-month,Mailed check,69.6
6432-TWQLB,Yes,Male,Month-to-month,Electronic check,85.4
6434-TTGJP,No,Male,Two year,Credit card (automatic),53.7
6435-SRWBJ,No,Female,Month-to-month,Electronic check,82.75
6435-VWCCY,No,Male,Two year,Credit card (automatic),92.7
6437-UDQJM,No,Female,Two year,Credit card (automatic),84.1
6437-UKHMV,Yes,Female,Month-to-month,Electronic check,79.7
6439-GTPCA,Yes,Female,Month-to-month,Electronic check,87.25
6439-LAJXL,No,Male,Month-to-month,Mailed check,68.95
6439-PKTRR,No,Female,Two year,Electronic check,80.7
6440-DKQGE,No,Male,One year,Credit card (automatic),64.5
6445-TNRXS,No,Male,Two year,Bank transfer (automatic),114.7
6447-EGDIV,No,Female,One year,Mailed check,20.95
6447-GORXK,No,Male,Month-to-month,Credit card (automatic),25.0
6457-GIRWB,Yes,Male,Month-to-month,Electronic check,69.35
6457-USBER,Yes,Male,Month-to-month,Electronic check,80.8
6458-CYIDZ,No,Female,Month-to-month,Electronic check,80.7
6461-PPAXN,No,Female,One year,Bank transfer (automatic),54.95
6461-SZMCV,No,Female,Two year,Bank transfer (automatic),87.95
6463-CCMII,,Male,Month-to-month,Mailed check,19.7
6463-HHXJR,No,Female,Two year,Bank transfer (automatic),100.5
6463-MVYRY,No,Female,Two year,Bank transfer (automatic),69.85
6464-KEXXH,No,Male,Month-to-month,Credit card (automatic),25.25
6465-GSRCL,No,Female,One year,Bank transfer (automatic),106.6
6467-CHFZW,Yes,Male,Month-to-month,Electronic check,99.35
6469-MRVET,No,Male,One year,Electronic check,20.2
6469-QJKZW,No,Female,Month-to-month,Electronic check,20.15
6473-ULUHT,No,Male,Month-to-month,Electronic check,84.9
6474-FVJLC,Yes,Male,Month-to-month,Electronic check,86.0
6475-VHUIZ,No,Female,Month-to-month,Electronic check,54.25
6476-EPYZR,No,Male,Month-to-month,Mailed check,20.5
6476-YHMGA,No,Female,Month-to-month,Bank transfer (automatic),76.5
6478-HRRCZ,No,Male,One year,Mailed check,70.5
6479-OAUSD,No,Male,One year,Credit card (automatic),19.9
6479-SZPLM,No,Male,Two year,Credit card (automatic),19.45
6479-VDGRK,No,Female,Two year,Bank transfer (automatic),85.3
6480-YAGIY,No,Male,One year,Credit card (automatic),112.2
6481-ESCNL,No,Female,Month-to-month,Bank transfer (automatic),100.55
6481-LXPWL,No,Male,One year,Credit card (automatic),36.1
6481-OGDOO,Yes,Male,One year,Credit card (automatic),90.6
6483-OATDN,No,Male,Month-to-month,Credit card (automatic),51.3
6484-LATFU,No,Male,Two year,Mailed check,24.55
6485-QXWWE,No,Female,Two year,Bank transfer (automatic),26.0
6486-LHTMA,No,Female,One year,Electronic check,90.7
6490-FGZAT,No,Male,Month-to-month,Mailed check,20.65
6496-JDSSB,No,Female,Month-to-month,Bank transfer (automatic),80.0
6496-SLWHQ,Yes,Male,Month-to-month,Electronic check,105.0
6497-TILVL,No,Female,Month-to-month,Mailed check,50.7
6500-JVEGC,No,Male,One year,Bank transfer (automatic),101.35
6502-HCJTI,Yes,Male,Month-to-month,Credit card (automatic),94.7
6502-KUGLL,No,Female,Month-to-month,Bank transfer (automatic),59.45
6502-MJQAE,Yes,Male,Month-to-month,Electronic check,69.6
6504-VBLFL,No,Male,Two year,Electronic check,58.6
6505-OZNPG,No,Female,Two year,Mailed check,63.4
6506-EYCNH,No,Female,Month-to-month,Bank transfer (automatic),19.55
6507-DTJZV,No,Male,Month-to-month,Credit card (automatic),66.4
6507-MIKMI,,Female,Month-to-month,Electronic check,106.3
6507-ZJSUR,No,Male,Month-to-month,Electronic check,90.45
6508-NJYRO,No,Male,One year,Mailed check,18.8
6508-TFQQW,,Male,Month-to-month,Electronic check,70.3
6509-TSGWN,No,Female,Month-to-month,Mailed check,26.45
6510-UPNKS,No,Female,One year,Credit card (automatic),24.8
6513-EECDB,Yes,Male,Month-to-month,Electronic check,73.55
6516-NKQBO,No,Male,Two year,Credit card (automatic),81.0
6518-KZXCB,No,Male,Two year,Mailed check,25.25
6518-LGAOV,Yes,Female,Month-to-month,Electronic check,105.0
6518-PPLMZ,No,Male,Two year,Mailed check,19.4
6519-CFDBX,No,Female,Month-to-month,Electronic check,45.4
6519-JNHOZ,,Female,One year,Electronic check,65.65
6519-ZHPXP,No,Female,Two year,Bank transfer (automatic),108.3
6521-YYTYI,Yes,Male,Month-to-month,Electronic check,93.3
6522-OIQSX,No,Female,Two year,Credit card (automatic),54.95
6522-YRBXD,No,Male,Month-to-month,Electronic check,94.55
6527-PZFPV,No,Male,One year,Credit card (automatic),20.8
6532-YLWSI,Yes,Female,One year,Bank transfer (automatic),20.8
6532-YOHZY,,Male,Two year,Bank transfer (automatic),109.75
6537-OTKMY,No,Male,One year,Electronic check,50.75
6537-QLGEX,No,Female,Month-to-month,Electronic check,38.9
6538-POCHL,No,Male,Month-to-month,Credit card (automatic),79.0
6542-LWGXJ,No,Male,Month-to-month,Mailed check,25.0
6543-CPZMK,Yes,Male,Month-to-month,Electronic check,29.95
6543-JXSOO,No,Female,One year,Mailed check,57.75
6543-XRMYR,Yes,Female,Month-to-month,Electronic check,99.7
6546-OPBBH,No,Male,One year,Mailed check,23.95
6547-ETRKK,,Female,One year,Bank transfer (automatic),20.8
6549-BTYPG,No,Female,Two year,Credit card (automatic),60.8
6549-NNDYT,No,Female,Month-to-month,Bank transfer (automatic),30.85
6549-YMFAW,No,Male,Month-to-month,Mailed check,21.25
6551-GNYDG,No,Female,Month-to-month,Bank transfer (automatic),80.9
6551-VLJMV,No,Male,Two year,Credit card (automatic),20.05
6551-ZCOTS,No,Male,One year,Bank transfer (automatic),24.9
6554-ONRKJ,,Male,One year,Bank transfer (automatic),54.85
6556-DBKZF,No,Female,Two year,Electronic check,76.05
6557-BZXLQ,No,Male,Month-to-month,Electronic check,69.65
6559-ILWKJ,Yes,Male,Two year,Electronic check,49.35
6559-PDZLR,No,Male,Month-to-month,Electronic check,98.65
6559-RAKOZ,No,Male,One year,Electronic check,97.95
6563-VNPMN,No,Female,Month-to-month,Bank transfer (automatic),85.7
6563-VRERX,No,Male,One year,Mailed check,20.6
6567-HOOPW,Yes,Female,Month-to-month,Electronic check,79.2
6568-POCUI,No,Female,Two year,Credit card (automatic),95.2
6569-KTMDU,No,Female,Month-to-month,Mailed check,19.1
6572-ADKRS,No,Female,Month-to-month,Credit card (automatic),74.8
6574-MCOEH,No,Female,One year,Electronic check,79.15
6575-SUVOI,No,Female,Month-to-month,Credit card (automatic),69.5
6576-FBXOJ,No,Male,One year,Electronic check,54.6
6578-KRMAW,No,Male,Month-to-month,Credit card (automatic),93.4
6579-JPICP,No,Male,Month-to-month,Mailed check,20.4
6581-NQCBA,Yes,Female,Month-to-month,Electronic check,49.95
6582-OIVSP,No,Female,Month-to-month,Mailed check,45.3
6582-PLFUU,No,Male,Two year,Credit card (automatic),19.55
6583-KQJLK,No,Female,Month-to-month,Electronic check,94.65
6583-QGCSI,Yes,Female,Month-to-month,Electronic check,88.05
6583-SZVGP,No,Male,Two year,Bank transfer (automatic),108.1
6584-VQMYT,No,Male,One year,Mailed check,56.2
6585-WCEWR,No,Male,Two year,Electronic check,20.35
6586-MYGKD,No,Male,Two year,Credit card (automatic),76.95
6586-PSJOX,No,Male,One year,Credit card (automatic),55.2
6591-QGOYB,No,Male,Month-to-month,Bank transfer (automatic),106.65
6595-COKXZ,Yes,Female,Month-to-month,Mailed check,44.45
6595-YGXIT,Yes,Male,Month-to-month,Electronic check,88.95
6598-KELSS,No,Male,One year,Bank transfer (automatic),43.05
6598-RFFVI,Yes,Male,One year,Credit card (automatic),19.3
6599-CEBNN,Yes,Female,Month-to-month,Credit card (automatic),73.95
6599-GZWCM,No,Female,One year,Mailed check,74.65
6599-RCLCJ,Yes,Male,Month-to-month,Electronic check,109.55
6599-SFQVE,No,Female,Month-to-month,Electronic check,55.0
6603-QWSPR,No,Female,Two year,Bank transfer (automatic),104.4
6603-YRDCJ,No,Male,Two year,Mailed check,61.05
6608-QQLVK,Yes,Male,Month-to-month,Electronic check,50.5
6609-MXJHJ,No,Female,Two year,Mailed check,25.1
6614-FHDBO,No,Male,Two year,Bank transfer (automatic),109.2
6614-VBEGU,No,Female,Month-to-month,Bank transfer (automatic),69.45
6614-YOLAC,No,Female,Two year,Mailed check,58.65
6614-YWYSC,No,Male,Two year,Bank transfer (automatic),25.0
6615-NGGZJ,Yes,Male,Month-to-month,Electronic check,100.55
6615-ZGEDR,Yes,Male,Month-to-month,Mailed check,19.7
6616-AALSR,No,Female,Two year,Credit card (automatic),104.3
6617-WLBQC,No,Female,One year,Credit card (automatic),81.85
6618-RYATB,Yes,Female,Month-to-month,Mailed check,79.55
6619-RPLQZ,No,Female,Two year,Mailed check,20.85
6620-HVDUJ,No,Male,Month-to-month,Bank transfer (automatic),60.45
6620-JDYNW,No,Female,Month-to-month,Mailed check,60.6
6621-NRZAK,No,Female,Two year,Credit card (automatic),20.0
6621-YOBKI,No,Male,Month-to-month,Mailed check,20.35
6624-JDRDS,No,Female,Month-to-month,Bank transfer (automatic),29.45
6625-FLENO,No,Male,Two year,Mailed check,20.75
6625-IUTTT,No,Male,Two year,Bank transfer (automatic),65.55
6625-UTXEW,No,Female,Month-to-month,Electronic check,51.25
6627-CFOSN,No,Female,Month-to-month,Bank transfer (automatic),99.45
6629-CZTTH,Yes,Male,Month-to-month,Mailed check,55.7
6629-LADHQ,No,Female,Month-to-month,Mailed check,50.95
6630-UJZMY,No,Female,Month-to-month,Electronic check,83.25
6631-HMANX,No,Male,Two year,Credit card (automatic),85.45
6633-MPWBS,Yes,Male,Month-to-month,Electronic check,49.2
6633-SYEUS,No,Female,Month-to-month,Bank transfer (automatic),83.2
6635-CPNUN,No,Male,Month-to-month,Credit card (automatic),96.6
6635-MYYYZ,Yes,Female,One year,Bank transfer (automatic),85.35
6637-KYRCV,No,Female,Month-to-month,Electronic check,30.5
6641-XRPSU,Yes,Female,Month-to-month,Credit card (automatic),70.0
6645-MXQJT,No,Male,Month-to-month,Electronic check,97.1
6646-JPPHA,No,Female,Month-to-month,Electronic check,78.85
6646-QVXLR,Yes,Male,One year,Electronic check,103.75
6646-VRFOL,Yes,Male,Month-to-month,Electronic check,103.85
6647-ZEDXT,No,Female,One year,Credit card (automatic),110.45
6648-INWPS,No,Male,Month-to-month,Electronic check,20.15
6648-RXFRG,,Male,Month-to-month,Electronic check,86.8
6650-BWFRT,No,Female,Two year,Credit card (automatic),117.15
6650-VJONK,No,Male,Month-to-month,Bank transfer (automatic),43.85
6651-AZVTJ,Yes,Male,Month-to-month,Electronic check,99.8
6651-RLGGM,No,Male,Two year,Mailed check,26.3
6652-YFFJO,No,Female,Month-to-month,Electronic check,64.9
6653-CBBOM,Yes,Female,Month-to-month,Electronic check,70.3
6654-QGBZZ,No,Female,Month-to-month,Mailed check,19.9
6655-LHBYW,No,Male,One year,Credit card (automatic),114.35
6656-GULJQ,No,Male,Two year,Credit card (automatic),83.55
6656-JWRQX,No,Female,Month-to-month,Mailed check,30.55
6661-EIPZC,No,Female,Month-to-month,Credit card (automatic),29.5
6661-HBGWL,Yes,Female,Month-to-month,Bank transfer (automatic),104.75
6663-JOCQO,No,Male,One year,Bank transfer (automatic),75.25
6664-FPDAC,Yes,Female,One year,Electronic check,111.95
6668-CNMFP,No,Female,One year,Bank transfer (automatic),89.35
6670-MFRPK,No,Male,Two year,Credit card (automatic),79.2
6671-NGWON,No,Female,Month-to-month,Mailed check,20.35
6674-KVJHG,No,Female,One year,Electronic check,25.2
6680-NENYN,Yes,Female,Two year,Electronic check,104.6
6680-WKXRZ,Yes,Female,Month-to-month,Bank transfer (automatic),74.4
6681-ZSEXG,No,Male,Two year,Credit card (automatic),59.5
6682-QJDGB,Yes,Male,Month-to-month,Mailed check,55.25
6682-VCIXC,No,Female,One year,Bank transfer (automatic),51.25
6683-VLCTZ,Yes,Male,Month-to-month,Electronic check,98.55
6685-GBWJZ,No,Male,One year,Credit card (automatic),70.8
6685-XSHHU,No,Male,Two year,Bank transfer (automatic),20.95
6686-YPGHK,Yes,Male,Month-to-month,Mailed check,85.5
6688-UZPWD,Yes,Female,Month-to-month,Electronic check,102.0
6689-KXGBO,Yes,Female,Month-to-month,Electronic check,50.55
6689-TCZHQ,Yes,Female,Month-to-month,Electronic check,78.95
6689-VRRTK,No,Female,One year,Credit card (automatic),109.8
6691-CCIHA,No,Female,Two year,Electronic check,84.95
6692-UDPJC,Yes,Female,Month-to-month,Electronic check,91.65
6692-YQHXC,No,Male,Month-to-month,Credit card (automatic),69.95
6693-DJWTY,No,Female,One year,Credit card (automatic),55.6
6693-FRIRW,No,Male,Month-to-month,Credit card (automatic),101.3
6695-AMZUF,No,Female,Two year,Credit card (automatic),86.45
6695-FRVEC,No,Male,Two year,Bank transfer (automatic),60.4
6696-YDAYZ,No,Male,Two year,Mailed check,20.5
6698-OXETB,No,Male,Two year,Mailed check,20.4
6701-DHKWQ,No,Female,Two year,Credit card (automatic),51.35
6701-YVNQG,No,Male,Two year,Credit card (automatic),88.7
6702-OHFWR,Yes,Male,Month-to-month,Electronic check,43.3
6704-UTUKK,No,Male,Month-to-month,Electronic check,45.9
6705-LNMDD,No,Male,Month-to-month,Mailed check,50.0
6705-LXORM,No,Female,Month-to-month,Electronic check,70.05
6710-HSJRD,No,Male,Month-to-month,Electronic check,114.1
6711-FLDFB,Yes,Female,Month-to-month,Electronic check,74.9
6711-VTNRE,Yes,Female,Month-to-month,Electronic check,87.55
6712-OAWRH,Yes,Female,Month-to-month,Electronic check,91.25
6713-OKOMC,No,Female,Month-to-month,Mailed check,29.75
6715-OFDBP,Yes,Male,Month-to-month,Electronic check,70.05
6718-BDGHG,No,Female,One year,Bank transfer (automatic),64.85
6719-FGEDO,No,Female,Two year,Bank transfer (automatic),97.0
6719-OXYBR,No,Male,Month-to-month,Electronic check,85.3
6723-CEGQI,No,Female,Two year,Mailed check,45.25
6723-WSNTY,No,Female,One year,Credit card (automatic),108.1
6724-JVHVX,,Male,Month-to-month,Mailed check,20.4
6725-TPKJO,No,Male,Two year,Mailed check,20.05
6726-NNFWD,No,Female,Two year,Credit card (automatic),89.45
6726-WEXXK,No,Male,One year,Electronic check,85.9
6727-IOTLZ,No,Male,Two year,Mailed check,81.95
6728-CZFEI,No,Female,One year,Mailed check,56.15
6728-DKUCO,No,Female,One year,Electronic check,104.15
6728-VOIFY,No,Female,One year,Electronic check,96.0
6728-WYQBC,No,Male,Month-to-month,Bank transfer (automatic),20.95
6729-FZWSY,No,Male,One year,Mailed check,19.45
6729-GDNGC,No,Female,Month-to-month,Bank transfer (automatic),80.7
6732-FZUGP,No,Female,One year,Credit card (automatic),94.9
6732-VAILE,No,Male,Two year,Credit card (automatic),85.95
6733-LRIZX,No,Male,Two year,Electronic check,108.95
6734-CKRSM,No,Female,Month-to-month,Mailed check,20.0
6734-FQAJX,No,Male,Two year,Electronic check,105.05
6734-GMPVK,No,Male,Month-to-month,Electronic check,105.3
6734-JDTTV,No,Male,Two year,Credit card (automatic),19.85
6734-PSBAW,No,Male,Two year,Bank transfer (automatic),23.55
6736-DHUQI,No,Female,One year,Bank transfer (automatic),84.8
6736-DRVEW,,Female,Month-to-month,Electronic check,110.45
6738-ISCBM,No,Male,One year,Electronic check,54.0
6741-EGCBI,No,Male,Month-to-month,Credit card (automatic),90.5
6741-QRLUP,No,Female,Two year,Credit card (automatic),80.3
6743-HHQPF,No,Male,Month-to-month,Credit card (automatic),25.1
6745-JEFZB,No,Male,Month-to-month,Credit card (automatic),91.5
6746-WAUWT,No,Male,One year,Credit card (automatic),19.7
6749-UTDVX,No,Male,Two year,Electronic check,103.65
6750-FCEKS,,Male,Month-to-month,Bank transfer (automatic),29.85
6752-APNJL,No,Male,Month-to-month,Mailed check,54.5
6754-LZUKA,No,Male,Two year,Bank transfer (automatic),80.9
6754-WKSHP,No,Male,One year,Bank transfer (automatic),25.35
6762-NSODU,No,Female,Two year,Credit card (automatic),19.4
6762-QVYJO,No,Female,Two year,Mailed check,59.75
6765-MBQNU,No,Female,One year,Mailed check,26.0
6766-HFKLA,No,Female,Two year,Bank transfer (automatic),103.2
6769-DCQLI,Yes,Male,One year,Bank transfer (automatic),105.0
6769-DYBQN,Yes,Male,Month-to-month,Electronic check,85.0
6770-UAYGJ,No,Female,Two year,Mailed check,25.25
6770-XUAGN,Yes,Female,Month-to-month,Electronic check,21.0
6771-XWBDM,Yes,Female,Month-to-month,Credit card (automatic),104.5
6772-KSATR,Yes,Male,Month-to-month,Electronic check,81.7
6772-WFQRD,No,Male,One year,Bank transfer (automatic),20.4
6773-LQTVT,No,Female,Month-to-month,Mailed check,35.65
6776-TLWOI,Yes,Male,Month-to-month,Mailed check,19.85
6777-TGHTM,Yes,Female,One year,Credit card (automatic),106.95
6778-EICRF,No,Male,One year,Mailed check,74.8
6778-JFCMK,No,Male,One year,Mailed check,50.6
6778-YSNIH,No,Female,Month-to-month,Electronic check,59.0
6784-XYJAE,No,Female,One year,Electronic check,55.8
6786-OBWQR,No,Female,Month-to-month,Electronic check,80.85
6789-HJBWG,No,Female,Month-to-month,Electronic check,49.4
6791-YBNAK,No,Male,Month-to-month,Credit card (automatic),25.55
6794-HKIAJ,No,Male,Month-to-month,Bank transfer (automatic),90.7
6797-LNAQX,Yes,Male,Two year,Bank transfer (automatic),98.3
6797-UCJHZ,No,Female,One year,Credit card (automatic),104.6
6804-GDMOI,Yes,Female,Two year,Electronic check,106.6
6806-YDEUL,No,Female,Month-to-month,Bank transfer (automatic),19.5
6807-HWZBE,,Male,Month-to-month,Electronic check,91.45
6807-SIWJI,No,Male,One year,Electronic check,104.85
6810-VCAEX,No,Female,One year,Credit card (automatic),39.65
6813-GZQCG,No,Female,Two year,Credit card (automatic),24.65
6814-ZPWFQ,No,Male,One year,Bank transfer (automatic),25.0
6815-ABQFQ,No,Male,One year,Electronic check,107.25
6817-WTYHE,No,Male,Month-to-month,Bank transfer (automatic),44.9
6818-DJXAA,No,Female,Month-to-month,Electronic check,91.1
6818-WOBHJ,Yes,Female,Month-to-month,Bank transfer (automatic),89.6
6820-THWHI,,Female,Two year,Bank transfer (automatic),24.3
6821-BUXUX,Yes,Female,Month-to-month,Electronic check,96.65
6821-JPCDC,No,Female,One year,Electronic check,97.05
6823-SIDFQ,No,Male,One year,Credit card (automatic),18.25
6825-UYPFK,Yes,Female,Month-to-month,Bank transfer (automatic),75.6
6827-IEAUQ,No,Female,One year,Mailed check,66.15
6828-HMKWP,No,Male,Two year,Bank transfer (automatic),21.05
6831-CJPWG,,Male,Month-to-month,Electronic check,109.55
6833-JMZYP,No,Female,Month-to-month,Credit card (automatic),94.0
6834-NXDCA,Yes,Female,Month-to-month,Electronic check,23.9
6837-BJYDQ,No,Male,One year,Mailed check,19.6
6837-HAEVO,No,Male,Two year,Electronic check,105.0
6838-HVLXG,No,Female,Month-to-month,Mailed check,20.3
6838-YAUVY,No,Female,Two year,Bank transfer (automatic),95.1
6839-ITVZJ,Yes,Female,Month-to-month,Electronic check,60.05
6840-RESVB,No,Male,One year,Mailed check,84.8
6840-YEOYJ,,Male,One year,Credit card (automatic),62.85
6844-DZKRF,No,Male,Month-to-month,Credit card (automatic),50.2
6845-RGTYS,Yes,Female,Month-to-month,Electronic check,98.75
6847-KJLTS,No,Female,Month-to-month,Bank transfer (automatic),100.4
6848-HJTXY,No,Female,Two year,Credit card (automatic),19.45
6848-YLDFR,No,Male,One year,Credit card (automatic),75.2
6849-OYAMU,Yes,Male,One year,Bank transfer (automatic),100.0
6849-WLEYG,Yes,Male,Month-to-month,Mailed check,19.75
6851-WEFYX,No,Male,Month-to-month,Electronic check,100.8
6854-EXGSF,No,Female,Month-to-month,Bank transfer (automatic),65.5
6855-VLGOS,No,Male,Two year,Electronic check,20.55
6856-RAURS,No,Female,Month-to-month,Mailed check,74.9
6857-TKDJV,No,Male,Two year,Bank transfer (automatic),24.65
6857-VWJDT,Yes,Female,Month-to-month,Mailed check,95.65
6859-QNXIQ,No,Female,Two year,Bank transfer (automatic),113.1
6859-RKMZJ,No,Male,Month-to-month,Bank transfer (automatic),55.05
6860-YRJZP,No,Male,Month-to-month,Electronic check,74.05
6861-OKBCE,Yes,Female,Month-to-month,Credit card (automatic),20.1
6861-XWTWQ,Yes,Male,Month-to-month,Electronic check,99.25
6862-CQUMB,No,Male,Month-to-month,Credit card (automatic),96.1
6865-JZNKO,No,Female,Month-to-month,Bank transfer (automatic),55.3
6867-ACCZI,No,Female,Two year,Mailed check,52.5
6869-FGJJC,No,Male,One year,Credit card (automatic),79.6
6870-ECSHE,No,Female,One year,Mailed check,20.45
6870-ZWMNX,No,Male,Two year,Credit card (automatic),76.1
6872-HXFNF,No,Female,One year,Bank transfer (automatic),58.35
6873-UDNLD,No,Male,Month-to-month,Electronic check,67.45
6874-SGLHU,No,Male,One year,Bank transfer (automatic),97.0
6876-ADESB,Yes,Male,Month-to-month,Electronic check,48.95
6877-LGWXO,Yes,Male,Month-to-month,Electronic check,78.55
6877-TJMBR,Yes,Male,Month-to-month,Electronic check,84.8
6878-GGDWG,No,Female,Month-to-month,Bank transfer (automatic),19.4
6885-PKOAM,No,Female,Two year,Credit card (automatic),85.75
6888-SBYAI,No,Male,Month-to-month,Mailed check,50.7
6890-PFRQX,No,Male,Month-to-month,Mailed check,69.5
6891-JPYFF,No,Female,Month-to-month,Credit card (automatic),105.25
6892-BOGQE,No,Female,Two year,Bank transfer (automatic),20.9
6892-EZDTG,Yes,Female,Month-to-month,Electronic check,91.65
6892-XPFPU,Yes,Male,Month-to-month,Electronic check,104.25
6893-ODYYE,No,Male,One year,Credit card (automatic),90.1
6894-LFHLY,Yes,Male,Month-to-month,Electronic check,75.75
6895-ZJKIO,,Female,Month-to-month,Bank transfer (automatic),19.9
6896-SRVYQ,No,Male,Month-to-month,Electronic check,73.85
6897-RWMUB,No,Male,Two year,Bank transfer (automatic),68.05
6897-UUBNU,No,Male,Month-to-month,Mailed check,89.65
6898-MDLZW,No,Male,Month-to-month,Mailed check,53.75
6898-RBTLU,No,Female,Two year,Bank transfer (automatic),79.3
6899-PPEEA,Yes,Female,Month-to-month,Electronic check,96.55
6900-PXRMS,Yes,Male,Month-to-month,Electronic check,105.75
6900-RBKER,No,Male,Two year,Credit card (automatic),89.45
6901-GOGZG,No,Male,Two year,Electronic check,84.95
6904-JLBGY,No,Female,Two year,Credit card (automatic),117.35
6905-NIQIN,Yes,Male,Month-to-month,Mailed check,50.65
6906-ANDWJ,Yes,Male,Month-to-month,Bank transfer (automatic),74.9
6906-MPARY,No,Male,One year,Credit card (automatic),89.6
6907-CQGPN,No,Male,Month-to-month,Electronic check,34.3
6907-FLBER,No,Male,Month-to-month,Electronic check,54.3
6907-NZZIJ,Yes,Female,Month-to-month,Electronic check,99.15
6908-VVYHM,No,Male,Month-to-month,Electronic check,90.65
6910-HADCM,Yes,Female,Month-to-month,Electronic check,76.35
6916-HIJSE,No,Female,Two year,Bank transfer (automatic),84.85
6917-FIJHC,No,Female,Two year,Mailed check,26.0
6917-IAYHD,No,Male,Month-to-month,Mailed check,33.6
6917-YACBP,No,Female,Month-to-month,Electronic check,89.75
6918-UMQCG,No,Female,Month-to-month,Electronic check,80.2
6919-ELBGL,No,Male,Two year,Bank transfer (automatic),114.95
6921-OZMFH,No,Male,Month-to-month,Mailed check,55.7
6922-NCEDI,No,Male,One year,Mailed check,21.2
6923-AQONU,No,Male,Two year,Mailed check,20.9
6923-EFPNL,Yes,Male,Month-to-month,Credit card (automatic),51.75
6923-JHPMP,No,Female,Month-to-month,Electronic check,80.45
6924-TDGMT,No,Male,One year,Mailed check,20.55
6925-BAYGL,No,Female,Two year,Credit card (automatic),25.1
6927-WTFIV,Yes,Male,Month-to-month,Credit card (automatic),71.3
6928-ONTRW,No,Female,Two year,Credit card (automatic),19.7
6933-FHBZC,No,Female,One year,Mailed check,56.05
6933-VLYFX,No,Male,One year,Electronic check,59.95
6937-GCDGQ,No,Male,One year,Bank transfer (automatic),48.95
6941-KXRRV,No,Female,One year,Bank transfer (automatic),58.95
6941-PMGEP,Yes,Female,Month-to-month,Electronic check,80.0
6942-LBFDP,No,Female,Month-to-month,Mailed check,20.55
6946-LMSQS,Yes,Male,One year,Electronic check,89.05
6950-TWMYB,No,Male,Two year,Bank transfer (automatic),79.95
6952-OMNWB,No,Male,Month-to-month,Credit card (automatic),80.35
6953-PBDIN,No,Male,Two year,Bank transfer (automatic),72.95
6954-OOYZZ,No,Male,Month-to-month,Bank transfer (automatic),44.35
6956-SMUCM,Yes,Female,Month-to-month,Credit card (automatic),99.0
6959-GQEGV,No,Male,Month-to-month,Electronic check,75.95
6959-UWKHF,Yes,Male,Month-to-month,Electronic check,42.9
6960-HVYXR,Yes,Female,Month-to-month,Electronic check,76.0
6961-MJKBO,No,Male,Two year,Bank transfer (automatic),20.45
6961-VCPMC,Yes,Male,Month-to-month,Electronic check,80.4
6963-EZQEE,No,Male,Two year,Credit card (automatic),88.55
6963-KQYQB,No,Female,Two year,Mailed check,24.05
6967-PEJLL,No,Male,One year,Electronic check,40.2
6967-QIQRV,No,Male,One year,Electronic check,101.9
6968-GMKPR,No,Female,Month-to-month,Electronic check,81.55
6968-MHOMU,No,Male,One year,Credit card (automatic),45.0
6968-URWQU,No,Male,One year,Mailed check,56.35
6969-MVBAI,No,Female,Month-to-month,Electronic check,90.1
6972-SNKKW,No,Female,Month-to-month,Mailed check,20.0
6974-DAFLI,No,Female,One year,Electronic check,19.7
6976-BWGLQ,No,Female,Two year,Bank transfer (automatic),25.2
6979-TNDEU,No,Female,Month-to-month,Mailed check,19.2
6979-ZNSFF,Yes,Female,Month-to-month,Electronic check,87.05
6980-CDGFC,No,Female,One year,Bank transfer (automatic),20.85
6980-IMXXE,No,Female,Two year,Bank transfer (automatic),20.2
6981-TDRFT,No,Male,One year,Electronic check,54.3
6982-SSHFK,Yes,Male,Month-to-month,Mailed check,44.4
6982-UQZLY,Yes,Female,Month-to-month,Mailed check,20.85
6985-HAYWX,No,Female,Month-to-month,Bank transfer (automatic),79.3
6986-IJDHX,Yes,Male,Month-to-month,Mailed check,86.3
6986-IXNDM,No,Male,Month-to-month,Electronic check,92.9
6987-XQSJT,Yes,Female,Month-to-month,Electronic check,79.5
6988-CJEYV,No,Male,Month-to-month,Electronic check,98.7
6990-YNRIO,Yes,Male,Two year,Bank transfer (automatic),108.65
6992-TKNYO,No,Male,One year,Credit card (automatic),69.0
6993-OHLXR,Yes,Female,Month-to-month,Electronic check,68.95
6993-YCOBK,No,Male,Two year,Electronic check,110.6
6993-YGFJV,No,Male,Two year,Bank transfer (automatic),112.55
6994-FGRHH,No,Male,One year,Electronic check,106.15
6994-KERXL,No,Male,Month-to-month,Electronic check,55.9
6994-ORCWG,No,Female,One year,Mailed check,54.25
6996-KNSML,Yes,Female,Month-to-month,Electronic check,74.9
6997-UVGOX,No,Male,Two year,Bank transfer (automatic),85.45
6999-CHVCF,No,Male,Two year,Bank transfer (automatic),102.1
7000-WCEVQ,Yes,Female,Month-to-month,Mailed check,61.6
7005-CCBKV,Yes,Male,Month-to-month,Electronic check,84.4
7005-CYUIL,No,Female,Two year,Electronic check,99.4
7008-LZVOZ,No,Male,Two year,Credit card (automatic),25.3
7009-LGECI,No,Female,Month-to-month,Bank transfer (automatic),50.55
7009-PCARS,No,Male,One year,Bank transfer (automatic),19.1
7010-BRBUU,No,Male,Two year,Credit card (automatic),24.1
7010-ZMVBF,No,Female,Month-to-month,Mailed check,20.45
7011-CVEUC,No,Male,Month-to-month,Credit card (automatic),95.7
7013-PSXHK,No,Female,One year,Mailed check,80.75
7014-ZZXAW,No,Female,Two year,Credit card (automatic),24.25
7016-BPGEU,Yes,Female,Month-to-month,Credit card (automatic),25.1
7016-NVRIC,No,Male,One year,Bank transfer (automatic),90.1
7017-VFHAY,No,Female,Two year,Credit card (automatic),115.1
7017-VFULY,No,Female,Month-to-month,Bank transfer (automatic),20.1
7018-FPXHH,No,Male,Two year,Bank transfer (automatic),59.8
7018-WBJNK,No,Male,Month-to-month,Credit card (automatic),78.3
7020-OZKXZ,No,Female,Month-to-month,Credit card (automatic),75.5
7021-XSNYE,No,Male,Two year,Credit card (automatic),49.65
7024-OHCCK,Yes,Female,Month-to-month,Electronic check,93.85
7025-IWFHT,No,Male,One year,Electronic check,89.55
7025-WCBNE,No,Male,Two year,Bank transfer (automatic),59.6
7026-TPCZX,,Male,Two year,Credit card (automatic),106.35
7026-YMSBE,No,Male,One year,Mailed check,19.7
7028-DVOIQ,Yes,Male,Month-to-month,Electronic check,99.05
7029-IJEJK,No,Female,One year,Bank transfer (automatic),44.1
7029-RPUAV,Yes,Male,Month-to-month,Credit card (automatic),100.45
7030-FZTFM,No,Male,Two year,Credit card (automatic),110.9
7030-NJVDP,No,Male,Month-to-month,Electronic check,89.25
7032-LMBHI,No,Female,One year,Bank transfer (automatic),64.65
7033-CLAMM,No,Female,Two year,Bank transfer (automatic),20.2
7036-TYDEC,No,Female,Two year,Electronic check,104.0
7036-ZZKBD,No,Male,Month-to-month,Credit card (automatic),66.4
7037-MTYVW,No,Male,Two year,Bank transfer (automatic),85.4
7041-TXQJH,No,Female,Month-to-month,Credit card (automatic),40.2
7044-YAACC,No,Male,Month-to-month,Electronic check,70.2
7047-FWEYA,No,Female,One year,Electronic check,103.15
7047-YXDMZ,No,Male,Month-to-month,Mailed check,20.0
7048-GXDAY,No,Male,Month-to-month,Electronic check,106.4
7049-GKVZY,No,Female,One year,Credit card (automatic),79.85
7054-DMVAS,No,Male,Two year,Bank transfer (automatic),65.3
7054-ENNGU,No,Female,Month-to-month,Mailed check,50.85
7054-LGEQW,Yes,Female,Month-to-month,Mailed check,45.95
7055-HNEOJ,No,Male,Month-to-month,Mailed check,55.8
7055-JCGNI,No,Female,Two year,Credit card (automatic),111.95
7055-VKGDA,Yes,Male,One year,Credit card (automatic),105.4
7056-IMHCC,Yes,Male,Month-to-month,Electronic check,101.9
7061-OVMIM,No,Female,One year,Bank transfer (automatic),19.55
7064-FRRSW,No,Male,One year,Electronic check,99.0
7064-JHXCE,No,Male,Two year,Credit card (automatic),20.05
7065-YUNRY,Yes,Female,Month-to-month,Mailed check,45.3
7067-KSAZT,Yes,Female,One year,Electronic check,106.25
7069-PURBI,,Female,Two year,Mailed check,20.4
7072-MBHEV,No,Female,Month-to-month,Credit card (automatic),78.1
7073-QETQY,No,Male,One year,Electronic check,20.35
7074-IEVOJ,Yes,Female,Month-to-month,Electronic check,79.4
7074-STDCN,No,Male,Month-to-month,Electronic check,40.6
7075-BNDVQ,No,Female,Month-to-month,Mailed check,35.0
7077-XJMET,No,Male,Month-to-month,Electronic check,74.15
7078-NVFAM,No,Female,Month-to-month,Electronic check,35.15
7079-QRCBC,Yes,Female,Month-to-month,Electronic check,98.75
7080-TNUWP,No,Male,One year,Bank transfer (automatic),95.0
7083-MIOPC,No,Female,Two year,Credit card (automatic),20.25
7083-YNSKY,Yes,Female,Month-to-month,Credit card (automatic),25.4
7088-FBAWU,No,Female,Month-to-month,Mailed check,74.55
7089-IVVAZ,Yes,Female,Month-to-month,Bank transfer (automatic),103.35
7089-RKVSZ,No,Male,One year,Mailed check,24.4
7089-XXAYG,No,Male,One year,Credit card (automatic),38.1
7094-MSZAO,No,Male,Month-to-month,Credit card (automatic),20.05
7096-UCLNH,No,Male,Month-to-month,Mailed check,20.05
7096-ZNBZI,No,Female,Two year,Credit card (automatic),26.45
7100-FQPRV,No,Male,One year,Credit card (automatic),71.9
7101-HRBLJ,No,Female,Two year,Bank transfer (automatic),83.7
7102-JJVTX,No,Female,One year,Mailed check,48.6
7103-IPXPJ,No,Male,One year,Electronic check,99.4
7103-ZGVNT,No,Female,One year,Credit card (automatic),73.7
7105-BENQF,No,Male,One year,Mailed check,64.85
7105-MXJLL,No,Female,One year,Mailed check,60.7
7107-UBYKY,No,Female,Month-to-month,Electronic check,25.75
7108-DGVUU,No,Female,One year,Bank transfer (automatic),71.7
7109-CQYUZ,No,Male,Two year,Mailed check,89.25
7109-MFBYV,No,Male,Month-to-month,Electronic check,45.45
7110-BDTWG,No,Female,Two year,Electronic check,47.05
7112-OPOTK,Yes,Male,Month-to-month,Electronic check,68.25
7113-HIPFI,No,Male,Two year,Mailed check,65.85
7114-AEOZE,No,Female,Two year,Bank transfer (automatic),19.85
7115-IRDHS,No,Female,Two year,Bank transfer (automatic),24.65
7115-SIPGA,,Male,Two year,Credit card (automatic),79.45
7117-EVURU,,Male,Month-to-month,Credit card (automatic),48.95
7120-RFMVS,Yes,Male,Month-to-month,Electronic check,84.5
7123-WQUHX,No,Male,One year,Bank transfer (automatic),95.0
7124-UGSUR,Yes,Female,One year,Credit card (automatic),104.4
7126-RBHSD,No,Female,Month-to-month,Electronic check,78.9
7128-GGCNO,No,Male,Month-to-month,Bank transfer (automatic),72.8
7129-ACFOG,No,Female,Month-to-month,Electronic check,53.8
7129-AZJDE,No,Male,One year,Bank transfer (automatic),78.95
7129-CAKJW,No,Female,Month-to-month,Bank transfer (automatic),80.05
7130-CTCUS,No,Male,Month-to-month,Bank transfer (automatic),54.55
7130-VTEWQ,Yes,Female,Month-to-month,Electronic check,75.75
7130-YXBRO,No,Male,Month-to-month,Bank transfer (automatic),111.45
7131-ZQZNK,No,Female,Two year,Credit card (automatic),59.85
7132-EASOG,,Male,One year,Mailed check,20.65
7133-VBDCG,Yes,Female,Month-to-month,Bank transfer (automatic),79.85
7134-HBPBS,No,Female,Two year,Bank transfer (automatic),108.1
7134-MJPDY,No,Female,One year,Credit card (automatic),102.85
7136-IHZJA,No,Female,Month-to-month,Mailed check,71.35
7136-RVDTZ,Yes,Male,One year,Electronic check,45.25
7137-NAXML,No,Male,One year,Bank transfer (automatic),20.15
7137-RYLPP,Yes,Male,Month-to-month,Electronic check,85.7
7138-GIRSH,No,Male,Two year,Bank transfer (automatic),69.5
7139-JZFVG,No,Male,Two year,Bank transfer (automatic),60.5
7140-ADSMJ,No,Male,Month-to-month,Credit card (automatic),20.45
7142-HVGBG,Yes,Male,Month-to-month,Electronic check,103.0
7143-BQIBA,No,Male,Month-to-month,Bank transfer (automatic),62.25
7145-FEJWU,No,Female,Month-to-month,Electronic check,105.3
7147-AYBAA,No,Male,Month-to-month,Mailed check,70.35
7148-XZPHA,No,Male,Month-to-month,Electronic check,79.4
7153-CHRBV,No,Female,One year,Mailed check,59.3
7153-OANIO,Yes,Male,Month-to-month,Electronic check,69.95
7156-MHUGY,Yes,Male,Month-to-month,Electronic check,90.5
7156-MXBJE,No,Female,One year,Credit card (automatic),85.1
7157-SMCFK,No,Male,Two year,Mailed check,19.75
7159-FVYPK,No,Female,Month-to-month,Bank transfer (automatic),69.15
7159-NOKYQ,No,Male,Two year,Electronic check,93.15
7161-DFHUF,No,Female,Two year,Mailed check,23.85
7162-WPHPM,No,Male,Two year,Credit card (automatic),71.6
7163-OCEQI,No,Male,One year,Mailed check,78.65
7164-BPTUT,No,Male,Two year,Mailed check,89.55
7165-CNJFG,,Male,Month-to-month,Electronic check,94.55
7167-PCEYD,No,Male,Two year,Mailed check,19.8
7168-HDQHG,No,Female,Month-to-month,Bank transfer (automatic),19.2
7169-YWAMK,No,Male,Two year,Bank transfer (automatic),68.4
7173-TETGO,No,Female,Two year,Bank transfer (automatic),78.5
7175-NTIXE,No,Female,Month-to-month,Credit card (automatic),76.15
7176-WIONM,No,Female,Month-to-month,Bank transfer (automatic),49.85
7176-WRTNX,No,Male,Two year,Bank transfer (automatic),114.95
7180-PISOG,Yes,Male,Month-to-month,Electronic check,74.5
7181-BQYBV,Yes,Female,Month-to-month,Electronic check,102.45
7181-OQCUT,No,Male,Month-to-month,Mailed check,103.85
7182-OVLBJ,No,Female,Two year,Bank transfer (automatic),101.15
7184-LRUUR,No,Female,One year,Bank transfer (automatic),65.25
7188-CBBBA,No,Female,One year,Electronic check,95.5
7190-XHTWJ,No,Female,One year,Mailed check,19.3
7191-ADRGF,No,Male,Two year,Bank transfer (automatic),54.3
7196-LIWRH,No,Female,Two year,Mailed check,19.55
7197-VOJMM,No,Male,Two year,Credit card (automatic),69.2
7198-GLXTC,Yes,Male,Month-to-month,Electronic check,79.0
7203-OYKCT,No,Male,One year,Electronic check,104.95
7205-BAIAD,No,Female,Two year,Bank transfer (automatic),20.6
7206-GZCDC,Yes,Female,Month-to-month,Electronic check,69.25
7206-PQBBZ,No,Male,Month-to-month,Electronic check,70.2
7207-RMRDB,Yes,Female,Month-to-month,Electronic check,105.5
7208-PSIHR,No,Female,Two year,Bank transfer (automatic),104.3
7209-JCUDS,Yes,Male,Month-to-month,Electronic check,94.9
7216-EWTRS,Yes,Female,Month-to-month,Electronic check,100.8
7216-KAOID,No,Male,One year,Bank transfer (automatic),19.5
7217-JYHOQ,No,Male,Month-to-month,Credit card (automatic),70.3
7218-HKQFK,Yes,Male,Month-to-month,Electronic check,94.2
7219-TLZHO,No,Female,Month-to-month,Mailed check,20.85
7225-CBZPL,No,Male,Month-to-month,Electronic check,94.8
7225-IILWY,No,Male,Two year,Mailed check,25.75
7228-OMTPN,Yes,Male,Month-to-month,Electronic check,88.45
7228-PAQPD,No,Female,One year,Credit card (automatic),59.1
7233-DRTRF,No,Male,Month-to-month,Electronic check,102.4
7233-IOQNP,No,Female,Month-to-month,Bank transfer (automatic),34.0
7233-PAHHL,No,Male,Two year,Mailed check,84.0
7234-FECYN,Yes,Female,Month-to-month,Electronic check,101.35
7234-KMNRQ,No,Male,Month-to-month,Mailed check,19.0
7235-NXZCP,Yes,Male,Month-to-month,Mailed check,74.85
7239-HZZCX,Yes,Male,Month-to-month,Mailed check,19.75
7240-ETPTR,Yes,Female,Month-to-month,Electronic check,48.75
7240-FQLHE,Yes,Female,Month-to-month,Bank transfer (automatic),99.75
7241-AJHFS,No,Male,Month-to-month,Bank transfer (automatic),87.65
7242-EDTYC,No,Male,Two year,Bank transfer (automatic),19.55
7242-QZLXF,Yes,Male,Month-to-month,Electronic check,25.3
7243-LCGGZ,No,Female,Month-to-month,Mailed check,20.9
7244-KXYZN,No,Female,One year,Credit card (automatic),20.45
7244-QWYHG,No,Male,One year,Bank transfer (automatic),44.45
7245-JMTTQ,No,Female,One year,Electronic check,111.5
7245-NIIWQ,No,Female,Month-to-month,Electronic check,69.85
7246-ZGQDF,No,Female,Month-to-month,Electronic check,54.5
7247-XOZPB,No,Male,One year,Bank transfer (automatic),77.4
7248-VZQLC,Yes,Female,Month-to-month,Bank transfer (automatic),85.2
7249-WBIYX,Yes,Male,Month-to-month,Electronic check,85.6
7250-EQKIY,Yes,Female,Month-to-month,Mailed check,50.45
7251-LJBQN,No,Female,One year,Credit card (automatic),103.75
7251-XFOIL,No,Female,Month-to-month,Mailed check,89.2
7252-NTGSS,No,Female,Month-to-month,Mailed check,45.15
7253-UVNDW,Yes,Female,Two year,Credit card (automatic),54.35
7254-IQWOZ,Yes,Male,Month-to-month,Electronic check,69.65
7255-SSFBC,No,Male,Two year,Bank transfer (automatic),112.25
7266-GSSJX,No,Male,Month-to-month,Electronic check,20.45
7267-FRMJW,No,Female,Two year,Mailed check,20.1
7268-IGMFD,No,Male,Month-to-month,Bank transfer (automatic),93.9
7268-WNTCP,No,Male,Two year,Bank transfer (automatic),20.45
7269-JISCY,No,Female,One year,Bank transfer (automatic),45.05
7270-BDIOA,Yes,Female,Month-to-month,Electronic check,90.0
7271-AJDTL,No,Female,Month-to-month,Credit card (automatic),94.45
7272-QDCKA,No,Male,One year,Electronic check,100.2
7273-TEFQD,Yes,Male,Month-to-month,Electronic check,41.15
7274-CGTOD,No,Male,Two year,Bank transfer (automatic),43.7
7274-RTAPZ,Yes,Male,Month-to-month,Electronic check,90.55
7277-KAMWT,No,Male,Two year,Credit card (automatic),20.0
7277-OZCGZ,No,Female,Month-to-month,Electronic check,89.05
7278-CKDNC,No,Male,Month-to-month,Electronic check,80.5
7278-VXADF,,Male,Month-to-month,Credit card (automatic),85.05
7279-BUYWN,Yes,Female,Month-to-month,Electronic check,113.2
7279-NMVJC,No,Female,One year,Bank transfer (automatic),19.9
7284-BUYEC,No,Female,Month-to-month,Credit card (automatic),50.95
7284-ZZLOH,No,Male,Two year,Credit card (automatic),53.3
7285-KLOTR,No,Female,One year,Electronic check,78.85
7291-CDTMJ,No,Male,Month-to-month,Bank transfer (automatic),19.65
7293-LSCDV,No,Female,Two year,Credit card (automatic),19.25
7294-TMAOP,Yes,Female,Month-to-month,Electronic check,90.55
7295-EXSMO,,Female,Month-to-month,Mailed check,75.05
7295-JOMMD,Yes,Female,Month-to-month,Bank transfer (automatic),98.1
7296-PIXQY,No,Female,Month-to-month,Electronic check,70.2
7297-DVYGA,No,Female,One year,Bank transfer (automatic),19.85
7298-IZWLY,No,Female,Month-to-month,Mailed check,19.4
7299-GNVPL,No,Female,Month-to-month,Mailed check,84.4
7301-ABVAD,No,Female,Two year,Bank transfer (automatic),86.6
7302-ZHMHP,No,Female,Month-to-month,Mailed check,19.15
7305-PAPOZ,,Female,Month-to-month,Electronic check,84.85
7305-ZWMAJ,No,Male,One year,Credit card (automatic),20.7
7306-YDSOI,No,Male,Two year,Bank transfer (automatic),59.75
7310-EGVHZ,No,Male,Month-to-month,Bank transfer (automatic),20.2
7311-MQJCH,No,Female,One year,Electronic check,19.55
7312-XSBAT,No,Male,Month-to-month,Electronic check,49.75
7314-OXENN,Yes,Male,Month-to-month,Electronic check,82.0
7315-WYOAW,No,Male,Month-to-month,Electronic check,100.75
7317-GGVPB,Yes,Male,Two year,Credit card (automatic),108.6
7318-EIVKO,No,Male,Month-to-month,Electronic check,59.25
7319-VENRZ,No,Male,Month-to-month,Bank transfer (automatic),64.3
7319-ZNRTR,No,Male,One year,Electronic check,19.6
7321-KKSDU,No,Male,Two year,Mailed check,20.5
7321-PKUYW,Yes,Female,Month-to-month,Electronic check,90.15
7321-VGNKU,No,Female,Month-to-month,Electronic check,70.35
7321-ZNSLA,No,Male,Two year,Mailed check,40.55
7322-OCWHC,No,Male,Two year,Bank transfer (automatic),93.05
7325-ENZFI,No,Female,One year,Bank transfer (automatic),40.3
7326-RIGQZ,No,Male,Month-to-month,Electronic check,69.8
7328-OWMOM,No,Female,One year,Credit card (automatic),20.1
7328-ZJAJO,No,Female,Two year,Credit card (automatic),19.5
7330-WZLNC,Yes,Female,Month-to-month,Electronic check,90.8
7336-RLLRH,No,Male,One year,Mailed check,80.85
7337-CINUD,No,Female,Two year,Bank transfer (automatic),19.5
7338-ERIVA,No,Male,One year,Bank transfer (automatic),45.05
7339-POGZN,No,Female,Month-to-month,Electronic check,50.7
7340-EBEMV,,Male,Month-to-month,Bank transfer (automatic),80.15
7340-KEFQE,No,Female,Two year,Bank transfer (automatic),34.2
7341-LXCAF,Yes,Male,Month-to-month,Electronic check,74.65
7343-EOBEU,No,Male,Month-to-month,Mailed check,23.6
7346-MEDWM,No,Female,Month-to-month,Electronic check,83.25
7349-ALMUX,No,Male,Two year,Bank transfer (automatic),65.6
7351-KYHQH,No,Female,Month-to-month,Electronic check,64.95
7351-MHQVU,No,Female,Month-to-month,Credit card (automatic),50.95
7353-YOWFP,No,Female,One year,Mailed check,20.25
7354-OIJLX,No,Male,Month-to-month,Electronic check,75.85
7356-AYNJP,No,Female,One year,Electronic check,23.9
7356-IWLFW,No,Male,Month-to-month,Bank transfer (automatic),80.0
7359-PTSXY,Yes,Male,Month-to-month,Electronic check,45.75
7359-SSBJK,Yes,Female,Two year,Credit card (automatic),70.2
7359-WWYJV,No,Male,Two year,Credit card (automatic),114.45
7361-YPXFS,No,Female,Month-to-month,Bank transfer (automatic),64.45
7363-QTBIW,No,Female,Month-to-month,Electronic check,79.75
7365-BVCJH,No,Male,Month-to-month,Electronic check,24.4
7369-TRPFD,No,Male,One year,Mailed check,18.8
7372-IVBIM,,Male,Month-to-month,Credit card (automatic),61.45
7375-WMVMT,No,Male,Two year,Credit card (automatic),95.5
7377-DMMRI,Yes,Male,Month-to-month,Electronic check,47.8
7379-FNIUJ,No,Male,Month-to-month,Electronic check,100.2
7379-POKDZ,Yes,Male,Month-to-month,Electronic check,70.3
7382-DFJTU,No,Male,Month-to-month,Credit card (automatic),55.2
7384-GHBPI,Yes,Male,Month-to-month,Electronic check,35.15
7389-KBFIT,No,Female,Month-to-month,Mailed check,30.25
7392-YYPYJ,No,Male,Month-to-month,Electronic check,100.65
7394-FKDNK,Yes,Female,Month-to-month,Electronic check,89.45
7394-LWLYN,No,Female,Month-to-month,Electronic check,70.15
7395-IGJOS,Yes,Male,Month-to-month,Bank transfer (automatic),81.5
7395-XWZOY,No,Male,Month-to-month,Credit card (automatic),55.0
7396-VJUZB,No,Male,Month-to-month,Mailed check,45.25
7398-HPYZQ,No,Male,Two year,Bank transfer (automatic),90.55
7398-LXGYX,No,Male,Month-to-month,Credit card (automatic),84.8
7398-SKNQZ,No,Female,Month-to-month,Electronic check,94.9
7399-QHBJS,No,Female,Two year,Credit card (automatic),66.75
7401-JIXNM,No,Female,Two year,Credit card (automatic),91.3
7401-RUBNK,No,Female,Month-to-month,Electronic check,74.8
7402-EYFXX,No,Male,Month-to-month,Electronic check,93.6
7402-PWYJJ,No,Female,One year,Electronic check,91.15
7404-JLKQG,No,Female,Month-to-month,Electronic check,57.55
7407-SUJIZ,No,Male,Month-to-month,Mailed check,20.6
7408-OFWXJ,No,Female,Two year,Credit card (automatic),89.8
7409-JURKQ,No,Female,One year,Bank transfer (automatic),111.8
7409-KIUTL,Yes,Female,Month-to-month,Electronic check,71.0
7410-KTVFV,Yes,Male,Month-to-month,Mailed check,49.55
7410-OIEDU,No,Male,Month-to-month,Mailed check,79.85
7410-YTJIK,Yes,Female,Month-to-month,Mailed check,75.45
7416-CKTEP,No,Female,Two year,Bank transfer (automatic),19.6
7421-ZLUPA,No,Female,Month-to-month,Mailed check,29.25
7422-WNBTY,No,Male,Month-to-month,Electronic check,93.35
7426-GSWPO,No,Male,Month-to-month,Bank transfer (automatic),103.5
7426-RHZGU,No,Male,Month-to-month,Bank transfer (automatic),95.9
7426-WEIJX,No,Male,Month-to-month,Electronic check,80.95
7427-AUFPY,No,Male,Two year,Credit card (automatic),19.65
7432-FFVAR,No,Female,One year,Bank transfer (automatic),90.95
7432-XWSQO,,Female,Two year,Electronic check,90.1
7434-SHXLS,Yes,Female,Month-to-month,Mailed check,20.9
7435-ZNUYY,No,Male,One year,Mailed check,20.6
7439-DKZTW,No,Male,Month-to-month,Electronic check,80.55
7442-YGZFK,No,Male,Month-to-month,Credit card (automatic),49.8
7445-WMRBW,No,Female,One year,Bank transfer (automatic),73.85
7446-KQISO,No,Male,Two year,Bank transfer (automatic),109.75
7446-SFAOA,No,Female,One year,Bank transfer (automatic),19.85
7446-YPODE,No,Male,Month-to-month,Bank transfer (automatic),60.25
7449-HVPIV,No,Male,Month-to-month,Credit card (automatic),90.4
7450-NWRTR,Yes,Male,Month-to-month,Electronic check,99.45
7452-FOLON,No,Male,One year,Bank transfer (automatic),25.45
7455-SDALK,,Male,Month-to-month,Electronic check,70.75
7459-IMVYU,No,Male,Month-to-month,Electronic check,69.95
7459-RRWQZ,Yes,Female,Month-to-month,Bank transfer (automatic),64.65
7460-ITWWP,No,Female,Month-to-month,Electronic check,86.1
7463-IFMQU,No,Female,Two year,Bank transfer (automatic),20.05
7465-ZZRVX,No,Male,Month-to-month,Electronic check,70.35
7469-LKBCI,No,Male,Two year,Credit card (automatic),18.95
7470-DYNOE,No,Male,One year,Electronic check,61.1
7470-MCQTK,Yes,Female,Month-to-month,Bank transfer (automatic),48.75
7471-MQPOS,No,Male,One year,Bank transfer (automatic),72.9
7471-WNSUF,No,Male,One year,Bank transfer (automatic),24.15
7472-EQOAV,No,Male,One year,Bank transfer (automatic),86.7
7473-ZBDSN,No,Female,Two year,Mailed check,18.8
7479-NITWS,Yes,Male,Month-to-month,Credit card (automatic),89.35
7480-QNVZJ,Yes,Male,Month-to-month,Electronic check,95.7
7480-SPLEF,No,Male,Two year,Bank transfer (automatic),26.0
7481-ATQQS,Yes,Female,Month-to-month,Credit card (automatic),90.85
7483-IQWIB,No,Male,Month-to-month,Electronic check,92.95
7486-KSRVI,Yes,Male,One year,Electronic check,100.0
7488-MXJIV,Yes,Female,Month-to-month,Electronic check,85.65
7491-UYKGO,,Female,One year,Mailed check,96.75
7492-TAFJD,No,Male,Two year,Mailed check,38.55
7493-GVFIO,No,Male,Two year,Credit card (automatic),20.55
7493-TPUWZ,Yes,Male,Month-to-month,Electronic check,79.15
7495-OOKFY,Yes,Female,Month-to-month,Credit card (automatic),80.65
7501-IWUNG,No,Female,Two year,Bank transfer (automatic),73.8
7501-VTYLJ,No,Female,Month-to-month,Mailed check,51.55
7502-BNYGS,No,Female,Month-to-month,Credit card (automatic),69.1
7503-EPSZW,No,Female,Two year,Mailed check,24.05
7503-MIOGA,No,Female,Two year,Bank transfer (automatic),89.85
7503-QQRVF,Yes,Male,Month-to-month,Credit card (automatic),74.3
7503-ZGUZJ,Yes,Male,Month-to-month,Mailed check,84.65
7504-UWHNB,No,Male,Month-to-month,Electronic check,69.75
7508-DQAKK,No,Female,Two year,Credit card (automatic),86.4
7508-KBIMB,No,Male,One year,Credit card (automatic),56.25
7508-MYBOG,Yes,Male,Month-to-month,Electronic check,86.1
7508-SMHXL,No,Female,Month-to-month,Credit card (automatic),89.0
7511-YMXVQ,Yes,Male,Month-to-month,Electronic check,45.4
7515-LODFU,No,Male,Two year,Credit card (automatic),20.3
7516-GMHUV,No,Male,Two year,Credit card (automatic),105.05
7517-LDMPS,No,Female,Month-to-month,Electronic check,84.6
7517-SAWMO,Yes,Female,Month-to-month,Electronic check,73.2
7519-JTWQH,No,Female,Two year,Bank transfer (automatic),110.5
7520-HQWJU,No,Female,Month-to-month,Bank transfer (automatic),67.45
7521-AFHAB,No,Female,Month-to-month,Mailed check,44.8
7521-YXVZY,No,Male,Month-to-month,Mailed check,19.95
7524-VRLPL,No,Male,Two year,Credit card (automatic),74.1
7526-BEZQB,Yes,Male,Month-to-month,Electronic check,96.05
7526-IVLYU,No,Male,Month-to-month,Mailed check,19.65
7527-QNRUS,No,Male,Two year,Mailed check,25.15
7529-ZDFXI,No,Male,Month-to-month,Electronic check,89.85
7530-HDYDS,Yes,Female,Month-to-month,Credit card (automatic),84.25
7531-GQHME,No,Male,Month-to-month,Credit card (automatic),20.05
7534-BFESC,Yes,Male,Month-to-month,Electronic check,76.1
7537-CBQUZ,No,Male,Month-to-month,Bank transfer (automatic),109.4
7537-RBWEA,No,Female,Month-to-month,Mailed check,25.15
7538-GWHML,Yes,Female,Month-to-month,Electronic check,69.65
7541-YLXCL,Yes,Male,One year,Mailed check,65.4
7542-CYDDM,No,Male,Month-to-month,Mailed check,20.05
7544-ZVIKX,No,Male,One year,Bank transfer (automatic),105.05
7547-EKNFS,Yes,Male,Month-to-month,Bank transfer (automatic),95.25
7548-SEPYI,Yes,Female,Month-to-month,Electronic check,96.25
7549-MYGPK,Yes,Female,Month-to-month,Electronic check,100.55
7550-WIQVA,No,Male,One year,Electronic check,108.25
7551-DACSP,Yes,Male,Month-to-month,Mailed check,55.3
7551-JOHTI,Yes,Female,Month-to-month,Mailed check,19.5
7552-KEYGT,No,Male,Two year,Bank transfer (automatic),19.55
7554-AKDQF,No,Female,Month-to-month,Mailed check,45.65
7554-NEWDD,No,Male,Two year,Bank transfer (automatic),25.7
7558-IMLMT,No,Male,Two year,Mailed check,20.8
7560-QJAVJ,No,Female,Two year,Bank transfer (automatic),79.6
7560-QRBXH,No,Female,One year,Mailed check,19.95
7562-GSUHK,Yes,Female,Month-to-month,Credit card (automatic),93.2
7562-UXTPG,No,Female,Month-to-month,Mailed check,70.15
7563-BIUPC,Yes,Male,Month-to-month,Electronic check,80.6
7564-GHCVB,No,Female,Two year,Bank transfer (automatic),79.05
7566-DSRLQ,No,Female,Two year,Electronic check,110.15
7567-ECMCM,No,Male,Month-to-month,Credit card (automatic),79.85
7568-PODML,Yes,Male,Month-to-month,Mailed check,45.3
7569-NMZYQ,No,Female,Two year,Bank transfer (automatic),118.75
7570-WELNY,No,Female,Two year,Bank transfer (automatic),84.7
7571-YXDAD,Yes,Female,Month-to-month,Credit card (automatic),74.9
7572-KPVKK,No,Male,Two year,Electronic check,104.05
7576-ASEJU,No,Female,One year,Credit card (automatic),74.7
7576-JMYWV,No,Female,Month-to-month,Electronic check,110.2
7576-OYWBN,Yes,Male,Month-to-month,Electronic check,76.05
7577-SWIFR,No,Male,Month-to-month,Electronic check,89.25
7579-KKLOE,No,Male,Two year,Mailed check,91.25
7579-OOPEC,Yes,Female,Month-to-month,Credit card (automatic),50.15
7580-UGXNC,Yes,Female,Month-to-month,Mailed check,54.85
7581-EBBOU,No,Female,One year,Credit card (automatic),70.15
7586-NHQEA,,Female,Two year,Mailed check,29.6
7586-ZATGZ,No,Male,Month-to-month,Electronic check,84.9
7587-AOVVU,No,Male,Month-to-month,Electronic check,100.75
7587-RZNME,Yes,Male,Month-to-month,Electronic check,43.3
7590-VHVEG,No,Female,Month-to-month,Electronic check,29.85
7593-JNWRU,Yes,Male,Month-to-month,Bank transfer (automatic),44.6
7593-XFKDI,Yes,Male,Month-to-month,Mailed check,46.3
7594-LZNWR,No,Male,Month-to-month,Credit card (automatic),69.15
7594-RQHXR,Yes,Female,Month-to-month,Electronic check,79.6
7595-EHCDL,No,Male,Month-to-month,Credit card (automatic),50.6
7595-EUIVN,Yes,Female,Month-to-month,Electronic check,75.8
7596-IIWYC,No,Female,Two year,Bank transfer (automatic),20.25
7596-LDUXP,No,Female,One year,Credit card (automatic),85.15
7596-ZYWBB,No,Female,Two year,Mailed check,59.6
7598-UAASY,Yes,Male,Month-to-month,Electronic check,76.4
7599-FKVXZ,Yes,Male,Month-to-month,Bank transfer (automatic),106.15
7599-NTMDP,No,Female,Two year,Bank transfer (automatic),48.7
7601-DHFWZ,No,Female,Two year,Credit card (automatic),24.0
7601-GNDYK,No,Male,Two year,Mailed check,19.6
7601-WFVZV,No,Male,Month-to-month,Mailed check,19.55
7602-DBTOU,No,Female,Two year,Mailed check,19.6
7602-MVRMB,No,Female,Two year,Bank transfer (automatic),110.45
7603-USHJS,Yes,Male,Month-to-month,Credit card (automatic),73.75
7605-BDWDC,No,Female,Two year,Bank transfer (automatic),49.85
7605-SNLQG,No,Female,Month-to-month,Credit card (automatic),50.25
7606-BPHHN,No,Male,Two year,Credit card (automatic),19.8
7606-GWMKE,,Male,Month-to-month,Mailed check,24.7
7607-QKKTJ,No,Male,One year,Credit card (automatic),95.0
7608-RGIRO,No,Male,Two year,Mailed check,24.4
7609-NRNCA,No,Female,One year,Mailed check,19.55
7609-YBPXG,No,Male,Two year,Bank transfer (automatic),87.1
7610-TVOPG,No,Male,Month-to-month,Electronic check,26.35
7611-YKYTC,No,Male,Month-to-month,Bank transfer (automatic),75.0
7613-LLQFO,Yes,Male,Month-to-month,Electronic check,84.45
7614-QVWQL,Yes,Male,One year,Bank transfer (automatic),51.8
7615-ESMYF,Yes,Female,Month-to-month,Electronic check,44.6
7617-EYGLW,No,Male,Month-to-month,Electronic check,19.45
7619-ODSGN,Yes,Male,Month-to-month,Electronic check,54.75
7619-PLRLP,No,Female,One year,Bank transfer (automatic),74.1
7621-VPNET,No,Female,Month-to-month,Credit card (automatic),85.9
7622-FWGEW,No,Male,Two year,Bank transfer (automatic),85.65
7622-NXQZR,No,Male,Month-to-month,Credit card (automatic),30.1
7623-HKYRK,No,Male,Month-to-month,Mailed check,19.7
7623-TRNQN,Yes,Male,Month-to-month,Mailed check,49.9
7625-XCQRH,Yes,Female,Month-to-month,Electronic check,76.5
7627-JKIAZ,Yes,Female,Month-to-month,Credit card (automatic),78.95
7629-WFGLW,No,Female,One year,Electronic check,95.65
7629-WIXZF,No,Female,One year,Electronic check,59.1
7632-MNYOY,Yes,Male,One year,Credit card (automatic),110.9
7632-YUTXB,No,Female,One year,Mailed check,20.05
7633-MVPUY,No,Male,Two year,Electronic check,59.75
7634-HLQJR,No,Female,Two year,Credit card (automatic),20.05
7634-WSWDB,No,Female,Month-to-month,Electronic check,38.5
7636-OWBPG,No,Male,Month-to-month,Credit card (automatic),29.35
7636-PEPNS,No,Female,One year,Mailed check,44.1
7636-XUHWW,No,Male,Month-to-month,Credit card (automatic),19.9
7637-IKUJQ,,Male,Month-to-month,Electronic check,103.05
7638-QVMVY,Yes,Female,Month-to-month,Electronic check,79.0
7639-LIAYI,No,Male,Two year,Credit card (automatic),79.75
7639-OPLNG,No,Male,Two year,Bank transfer (automatic),79.25
7639-SUPCW,Yes,Female,Month-to-month,Credit card (automatic),48.8
7641-EUYET,Yes,Male,Month-to-month,Electronic check,100.7
7641-TQFHN,No,Male,Two year,Mailed check,100.55
7643-RCHXS,No,Female,Two year,Electronic check,19.35
7644-OMVMY,No,Male,Two year,Mailed check,19.85
7647-GYYKX,No,Female,Two year,Bank transfer (automatic),20.35
7649-PHJVR,No,Male,One year,Mailed check,19.5
7649-SIJJF,No,Male,Two year,Mailed check,80.1
7654-YWJUF,No,Male,One year,Bank transfer (automatic),84.25
7657-DYEPJ,Yes,Male,One year,Credit card (automatic),70.15
7658-UYUQS,No,Male,Month-to-month,Bank transfer (automatic),86.55
7660-HDPJV,Yes,Female,Month-to-month,Electronic check,69.2
7661-CPURM,No,Male,One year,Credit card (automatic),87.7
7662-TWISV,,Female,One year,Bank transfer (automatic),60.15
7663-CUXZB,No,Male,Two year,Electronic check,113.75
7663-RGWBC,Yes,Male,Month-to-month,Mailed check,44.15
7663-YJHSN,No,Female,Two year,Bank transfer (automatic),103.95
7663-ZTEGJ,No,Male,One year,Credit card (automatic),100.55
7665-NKLAV,No,Female,Two year,Credit card (automatic),40.65
7665-TOALD,Yes,Female,Month-to-month,Electronic check,69.6
7665-VIGUD,No,Male,One year,Mailed check,20.35
7666-WKRON,Yes,Female,Two year,Electronic check,80.45
7668-XCFYV,No,Female,Month-to-month,Electronic check,92.55
7669-LCRSD,No,Male,Month-to-month,Mailed check,56.3
7670-ZBPOQ,No,Female,One year,Bank transfer (automatic),61.05
7672-VFMXZ,No,Male,Month-to-month,Electronic check,55.7
7673-BQGKU,No,Female,Two year,Bank transfer (automatic),20.15
7673-LPRNY,No,Female,One year,Electronic check,78.55
7674-YTAFD,No,Female,One year,Bank transfer (automatic),79.95
7675-OZCZG,Yes,Female,Month-to-month,Electronic check,45.0
7677-SJJJK,No,Male,One year,Credit card (automatic),19.9
7682-AZNDK,No,Male,Month-to-month,Electronic check,89.85
7683-CBDKJ,Yes,Male,Month-to-month,Electronic check,65.45
7684-XSZIY,No,Male,Two year,Bank transfer (automatic),24.3
7688-AWMDX,No,Male,Two year,Bank transfer (automatic),54.5
7690-KPNCU,No,Male,One year,Credit card (automatic),73.05
7691-KGKGP,No,Male,Month-to-month,Credit card (automatic),65.0
7691-XVTZH,No,Female,Two year,Bank transfer (automatic),89.95
7693-LCKZL,Yes,Male,Month-to-month,Electronic check,80.15
7693-QPEFS,No,Male,Month-to-month,Bank transfer (automatic),72.95
7694-VLBWQ,Yes,Male,One year,Electronic check,104.1
7695-PKLCZ,No,Female,Two year,Credit card (automatic),20.5
7696-AMHOD,No,Female,One year,Credit card (automatic),78.0
7696-CFTAT,No,Male,Two year,Bank transfer (automatic),19.8
7698-YFGEZ,No,Male,Month-to-month,Mailed check,20.0
7703-ZEKEF,Yes,Male,Month-to-month,Electronic check,81.0
7706-DZNKK,No,Male,Month-to-month,Credit card (automatic),20.45
7706-YLMQA,No,Female,One year,Bank transfer (automatic),19.7
7707-PYBBH,No,Male,Month-to-month,Mailed check,61.9
7709-FQREH,,Female,Month-to-month,Electronic check,88.85
7710-JSYOA,No,Female,Two year,Bank transfer (automatic),93.3
7711-GQBZC,No,Female,Two year,Bank transfer (automatic),24.7
7711-YIJWC,No,Male,One year,Bank transfer (automatic),84.9
7714-YXSMB,No,Female,Month-to-month,Bank transfer (automatic),100.5
7716-YTYHG,Yes,Female,One year,Mailed check,82.05
7717-BICXI,No,Male,Two year,Mailed check,20.55
7718-RXDGG,No,Male,Month-to-month,Bank transfer (automatic),68.6
7718-UPSKJ,No,Female,One year,Credit card (automatic),106.4
7721-DVEKZ,No,Female,Month-to-month,Mailed check,19.65
7721-JXEAW,Yes,Male,Month-to-month,Bank transfer (automatic),41.05
7722-CVFXN,No,Male,One year,Electronic check,105.2
7722-VJRQD,No,Male,Two year,Bank transfer (automatic),60.95
7727-SHVZV,No,Female,Month-to-month,Bank transfer (automatic),19.5
7729-JTEEC,No,Male,Month-to-month,Electronic check,44.5
7729-XBTWX,No,Male,Two year,Mailed check,19.75
7730-CLDSV,No,Female,Two year,Bank transfer (automatic),98.65
7730-IUTDZ,Yes,Male,Month-to-month,Electronic check,75.2
7733-UDMTP,No,Female,Month-to-month,Electronic check,55.0
7734-DBOAI,Yes,Female,Month-to-month,Electronic check,40.1
7739-LAXOG,Yes,Female,Month-to-month,Bank transfer (automatic),91.05
7740-BTPUX,No,Male,Two year,Electronic check,113.6
7740-KKCXF,No,Male,Month-to-month,Credit card (automatic),30.05
7742-MYPGI,No,Female,Month-to-month,Mailed check,48.8
7743-EXURX,Yes,Male,Month-to-month,Electronic check,51.05
7746-AWNQW,No,Female,Month-to-month,Mailed check,35.75
7746-QYVCO,No,Male,One year,Mailed check,55.85
7748-UMTRK,No,Female,Month-to-month,Electronic check,101.3
7750-EYXWZ,No,Female,One year,Electronic check,60.65
7752-XUSCI,Yes,Female,Month-to-month,Electronic check,105.9
7753-USQYQ,No,Male,One year,Electronic check,64.2
7754-IXRMC,No,Female,Month-to-month,Mailed check,45.35
7758-UJWYS,No,Male,Two year,Electronic check,40.55
7758-XKCBS,Yes,Male,Month-to-month,Electronic check,29.7
7760-OYPDY,Yes,Female,Month-to-month,Electronic check,80.65
7762-ONLJY,No,Female,One year,Mailed check,19.7
7762-URZQH,Yes,Male,Two year,Credit card (automatic),106.05
7764-BDPEE,No,Male,Month-to-month,Mailed check,20.85
7765-LWVVH,No,Female,Two year,Electronic check,95.1
7766-CLTIC,No,Female,Month-to-month,Mailed check,60.95
7766-CVTAF,,Male,Two year,Mailed check,24.25
7767-UXAGJ,Yes,Male,Month-to-month,Electronic check,50.45
7771-CFQRQ,No,Female,Two year,Bank transfer (automatic),63.8
7771-ZONAT,No,Male,Two year,Bank transfer (automatic),56.75
7774-OJSXI,Yes,Male,One year,Electronic check,103.45
7776-QGYJC,No,Female,Month-to-month,Bank transfer (automatic),81.5
7776-QWNFX,Yes,Male,Month-to-month,Bank transfer (automatic),50.4
7777-UNYHB,No,Female,Month-to-month,Credit card (automatic),20.1
7779-LGOVN,Yes,Male,Month-to-month,Electronic check,86.65
7779-ORAEL,No,Male,Two year,Credit card (automatic),75.15
7780-OTDSO,Yes,Male,Month-to-month,Electronic check,99.4
7781-EWARA,No,Male,One year,Electronic check,60.35
7781-HVGMK,No,Female,Two year,Credit card (automatic),65.2
7783-YKGDV,Yes,Female,Month-to-month,Bank transfer (automatic),99.7
7785-RDVIG,No,Female,Month-to-month,Mailed check,19.3
7786-WBJYI,Yes,Female,Month-to-month,Bank transfer (automatic),77.95
7787-BNTZM,No,Male,Month-to-month,Bank transfer (automatic),20.15
7789-CRUVC,No,Female,Month-to-month,Credit card (automatic),94.2
7789-HKSBS,No,Female,One year,Bank transfer (automatic),105.2
7794-JASDG,No,Male,Month-to-month,Mailed check,50.75
7795-CFOCW,No,Male,One year,Bank transfer (automatic),42.3
7797-EJMDP,No,Female,Month-to-month,Bank transfer (automatic),66.05
7798-JVXYM,No,Female,Month-to-month,Electronic check,69.65
7799-DSEWS,No,Male,Month-to-month,Electronic check,68.35
7799-LGRDP,No,Female,Two year,Credit card (automatic),25.7
7801-CEDNV,No,Male,One year,Credit card (automatic),48.7
7801-KICAO,No,Female,Month-to-month,Electronic check,74.15
7802-EFKNY,Yes,Male,Month-to-month,Electronic check,24.95
7803-XOCCZ,No,Female,Month-to-month,Bank transfer (automatic),84.05
7808-DVWEP,No,Male,Month-to-month,Bank transfer (automatic),20.0
7808-NBWYW,,Female,Month-to-month,Electronic check,80.4
7811-JIVPF,No,Female,Month-to-month,Credit card (automatic),49.7
7812-FZHPE,Yes,Female,Month-to-month,Mailed check,24.1
7813-TKCVO,No,Female,One year,Mailed check,20.35
7813-ZGGAW,No,Male,Month-to-month,Bank transfer (automatic),96.6
7814-LEEVE,No,Female,Month-to-month,Bank transfer (automatic),20.3
7815-PDTHL,No,Male,Two year,Mailed check,20.2
7816-VGHTO,No,Female,Two year,Mailed check,40.55
7817-BOQPW,Yes,Female,Month-to-month,Electronic check,75.55
7817-OMJNA,No,Male,One year,Bank transfer (automatic),20.4
7820-ZYGNY,No,Male,One year,Credit card (automatic),90.45
7821-DPRQE,No,Male,Month-to-month,Electronic check,107.7
7823-JSOAG,No,Male,Month-to-month,Electronic check,74.5
7824-PANSQ,No,Male,Month-to-month,Bank transfer (automatic),80.65
7825-ECJRF,Yes,Female,Month-to-month,Electronic check,106.6
7825-GKXMW,Yes,Female,Month-to-month,Electronic check,45.8
7826-VVKWT,No,Female,Two year,Electronic check,96.55
7831-QGOXH,Yes,Female,Month-to-month,Electronic check,85.2
7833-PKIHD,No,Male,One year,Bank transfer (automatic),76.4
7838-LAZFO,No,Male,One year,Bank transfer (automatic),78.8
7839-NUIAA,No,Female,Month-to-month,Electronic check,59.8
7839-QRKXN,Yes,Female,Month-to-month,Mailed check,20.2
7841-FCRQD,No,Female,One year,Credit card (automatic),53.75
7841-TZDMQ,Yes,Male,Month-to-month,Credit card (automatic),46.0
7845-URHJN,Yes,Female,Month-to-month,Bank transfer (automatic),20.15
7846-AXWOM,,Female,Two year,Credit card (automatic),43.95
7850-THJMU,No,Female,Two year,Credit card (automatic),19.65
7850-VWJUU,No,Female,Month-to-month,Bank transfer (automatic),75.0
7851-FLGGQ,Yes,Male,Month-to-month,Mailed check,44.65
7851-WZEKY,Yes,Female,Month-to-month,Electronic check,95.15
7852-LECYP,No,Male,Month-to-month,Credit card (automatic),93.8
7853-GVUDZ,Yes,Female,Month-to-month,Credit card (automatic),20.15
7853-OETYL,No,Female,Month-to-month,Electronic check,29.05
7853-WNZSY,No,Male,Month-to-month,Credit card (automatic),19.75
7854-EDSSA,Yes,Male,Month-to-month,Electronic check,59.0
7854-EKTJL,Yes,Female,Month-to-month,Electronic check,19.6
7854-FOKSF,Yes,Male,Month-to-month,Electronic check,35.9
7855-DIWPO,No,Female,Month-to-month,Electronic check,68.65
7856-GANIL,No,Male,One year,Bank transfer (automatic),98.7
7858-GTZSP,No,Female,Month-to-month,Electronic check,86.55
7860-KSUGX,No,Male,Two year,Credit card (automatic),64.45
7860-UXCRM,No,Male,Two year,Credit card (automatic),74.5
7861-UVUFT,Yes,Female,Month-to-month,Electronic check,84.3
7868-BGSZA,No,Male,One year,Electronic check,80.2
7868-TMWMZ,No,Female,Two year,Bank transfer (automatic),110.0
7869-ZYDST,No,Male,Month-to-month,Credit card (automatic),59.05
7872-BAAZR,No,Female,One year,Bank transfer (automatic),19.55
7872-RDDLZ,No,Female,Month-to-month,Electronic check,54.9
7873-CVMAW,No,Male,Two year,Credit card (automatic),88.55
7874-ECPQJ,No,Female,Month-to-month,Bank transfer (automatic),20.05
7876-AEHIG,No,Female,One year,Bank transfer (automatic),60.15
7876-BEUTG,No,Female,Month-to-month,Mailed check,48.8
7876-DNYAP,No,Female,Two year,Credit card (automatic),19.8
7878-JGDKK,No,Male,Month-to-month,Mailed check,44.55
7878-RTCZG,No,Female,Month-to-month,Mailed check,19.9
7879-CGSFV,No,Male,One year,Mailed check,100.9
7880-XSOJX,No,Male,Month-to-month,Mailed check,42.4
7881-EVUAD,Yes,Female,Month-to-month,Electronic check,42.6
7881-INRLC,Yes,Male,Month-to-month,Credit card (automatic),100.85
7883-ROJOC,No,Female,Month-to-month,Mailed check,44.9
7890-VYYWG,Yes,Male,Month-to-month,Mailed check,36.45
7892-POOKP,Yes,Female,Month-to-month,Electronic check,104.8
7892-QVYKW,No,Female,Month-to-month,Electronic check,85.6
7893-IXHRQ,Yes,Male,Month-to-month,Electronic check,20.55
7895-VONWT,No,Female,Month-to-month,Electronic check,48.25
7898-PDWQE,No,Male,Two year,Credit card (automatic),80.4
7901-HXJVA,No,Male,Month-to-month,Electronic check,76.45
7901-IIDQV,No,Male,One year,Bank transfer (automatic),54.6
7901-TBKJX,No,Male,Month-to-month,Electronic check,101.05
7903-CMPEY,Yes,Male,Month-to-month,Electronic check,80.3
7905-NJMXS,No,Male,Month-to-month,Electronic check,64.2
7905-TVXTA,No,Female,Month-to-month,Electronic check,64.35
7908-QCBCA,Yes,Female,Month-to-month,Mailed check,69.4
7909-FIOIY,No,Female,Month-to-month,Mailed check,24.85
7912-SYRQT,Yes,Female,Month-to-month,Bank transfer (automatic),75.1
7916-VCCPB,No,Female,Month-to-month,Bank transfer (automatic),73.25
7919-ZODZZ,No,Female,One year,Mailed check,65.9
7921-BEPCI,No,Female,Two year,Bank transfer (automatic),59.75
7921-LMDFQ,No,Male,One year,Bank transfer (automatic),94.0
7923-IYJWY,No,Male,Two year,Credit card (automatic),116.1
7924-GJZFI,No,Female,Month-to-month,Electronic check,69.3
7925-PNRGI,No,Female,Month-to-month,Mailed check,81.3
7926-IJOOU,No,Male,Month-to-month,Credit card (automatic),19.3
7927-AUXBZ,Yes,Female,Month-to-month,Electronic check,85.15
7928-VJYAB,No,Male,Month-to-month,Electronic check,90.6
7929-DMBCV,No,Female,Month-to-month,Mailed check,81.0
7929-SKFGK,No,Male,Two year,Credit card (automatic),114.3
7931-PXHFC,Yes,Male,One year,Mailed check,62.3
7932-WPTDS,Yes,Female,Month-to-month,Electronic check,24.8
7938-OUHIO,Yes,Male,Month-to-month,Electronic check,98.7
7940-UQQUG,No,Female,One year,Bank transfer (automatic),104.4
7941-RCJOW,No,Male,Two year,Credit card (automatic),19.55
7943-RQCHR,Yes,Female,Month-to-month,Electronic check,94.75
7945-HLKEA,No,Female,One year,Electronic check,64.75
7945-PRBVF,No,Male,Two year,Bank transfer (automatic),21.45
7950-XWOVN,No,Male,Month-to-month,Mailed check,34.7
7951-QKZPL,Yes,Female,Two year,Mailed check,24.5
7951-VRDVK,No,Female,One year,Bank transfer (automatic),85.85
7952-OBOYL,No,Male,Month-to-month,Mailed check,89.85
7954-MLBUN,No,Male,Two year,Bank transfer (automatic),99.45
7956-XQWGU,No,Male,Month-to-month,Credit card (automatic),19.4
7957-RYHQD,Yes,Female,Month-to-month,Credit card (automatic),79.2
7963-GQRMY,Yes,Female,Month-to-month,Mailed check,44.3
7963-SHNDT,No,Female,Two year,Mailed check,39.1
7964-VEXDG,No,Male,Month-to-month,Electronic check,80.35
7964-YESJC,No,Female,Month-to-month,Mailed check,66.3
7964-ZRKKG,No,Male,One year,Bank transfer (automatic),88.4
7966-YOTQW,No,Male,Month-to-month,Credit card (automatic),54.5
7967-HYCDE,No,Male,Month-to-month,Bank transfer (automatic),70.7
7968-BCBQB,,Female,Month-to-month,Bank transfer (automatic),74.4
7968-QUXNS,No,Male,Month-to-month,Mailed check,18.95
7969-AULMZ,Yes,Female,Month-to-month,Electronic check,97.35
7969-FFOWG,No,Male,Two year,Mailed check,19.9
7971-HLVXI,No,Male,Two year,Credit card (automatic),84.5
7973-DZRKH,No,Female,Two year,Credit card (automatic),90.95
7975-JMZNT,No,Male,Two year,Bank transfer (automatic),91.7
7975-TZMLR,No,Male,One year,Electronic check,103.1
7976-CICYS,No,Male,Month-to-month,Credit card (automatic),20.7
7977-HXJKU,No,Male,Two year,Mailed check,19.6
7978-DKUQH,No,Female,Month-to-month,Electronic check,74.6
7979-CORPM,Yes,Male,Month-to-month,Credit card (automatic),90.55
7979-YHUFG,,Male,Month-to-month,Mailed check,70.1
7980-MHFLQ,No,Female,Two year,Mailed check,24.9
7982-VCELR,No,Female,Month-to-month,Credit card (automatic),94.8
7989-AWGEH,No,Male,Month-to-month,Electronic check,39.2
7989-CHGTL,Yes,Male,Month-to-month,Mailed check,19.6
7989-VCQOH,No,Male,Month-to-month,Electronic check,83.25
7993-NQLJE,No,Male,Month-to-month,Mailed check,75.1
7993-PYKOF,Yes,Male,Month-to-month,Electronic check,75.0
7994-UYIVZ,No,Male,Month-to-month,Bank transfer (automatic),85.65
7994-XIRTR,No,Male,One year,Bank transfer (automatic),65.25
7995-ZHHNZ,No,Male,One year,Credit card (automatic),56.1
7996-BPXHY,No,Female,Two year,Bank transfer (automatic),25.0
7996-MHXLW,No,Female,Two year,Credit card (automatic),25.15
7997-EASSD,No,Female,One year,Credit card (automatic),81.2
7998-WNZEM,No,Male,Two year,Bank transfer (automatic),80.6
7998-ZLXWN,No,Female,Month-to-month,Credit card (automatic),20.45
8000-REIQB,Yes,Female,Month-to-month,Electronic check,69.95
8003-EWNDZ,No,Female,Month-to-month,Electronic check,21.2
8006-PYCSW,No,Female,Month-to-month,Mailed check,20.1
8007-YYPWD,No,Female,Two year,Bank transfer (automatic),25.05
8008-ESFLK,No,Female,One year,Electronic check,110.5
8008-HAWED,Yes,Male,Month-to-month,Electronic check,50.75
8008-OTEZX,No,Female,One year,Mailed check,19.65
8010-EZLOU,Yes,Male,Month-to-month,Electronic check,80.2
8012-SOUDQ,No,Female,Month-to-month,Electronic check,90.25
8015-IHCGW,No,Female,Two year,Electronic check,115.5
8016-NCFVO,No,Male,Month-to-month,Electronic check,116.5
8016-ZMGMO,No,Female,One year,Bank transfer (automatic),70.85
8017-LXHFA,Yes,Female,Month-to-month,Electronic check,94.75
8017-UVSZU,No,Female,Month-to-month,Credit card (automatic),56.6
8019-ENHXU,Yes,Male,Month-to-month,Electronic check,99.45
8020-BWHYL,Yes,Female,Month-to-month,Credit card (automatic),75.3
8022-BECSI,No,Male,One year,Mailed check,19.6
8023-QHAIO,No,Female,Month-to-month,Bank transfer (automatic),76.85
8024-XNAFQ,No,Female,Two year,Bank transfer (automatic),107.4
8028-PNXHQ,No,Male,Two year,Bank transfer (automatic),24.25
8029-GAHZZ,,Female,Two year,Bank transfer (automatic),109.7
8029-XYPWT,No,Male,Two year,Bank transfer (automatic),115.05
8033-ATFAS,No,Female,Month-to-month,Mailed check,59.85
8033-VCZGH,No,Male,One year,Electronic check,103.95
8034-RYTVV,No,Female,One year,Credit card (automatic),84.25
8035-BUYVG,Yes,Male,One year,Electronic check,42.35
8035-PWSEV,No,Female,Month-to-month,Electronic check,89.25
8039-ACLPL,No,Female,Two year,Credit card (automatic),68.75
8039-EQPIM,No,Male,Two year,Bank transfer (automatic),60.25
8040-MNRTF,No,Female,Month-to-month,Mailed check,71.1
8041-TMEID,No,Male,Two year,Credit card (automatic),108.5
8042-JVNFH,Yes,Male,Month-to-month,Mailed check,71.35
8042-RNLKO,No,Male,One year,Bank transfer (automatic),25.45
8043-PNYSD,No,Male,Two year,Mailed check,19.55
8044-BGWPI,No,Male,Month-to-month,Electronic check,21.15
8046-DNVTL,No,Male,Two year,Credit card (automatic),38.6
8048-DSDFQ,No,Male,Month-to-month,Mailed check,20.2
8049-WJCLQ,No,Male,Month-to-month,Mailed check,60.2
8050-DVOJX,No,Male,Two year,Credit card (automatic),81.35
8050-WYBND,No,Female,One year,Credit card (automatic),49.45
8050-XGRVL,No,Female,One year,Credit card (automatic),54.75
8051-HJRLT,Yes,Female,Month-to-month,Electronic check,70.55
8053-WWDRO,Yes,Female,Month-to-month,Bank transfer (automatic),19.5
8058-DMYRU,No,Male,Month-to-month,Electronic check,90.05
8058-INTPH,Yes,Female,Month-to-month,Electronic check,79.65
8058-JMEQO,Yes,Female,Month-to-month,Electronic check,84.45
8059-UDZFY,No,Female,Month-to-month,Bank transfer (automatic),105.35
8060-HIWJJ,No,Male,Two year,Credit card (automatic),86.55
8062-YBDOE,Yes,Male,Month-to-month,Electronic check,69.65
8063-GBATB,Yes,Female,Month-to-month,Electronic check,85.25
8063-RJYNF,Yes,Male,Month-to-month,Electronic check,94.25
8064-RAVOH,No,Male,Month-to-month,Electronic check,49.85
8065-BVEPF,No,Male,Month-to-month,Bank transfer (automatic),99.1
8065-QBYTO,No,Female,One year,Credit card (automatic),99.65
8065-YKXKD,Yes,Female,Month-to-month,Electronic check,74.75
8066-POXGX,Yes,Female,Month-to-month,Electronic check,35.1
8067-NIOYM,No,Female,Two year,Credit card (automatic),21.1
8069-RHUXK,No,Female,Two year,Credit card (automatic),35.7
8069-YQQAJ,No,Male,Month-to-month,Mailed check,31.1
8070-AAWZP,No,Male,Month-to-month,Mailed check,34.25
8071-SBTRN,No,Female,Two year,Mailed check,111.15
8073-IJDCM,Yes,Female,Month-to-month,Mailed check,20.3
8075-GXIUB,No,Male,One year,Credit card (automatic),19.85
8076-FEZKJ,No,Male,One year,Mailed check,19.5
8079-XRJRS,Yes,Male,One year,Electronic check,89.75
8080-DDEMJ,Yes,Male,Month-to-month,Electronic check,45.1
8080-POTJR,No,Female,One year,Credit card (automatic),79.3
8082-GHXOP,No,Male,Month-to-month,Mailed check,44.0
8083-YTZES,Yes,Male,Month-to-month,Electronic check,74.35
8084-OIVBS,No,Female,One year,Mailed check,20.0
8085-MSNLK,No,Female,Two year,Mailed check,113.95
8086-OVPWV,Yes,Male,Month-to-month,Electronic check,80.2
8087-LGYHQ,No,Male,Month-to-month,Electronic check,94.05
8089-UZWLX,No,Female,Two year,Bank transfer (automatic),104.05
8091-TTVAX,No,Male,One year,Credit card (automatic),100.35
8092-NLTGF,No,Male,Two year,Bank transfer (automatic),24.75
8095-WANWK,No,Female,Month-to-month,Mailed check,45.25
8096-LOIST,No,Female,Month-to-month,Electronic check,56.2
8097-OMULG,No,Male,One year,Credit card (automatic),76.75
8097-VBQTZ,No,Male,Month-to-month,Mailed check,69.9
8098-LLAZX,Yes,Female,Month-to-month,Electronic check,95.45
8098-TDCBU,No,Female,Two year,Electronic check,25.25
8099-MZPUJ,No,Male,Two year,Credit card (automatic),111.8
8100-HZZLJ,No,Female,Month-to-month,Electronic check,63.95
8100-PNJMH,No,Male,Two year,Credit card (automatic),88.85
8104-OSKWT,No,Female,Month-to-month,Electronic check,79.8
8106-GWQOK,No,Male,Two year,Bank transfer (automatic),60.0
8107-KNCIM,No,Male,Month-to-month,Electronic check,75.1
8107-RZLNV,No,Male,Two year,Bank transfer (automatic),106.3
8108-UXRQN,No,Female,Month-to-month,Electronic check,50.55
8109-YUOHE,No,Male,One year,Mailed check,56.1
8111-BKVDS,No,Female,Month-to-month,Bank transfer (automatic),40.7
8111-RKSPX,Yes,Male,Month-to-month,Bank transfer (automatic),72.2
8111-SLLHI,Yes,Male,Month-to-month,Electronic check,105.65
8118-LSUEL,Yes,Male,Month-to-month,Electronic check,106.4
8118-TJAFG,No,Male,Month-to-month,Electronic check,101.5
8120-JDCAM,No,Male,Month-to-month,Mailed check,69.55
8123-QBNAZ,No,Female,Month-to-month,Credit card (automatic),104.5
8124-NZVGJ,No,Female,One year,Mailed check,49.25
8125-QPFJD,No,Female,Two year,Bank transfer (automatic),84.9
8128-YVJRG,Yes,Female,Month-to-month,Mailed check,79.65
8129-GMVGI,No,Female,Two year,Mailed check,20.05
8132-YPVBX,No,Female,Month-to-month,Mailed check,85.95
8133-ANHHJ,No,Female,One year,Bank transfer (automatic),103.0
8138-EALND,No,Male,Month-to-month,Mailed check,19.75
8143-ETQTI,No,Female,Two year,Mailed check,19.65
8144-DGHXP,No,Female,Two year,Electronic check,80.6
8146-QQKZH,No,Female,Two year,Bank transfer (automatic),81.85
8148-BPLZQ,No,Male,Month-to-month,Electronic check,49.8
8148-NLEGT,No,Female,Two year,Electronic check,22.95
8148-WOCMK,No,Male,Two year,Credit card (automatic),19.6
8149-AIQCG,No,Male,Month-to-month,Credit card (automatic),73.15
8149-RSOUN,Yes,Female,Month-to-month,Electronic check,93.85
8150-QUDFX,No,Male,Month-to-month,Mailed check,19.85
8152-UOBNY,No,Female,One year,Electronic check,106.8
8152-VETUR,No,Female,Two year,Credit card (automatic),97.7
8155-IBNHG,Yes,Female,Month-to-month,Credit card (automatic),75.4
8158-WPEZG,No,Male,Month-to-month,Electronic check,35.65
8160-HOWOX,No,Female,Month-to-month,Electronic check,66.85
8161-QYMTT,No,Male,Month-to-month,Electronic check,94.1
8164-OCKUJ,No,Female,Two year,Mailed check,20.6
8165-CBKXO,No,Male,Two year,Credit card (automatic),56.75
8165-ZJRNM,No,Female,Two year,Bank transfer (automatic),23.75
8166-ORCHU,No,Male,One year,Electronic check,93.55
8166-ZZTFS,Yes,Female,Two year,Bank transfer (automatic),80.55
8167-GJLRN,No,Male,Month-to-month,Electronic check,30.4
8168-UQWWF,Yes,Female,Month-to-month,Bank transfer (automatic),97.85
8169-SAEJD,No,Male,Two year,Credit card (automatic),56.55
8173-RXAYP,No,Female,Two year,Mailed check,19.7
8174-LNWMW,No,Female,Two year,Credit card (automatic),20.9
8174-TBVCF,No,Female,Two year,Credit card (automatic),94.8
8178-EYZUO,Yes,Male,Month-to-month,Electronic check,93.7
8180-AKMJV,No,Female,Month-to-month,Credit card (automatic),44.55
8181-YHCMF,No,Female,Two year,Credit card (automatic),60.3
8182-BJDSI,Yes,Female,Month-to-month,Electronic check,89.95
8182-PNAGI,Yes,Male,Month-to-month,Bank transfer (automatic),50.25
8183-ONMXC,Yes,Female,Month-to-month,Electronic check,80.75
8184-WMOFI,No,Male,One year,Credit card (automatic),71.4
8185-UPYBR,Yes,Male,Month-to-month,Electronic check,75.5
8189-DUKMV,No,Female,One year,Bank transfer (automatic),20.5
8189-HBVRW,No,Female,Month-to-month,Electronic check,90.8
8189-XRIKE,No,Female,Month-to-month,Electronic check,90.95
8190-ZTQFB,No,Male,One year,Electronic check,51.35
8191-XWSZG,No,Female,One year,Mailed check,20.65
8194-PEEBY,No,Female,One year,Mailed check,19.9
8197-BFWVU,No,Female,Two year,Bank transfer (automatic),93.25
8198-RKSZG,No,Female,Month-to-month,Credit card (automatic),80.45
8199-ZLLSA,Yes,Male,One year,Bank transfer (automatic),118.35
8200-KLNYW,No,Female,One year,Mailed check,80.9
8200-LGKSR,No,Male,Two year,Electronic check,83.2
8201-AAXCB,No,Male,Month-to-month,Electronic check,60.35
8203-XJZRC,No,Male,Month-to-month,Mailed check,20.25
8204-TIFGJ,No,Female,Month-to-month,Bank transfer (automatic),20.3
8204-YJCLA,No,Male,Two year,Bank transfer (automatic),64.8
8205-MQUGY,No,Male,Month-to-month,Electronic check,49.2
8205-OTCHB,Yes,Male,One year,Bank transfer (automatic),43.75
8205-VSLRB,No,Male,Two year,Credit card (automatic),77.3
8207-DMRVL,No,Male,Two year,Bank transfer (automatic),114.55
8207-VVMYB,No,Female,Two year,Bank transfer (automatic),26.0
8208-EUMTE,No,Male,Two year,Mailed check,54.85
8212-CRQXP,No,Female,Month-to-month,Credit card (automatic),80.0
8212-DJRCH,No,Male,Month-to-month,Mailed check,90.35
8212-FSQIV,,Male,Month-to-month,Mailed check,20.25
8213-TAZPM,No,Female,One year,Bank transfer (automatic),108.75
8215-NGSPE,No,Female,Two year,Mailed check,20.0
8216-AZUUZ,No,Female,Two year,Electronic check,100.4
8217-QYOHV,No,Male,Month-to-month,Mailed check,55.75
8218-FFJDS,No,Female,Two year,Bank transfer (automatic),86.4
8219-VYBVI,No,Male,Two year,Mailed check,25.0
8220-OCUFY,No,Female,One year,Electronic check,60.25
8221-EQDGL,No,Male,Month-to-month,Mailed check,61.0
8221-HVAYI,No,Male,Two year,Credit card (automatic),69.15
8224-DWCKX,No,Male,Month-to-month,Credit card (automatic),73.3
8224-IVVPA,No,Female,Month-to-month,Mailed check,56.7
8224-KDLKN,No,Male,Two year,Bank transfer (automatic),25.0
8224-UAXBZ,No,Female,One year,Electronic check,45.35
8225-BTJAU,Yes,Male,Month-to-month,Electronic check,79.25
8226-BXGES,No,Male,One year,Bank transfer (automatic),89.45
8229-BUJHX,No,Female,Two year,Bank transfer (automatic),20.5
8229-MYEJZ,No,Female,Month-to-month,Electronic check,51.2
8229-TNIQA,Yes,Female,Month-to-month,Mailed check,45.3
8231-BSWXX,No,Male,One year,Credit card (automatic),79.05
8232-CTLKO,No,Female,Two year,Electronic check,59.75
8232-UTFOZ,No,Male,Two year,Credit card (automatic),19.95
8234-GSZYK,No,Male,Two year,Bank transfer (automatic),26.45
8237-ULIXL,No,Female,Two year,Credit card (automatic),24.85
8241-JUIQO,No,Female,One year,Bank transfer (automatic),19.45
8242-JSVBO,No,Male,Month-to-month,Bank transfer (automatic),44.65
8242-PDSGJ,No,Male,Two year,Credit card (automatic),39.15
8242-SOQUO,No,Female,Month-to-month,Electronic check,84.7
8245-UMPYT,Yes,Female,Month-to-month,Electronic check,96.4
8246-SHFGA,No,Male,Month-to-month,Credit card (automatic),21.1
8249-THVEC,No,Male,One year,Mailed check,19.4
8250-ZNGGW,No,Female,Month-to-month,Credit card (automatic),59.9
8256-ERHVS,,Male,Month-to-month,Bank transfer (automatic),68.25
8256-TWSNM,,Male,Month-to-month,Electronic check,69.8
8257-RZAHR,Yes,Female,Month-to-month,Bank transfer (automatic),64.7
8258-GSTJK,Yes,Male,Month-to-month,Electronic check,77.0
8259-DZLIZ,No,Female,One year,Bank transfer (automatic),53.85
8259-NFJTV,No,Female,Month-to-month,Mailed check,34.65
8260-NGFNY,Yes,Female,Month-to-month,Mailed check,25.2
8261-GWDBQ,No,Female,Two year,Bank transfer (automatic),116.05
8262-COGGB,No,Male,Month-to-month,Mailed check,20.45
8263-JQAIK,Yes,Male,Month-to-month,Mailed check,24.45
8263-OKETD,No,Female,Month-to-month,Credit card (automatic),68.9
8263-QMNTJ,No,Male,Two year,Electronic check,115.55
8265-HKSOW,No,Female,Two year,Credit card (automatic),107.45
8266-VBFQL,No,Male,Month-to-month,Electronic check,90.4
8267-KFGYD,No,Male,Month-to-month,Mailed check,21.05
8267-ZNYVZ,Yes,Female,One year,Electronic check,103.75
8268-YDIXR,No,Male,One year,Electronic check,93.15
8270-RKSAP,No,Male,Month-to-month,Electronic check,70.5
8272-ONJLV,No,Male,One year,Electronic check,95.7
8276-MQBYC,Yes,Male,Month-to-month,Electronic check,97.8
8277-RVRSV,No,Female,One year,Credit card (automatic),24.15
8280-MQRQN,Yes,Female,Month-to-month,Mailed check,50.45
8285-ABVLB,No,Female,Two year,Credit card (automatic),19.85
8286-AFUYI,No,Male,Month-to-month,Electronic check,47.95
8289-DXCFQ,,Female,Month-to-month,Mailed check,50.1
8290-YWKHZ,Yes,Female,Month-to-month,Electronic check,93.2
8292-FRFZQ,No,Female,One year,Bank transfer (automatic),41.15
8292-ITGYJ,No,Female,Two year,Bank transfer (automatic),24.65
8292-TYSPY,Yes,Male,Month-to-month,Credit card (automatic),55.0
8294-UIMBA,No,Female,One year,Bank transfer (automatic),94.4
8295-FHIVV,No,Male,Month-to-month,Mailed check,19.4
8295-KMENE,No,Female,Two year,Mailed check,76.45
8305-VHZBZ,Yes,Male,Month-to-month,Mailed check,20.2
8309-IEYJD,No,Female,Month-to-month,Mailed check,70.6
8309-PPCED,No,Female,Two year,Bank transfer (automatic),110.45
8311-UEUAB,No,Female,Two year,Electronic check,75.5
8313-AFGBW,No,Male,Two year,Electronic check,73.6
8313-KTIHG,No,Male,Month-to-month,Electronic check,61.3
8313-NDOIA,No,Female,Month-to-month,Electronic check,104.15
8314-DPQHL,No,Male,One year,Mailed check,50.8
8314-HTWVE,No,Female,Two year,Mailed check,19.85
8316-BBQAY,No,Female,Two year,Credit card (automatic),59.95
8317-BVKSO,No,Male,Month-to-month,Electronic check,20.05
8318-LCNBW,No,Male,One year,Credit card (automatic),53.15
8319-QBEHW,No,Male,One year,Bank transfer (automatic),39.95
8325-QRPZR,No,Female,Month-to-month,Electronic check,75.15
8327-LZKAS,Yes,Female,One year,Electronic check,107.55
8327-WKMIE,No,Male,One year,Credit card (automatic),20.15
8328-SKJNO,No,Male,One year,Bank transfer (automatic),40.65
8329-GWVPJ,No,Female,Month-to-month,Bank transfer (automatic),69.75
8329-IBCTI,Yes,Female,Month-to-month,Mailed check,19.65
8329-UTMVM,No,Male,One year,Bank transfer (automatic),104.65
8331-ZXFOE,No,Female,One year,Credit card (automatic),71.1
8332-OSJDW,No,Male,One year,Mailed check,26.4
8336-TAVKX,No,Female,Two year,Bank transfer (automatic),78.45
8337-MSSXB,Yes,Female,Month-to-month,Electronic check,86.3
8337-UPOAQ,Yes,Male,Month-to-month,Electronic check,89.8
8338-QIUNR,No,Male,Two year,Credit card (automatic),66.5
8344-WFMFH,No,Male,Month-to-month,Electronic check,50.1
8345-MVDYC,No,Female,Two year,Bank transfer (automatic),81.65
8347-GDTMP,No,Female,Two year,Credit card (automatic),19.45
8348-HFYIV,Yes,Male,Month-to-month,Electronic check,49.25
8348-JLBUG,No,Male,One year,Credit card (automatic),80.3
8350-NYMVI,No,Female,Month-to-month,Bank transfer (automatic),41.1
8353-CFNVI,,Male,One year,Electronic check,100.0
8356-WUAOJ,No,Female,Month-to-month,Electronic check,45.0
8357-EQXFO,Yes,Female,Month-to-month,Electronic check,95.35
8361-LBRDI,No,Female,Two year,Credit card (automatic),24.35
8361-LTMKD,Yes,Male,Month-to-month,Mailed check,74.4
8364-TRMMK,Yes,Female,Month-to-month,Mailed check,50.65
8372-JUXUI,Yes,Male,Month-to-month,Electronic check,74.35
8374-UULRV,No,Male,Two year,Credit card (automatic),86.05
8374-XGEJJ,Yes,Male,Month-to-month,Electronic check,101.0
8375-DKEBR,Yes,Female,Month-to-month,Electronic check,69.6
8375-KVTHK,No,Male,One year,Electronic check,100.3
8378-LKJAF,No,Male,Month-to-month,Credit card (automatic),101.15
8380-MQINP,No,Female,Two year,Mailed check,20.3
8380-PEFPE,Yes,Male,Month-to-month,Electronic check,71.65
8382-SHQEH,Yes,Female,Month-to-month,Electronic check,84.9
8383-SGHJU,No,Female,One year,Electronic check,59.4
8384-FZBJK,No,Female,Month-to-month,Electronic check,100.6
8386-OSYMC,,Female,One year,Credit card (automatic),105.2
8387-MOJJT,Yes,Female,Month-to-month,Credit card (automatic),77.95
8387-UGUSU,No,Female,Month-to-month,Mailed check,20.05
8388-DMKAE,No,Female,Two year,Mailed check,20.25
8388-FYNPZ,No,Male,Month-to-month,Electronic check,56.75
8390-FESFV,No,Female,Two year,Bank transfer (automatic),84.5
8393-DLHGA,Yes,Male,Month-to-month,Electronic check,95.9
8393-JMVMB,No,Male,Month-to-month,Mailed check,19.45
8395-ETZKQ,No,Male,One year,Bank transfer (automatic),19.5
8397-MVTAZ,Yes,Male,Month-to-month,Electronic check,100.05
8398-TBIYD,No,Female,Two year,Bank transfer (automatic),84.7
8399-YNDCH,Yes,Male,Month-to-month,Bank transfer (automatic),60.05
8400-WZICQ,No,Female,Month-to-month,Electronic check,55.7
8401-EMUWF,No,Male,Month-to-month,Bank transfer (automatic),69.4
8402-EIVQS,No,Male,One year,Credit card (automatic),100.9
8402-OOOHJ,No,Female,Two year,Mailed check,20.65
8404-FYDIB,No,Male,Month-to-month,Credit card (automatic),86.65
8404-GFGCZ,No,Male,Month-to-month,Electronic check,65.6
8404-VIOMB,No,Female,Two year,Bank transfer (automatic),62.5
8404-VLQFB,No,Female,Month-to-month,Electronic check,25.25
8405-IGQFX,No,Female,One year,Credit card (automatic),90.05
8406-LNMHF,No,Male,One year,Credit card (automatic),82.95
8409-WQJUX,No,Female,One year,Electronic check,54.2
8410-BGQXN,No,Male,Month-to-month,Mailed check,19.4
8413-VONUO,Yes,Male,Month-to-month,Electronic check,95.65
8413-YNHNV,No,Male,Two year,Mailed check,90.65
8414-MYSHR,Yes,Male,Month-to-month,Electronic check,91.4
8414-OOEEL,No,Male,Two year,Credit card (automatic),79.5
8417-FMLZI,Yes,Male,Month-to-month,Credit card (automatic),83.55
8417-GSODA,No,Male,One year,Bank transfer (automatic),92.2
8421-WZOOW,No,Female,Month-to-month,Credit card (automatic),95.3
8429-XIBUM,Yes,Male,Month-to-month,Bank transfer (automatic),101.35
8430-TWCBX,No,Female,One year,Credit card (automatic),20.7
8433-WPJTV,No,Female,One year,Bank transfer (automatic),103.9
8433-WXGNA,Yes,Male,Month-to-month,Electronic check,75.7
8434-PNQZX,No,Female,Two year,Credit card (automatic),78.45
8434-VGEQQ,No,Male,Two year,Credit card (automatic),20.55
8436-BJUMM,Yes,Male,Month-to-month,Electronic check,83.75
8439-LTUGF,No,Male,Month-to-month,Credit card (automatic),20.0
8441-SHIPE,No,Female,Two year,Bank transfer (automatic),25.6
8443-WVPSS,Yes,Male,Month-to-month,Electronic check,99.85
8443-ZRDBZ,Yes,Male,Month-to-month,Electronic check,76.05
8444-WRIDW,Yes,Female,Month-to-month,Credit card (automatic),80.45
8445-DNBAE,No,Male,Month-to-month,Electronic check,50.05
8450-JOVAH,Yes,Male,Month-to-month,Mailed check,56.7
8450-LUGUK,No,Female,Two year,Bank transfer (automatic),24.1
8450-UYIBU,No,Female,Month-to-month,Electronic check,39.85
8454-AATJP,No,Female,Two year,Credit card (automatic),115.05
8455-HIRAQ,No,Female,Month-to-month,Mailed check,44.45
8456-QDAVC,No,Male,Month-to-month,Bank transfer (automatic),78.7
8457-XIGKN,No,Male,Month-to-month,Credit card (automatic),19.6
8461-EFQYM,No,Female,One year,Electronic check,24.25
8464-EETCQ,No,Male,Two year,Credit card (automatic),18.8
8465-SBRXP,No,Male,Two year,Bank transfer (automatic),94.9
8466-PZBLH,No,Male,Two year,Bank transfer (automatic),104.6
8467-WYNSR,No,Male,Month-to-month,Mailed check,55.1
8468-EHYJA,No,Female,Month-to-month,Electronic check,99.65
8468-FZTOE,No,Female,Two year,Electronic check,74.35
8469-SNFFH,No,Male,One year,Bank transfer (automatic),79.4
8473-VUVJN,Yes,Male,Month-to-month,Electronic check,73.65
8474-UMLNT,No,Female,Month-to-month,Bank transfer (automatic),67.8
8480-PPONV,No,Male,Two year,Bank transfer (automatic),115.55
8481-YYXWG,Yes,Female,Month-to-month,Electronic check,89.35
8485-GJCDN,Yes,Female,Month-to-month,Mailed check,69.05
8486-AYEQH,No,Female,Month-to-month,Electronic check,76.05
8490-BXHEO,No,Male,Month-to-month,Credit card (automatic),80.55
8495-LJDFO,No,Female,Month-to-month,Bank transfer (automatic),108.95
8495-PRWFH,No,Female,Month-to-month,Electronic check,55.65
8496-DMZUK,No,Male,One year,Bank transfer (automatic),90.4
8496-EJAUI,Yes,Male,Month-to-month,Credit card (automatic),73.85
8498-XXGWA,No,Female,Month-to-month,Mailed check,55.15
8499-BRXTD,No,Male,One year,Mailed check,20.1
8510-AWCXC,Yes,Female,Month-to-month,Electronic check,100.8
8510-BBWMU,No,Female,One year,Mailed check,19.75
8510-TMWYB,No,Female,Two year,Bank transfer (automatic),59.8
8512-WIWYV,No,Male,One year,Credit card (automatic),20.35
8513-OLYGY,No,Male,Two year,Credit card (automatic),115.8
8514-VZHEB,No,Male,Two year,Mailed check,19.5
8515-OCTJS,Yes,Female,Two year,Credit card (automatic),24.75
8519-IMDHU,Yes,Male,Month-to-month,Bank transfer (automatic),85.6
8519-QJGJD,Yes,Female,Month-to-month,Electronic check,75.35
8530-KXSOX,,Male,Two year,Bank transfer (automatic),25.25
8532-UEFWH,No,Male,Two year,Mailed check,25.75
8535-SFUTN,No,Male,Month-to-month,Electronic check,106.45
8540-ZQGEA,No,Female,Two year,Credit card (automatic),20.05
8541-QVFKM,No,Female,Month-to-month,Electronic check,73.5
8543-MSDMF,No,Male,Month-to-month,Electronic check,77.4
8544-GOQSH,No,Female,Month-to-month,Credit card (automatic),80.05
8544-JNBOX,No,Male,Two year,Mailed check,20.8
8547-NSBBO,No,Male,Month-to-month,Mailed check,96.75
8548-AWOFC,No,Male,Month-to-month,Electronic check,63.85
8550-XSXUQ,No,Male,One year,Credit card (automatic),70.55
8552-OBVRU,No,Female,Month-to-month,Electronic check,104.5
8559-CIZFV,Yes,Male,One year,Mailed check,77.5
8559-WNQZS,No,Male,Two year,Mailed check,20.45
8561-NMTBD,No,Female,One year,Credit card (automatic),112.35
8562-GHPPI,No,Female,Month-to-month,Credit card (automatic),19.8
8563-IIOXK,Yes,Male,One year,Electronic check,49.75
8563-OYMQY,No,Male,Month-to-month,Credit card (automatic),90.95
8564-LDKFL,No,Male,One year,Bank transfer (automatic),106.0
8565-CLBZW,Yes,Male,Month-to-month,Mailed check,89.85
8565-HBFNN,No,Male,One year,Credit card (automatic),107.2
8565-WUXZU,No,Male,Two year,Credit card (automatic),84.8
8566-YPRGL,No,Female,Month-to-month,Mailed check,19.5
8570-KLJYJ,No,Female,One year,Mailed check,54.45
8571-ZCMCX,No,Female,Two year,Credit card (automatic),60.0
8573-CGOCC,No,Male,Month-to-month,Credit card (automatic),19.75
8573-JGCZW,No,Male,One year,Bank transfer (automatic),19.65
8577-QSOCG,No,Female,Two year,Mailed check,20.2
8580-AECUZ,Yes,Male,Month-to-month,Electronic check,79.1
8580-QVLOC,Yes,Female,Two year,Credit card (automatic),92.45
8582-KRHPJ,No,Male,Month-to-month,Mailed check,35.0
8584-KMVXD,No,Female,Month-to-month,Electronic check,75.6
8587-XYZSF,No,Male,Two year,Bank transfer (automatic),50.55
8590-OHDIW,No,Female,One year,Mailed check,20.3
8590-YFFQO,No,Male,Two year,Credit card (automatic),64.95
8591-NXRCV,No,Female,Month-to-month,Bank transfer (automatic),74.65
8591-TKMZH,No,Male,Two year,Mailed check,111.1
8592-PLTMQ,No,Female,One year,Mailed check,24.7
8593-WHYHV,Yes,Male,Month-to-month,Electronic check,85.3
8595-SIZNC,No,Female,One year,Bank transfer (automatic),25.6
8597-CTXVJ,No,Male,One year,Bank transfer (automatic),64.95
8597-CWYHH,No,Male,One year,Mailed check,94.35
8601-QACRS,Yes,Female,Month-to-month,Mailed check,50.6
8603-IJWDN,Yes,Male,Month-to-month,Electronic check,86.6
8605-ITULD,No,Female,Month-to-month,Mailed check,19.55
8606-CIQUL,No,Male,Two year,Credit card (automatic),115.75
8606-OEGQZ,No,Female,Two year,Credit card (automatic),25.3
8608-OZTLB,No,Male,One year,Electronic check,74.05
8610-WFCJF,Yes,Female,Month-to-month,Electronic check,95.6
8610-ZIKJJ,No,Female,One year,Mailed check,20.3
8612-GXIDD,No,Male,Two year,Bank transfer (automatic),25.4
8614-VGMMV,Yes,Female,Month-to-month,Electronic check,49.1
8617-ENBDS,No,Male,Month-to-month,Credit card (automatic),73.6
8619-IJNDK,No,Female,Two year,Credit card (automatic),64.05
8620-RJPZN,No,Female,Month-to-month,Electronic check,20.7
8621-MNIHH,Yes,Female,Month-to-month,Electronic check,94.25
8622-ZLFKO,No,Female,Month-to-month,Electronic check,90.75
8623-TMRBY,Yes,Male,Month-to-month,Electronic check,84.2
8623-ULFNQ,No,Female,Month-to-month,Electronic check,66.05
8624-GIOUT,Yes,Female,Month-to-month,Credit card (automatic),59.75
8625-AZYZY,Yes,Male,Month-to-month,Electronic check,104.65
8626-PTQGE,No,Male,Two year,Bank transfer (automatic),60.05
8626-XHBIE,No,Male,Two year,Mailed check,24.8
8627-EHGIP,Yes,Male,One year,Mailed check,53.95
8627-ZYGSZ,No,Male,One year,Electronic check,78.9
8628-MFKAX,No,Female,Two year,Credit card (automatic),116.75
8630-FJLIB,No,Female,Month-to-month,Electronic check,69.8
8630-QSGXK,No,Male,Two year,Bank transfer (automatic),75.2
8631-NBHFZ,Yes,Male,Two year,Credit card (automatic),79.4
8631-WUXGY,No,Female,Month-to-month,Electronic check,99.8
8631-XVRZL,No,Male,One year,Mailed check,20.15
8634-CILSZ,Yes,Male,One year,Bank transfer (automatic),104.7
8634-MPHTR,Yes,Male,Month-to-month,Electronic check,100.05
8637-XJIVR,Yes,Female,Month-to-month,Electronic check,78.95
8639-NHQEI,No,Female,Two year,Bank transfer (automatic),95.9
8640-SDGKB,Yes,Male,Month-to-month,Electronic check,74.4
8642-GVWRF,Yes,Female,Month-to-month,Bank transfer (automatic),79.7
8644-XLFBW,Yes,Male,Month-to-month,Electronic check,71.65
8644-XYTSV,No,Male,Month-to-month,Bank transfer (automatic),40.15
8645-KOMJQ,No,Male,Two year,Bank transfer (automatic),81.95
8645-KWHJO,No,Male,Month-to-month,Electronic check,55.0
8646-JCOMS,No,Female,One year,Bank transfer (automatic),90.55
8647-SDTWQ,No,Male,Month-to-month,Electronic check,74.3
8648-PFRMP,No,Female,Month-to-month,Electronic check,46.35
8649-VYTUC,,Male,Month-to-month,Electronic check,90.35
8650-RHRKE,Yes,Male,Month-to-month,Electronic check,29.65
8651-ENBZX,Yes,Female,One year,Electronic check,106.0
8652-YHIYU,No,Female,One year,Credit card (automatic),79.5
8654-DHAOW,No,Female,Month-to-month,Mailed check,54.15
8659-HDIYE,No,Female,Month-to-month,Credit card (automatic),74.65
8659-IOOPU,No,Female,Two year,Electronic check,100.45
8660-BUETV,No,Female,Month-to-month,Mailed check,44.75
8661-BOYNW,No,Female,Two year,Credit card (automatic),84.4
8663-UPDGF,No,Female,Month-to-month,Bank transfer (automatic),69.5
8665-UTDHZ,Yes,Male,Month-to-month,Electronic check,30.2
8668-KNZTI,No,Male,One year,Electronic check,53.75
8670-ERCJH,No,Male,Two year,Bank transfer (automatic),113.4
8670-MEFCP,No,Female,Two year,Credit card (automatic),92.9
8671-KKKOS,No,Female,Month-to-month,Electronic check,45.55
8672-OAUPW,No,Male,One year,Credit card (automatic),47.85
8676-OOQEJ,No,Male,Month-to-month,Electronic check,30.5
8676-TRMJS,Yes,Male,Month-to-month,Mailed check,75.0
8677-HDZEE,No,Female,Month-to-month,Bank transfer (automatic),105.45
8679-JOEVF,Yes,Female,Month-to-month,Electronic check,59.4
8679-LZBMD,No,Male,One year,Bank transfer (automatic),90.65
8680-CGLTP,No,Male,One year,Electronic check,58.75
8681-ICONS,No,Male,Month-to-month,Mailed check,20.65
8685-WHQPW,Yes,Female,Month-to-month,Bank transfer (automatic),74.4
8687-BAFGU,No,Male,Month-to-month,Electronic check,74.0
8690-UPCZI,No,Male,One year,Bank transfer (automatic),69.05
8690-ZVLCL,No,Female,Two year,Credit card (automatic),88.0
8695-ARGXZ,No,Male,Month-to-month,Electronic check,75.55
8695-WDYEA,No,Male,Month-to-month,Mailed check,51.25
8696-JKZNU,Yes,Female,Month-to-month,Electronic check,76.25
8699-ASUFO,Yes,Male,Month-to-month,Mailed check,74.4
8701-DGLVH,No,Male,Two year,Mailed check,20.45
8705-DWKTI,No,Male,Month-to-month,Credit card (automatic),83.8
8705-WZCYL,No,Male,Month-to-month,Electronic check,44.8
8706-HRADD,No,Male,Month-to-month,Mailed check,43.55
8707-HOEDG,No,Female,Two year,Electronic check,110.2
8707-RMEZH,No,Female,One year,Credit card (automatic),87.3
8708-XPXHZ,Yes,Female,Month-to-month,Electronic check,94.2
8709-KRDVL,No,Female,Month-to-month,Electronic check,100.0
8710-YGLWG,No,Male,Month-to-month,Mailed check,44.9
8711-LOBKY,No,Male,Two year,Mailed check,19.85
8713-IGZSO,No,Male,Month-to-month,Mailed check,24.85
8714-CTZJW,No,Female,Month-to-month,Credit card (automatic),82.85
8714-EUHJO,Yes,Female,Month-to-month,Electronic check,91.15
8715-KKTFG,No,Female,One year,Bank transfer (automatic),103.3
8717-VCTXJ,No,Male,One year,Mailed check,19.55
8718-PTMEZ,Yes,Female,Month-to-month,Electronic check,31.05
8720-RQSBJ,No,Male,Month-to-month,Electronic check,44.0
8722-NGNBH,Yes,Male,Month-to-month,Mailed check,40.0
8722-PRFDV,No,Female,Two year,Credit card (automatic),77.55
8725-JEDFD,No,Male,Month-to-month,Mailed check,69.05
8727-JQFHV,No,Male,Two year,Mailed check,20.75
8727-XDPUD,No,Male,Two year,Credit card (automatic),35.8
8728-SKJLR,No,Male,Month-to-month,Electronic check,74.25
8731-WBBMB,No,Female,Month-to-month,Bank transfer (automatic),81.9
8732-BBLMG,,Female,Month-to-month,Credit card (automatic),50.95
8734-DKSTZ,No,Female,Month-to-month,Electronic check,85.95
8734-FNWVH,No,Male,Month-to-month,Bank transfer (automatic),59.7
8735-DCXNF,No,Male,Month-to-month,Credit card (automatic),54.95
8735-IJJEG,No,Male,Month-to-month,Credit card (automatic),50.2
8735-NBLWT,No,Male,Month-to-month,Mailed check,20.4
8735-SDUFN,No,Female,Two year,Bank transfer (automatic),24.3
8738-JOKAR,No,Female,One year,Mailed check,67.7
8739-QOTTN,No,Female,Month-to-month,Mailed check,20.35
8739-WWKDU,Yes,Male,Month-to-month,Electronic check,89.5
8739-XNIKG,No,Female,Month-to-month,Electronic check,84.0
8740-CRYFY,Yes,Male,Month-to-month,Electronic check,78.95
8740-XLHDR,Yes,Male,Month-to-month,Mailed check,43.25
8741-LQOBK,No,Female,Month-to-month,Bank transfer (automatic),35.05
8745-PVESG,No,Female,One year,Credit card (automatic),41.1
8746-BFOAJ,No,Male,One year,Bank transfer (automatic),20.5
8746-OQQRW,No,Male,Month-to-month,Mailed check,25.25
8747-UDCOI,No,Female,Two year,Bank transfer (automatic),19.35
8748-HFWBO,No,Male,One year,Mailed check,19.9
8749-CLJXC,No,Male,Month-to-month,Mailed check,20.05
8749-JMNKX,Yes,Male,Month-to-month,Bank transfer (automatic),93.8
8749-TZYEC,No,Male,Two year,Credit card (automatic),24.8
8750-QWZAJ,No,Female,Two year,Bank transfer (automatic),19.8
8751-EDEKA,No,Female,Month-to-month,Credit card (automatic),89.9
8752-GHJFU,No,Male,One year,Electronic check,92.0
8752-IMQOS,No,Male,One year,Mailed check,20.1
8752-STIVR,Yes,Female,Month-to-month,Electronic check,79.0
8754-GZCEH,,Female,Month-to-month,Electronic check,95.15
8755-IWJHN,No,Male,Month-to-month,Bank transfer (automatic),95.35
8755-OGKNA,No,Female,Two year,Bank transfer (automatic),19.5
8756-RDDLT,No,Female,Month-to-month,Electronic check,44.95
8757-TFHHJ,No,Male,Month-to-month,Credit card (automatic),49.8
8760-ZRHKE,No,Female,One year,Electronic check,69.2
8761-NSOBC,Yes,Male,Month-to-month,Electronic check,100.55
8763-KIAFH,No,Female,One year,Mailed check,20.55
8766-PAFNE,No,Male,Two year,Credit card (automatic),79.1
8769-KKTPH,No,Female,One year,Credit card (automatic),99.65
8773-HHUOZ,Yes,Female,Month-to-month,Mailed check,64.7
8774-GSBUN,No,Male,Two year,Mailed check,25.4
8774-QWEBD,,Male,Month-to-month,Bank transfer (automatic),20.4
8775-CEBBJ,Yes,Female,Month-to-month,Bank transfer (automatic),44.2
8775-ERLNB,No,Male,Month-to-month,Electronic check,74.3
8775-LHDJH,Yes,Female,Month-to-month,Electronic check,90.6
8777-MBMTS,No,Female,Two year,Credit card (automatic),105.85
8777-PVYGU,No,Female,One year,Mailed check,64.3
8778-LMWTJ,No,Female,Month-to-month,Electronic check,74.85
8779-QRDMV,Yes,Male,Month-to-month,Electronic check,39.65
8779-YIQQA,No,Male,One year,Mailed check,19.8
8780-IHCRN,No,Male,Two year,Credit card (automatic),24.65
8780-IXSTS,Yes,Female,Month-to-month,Electronic check,90.1
8780-RSYYU,No,Female,Month-to-month,Credit card (automatic),19.2
8780-YRMTT,No,Female,Two year,Mailed check,47.4
8782-LKFPK,No,Male,Month-to-month,Mailed check,90.4
8782-NUUOL,No,Male,One year,Mailed check,79.0
8784-CGILN,Yes,Female,Month-to-month,Bank transfer (automatic),99.85
8785-CJSHH,No,Female,Month-to-month,Electronic check,99.8
8785-EPNCG,Yes,Male,Month-to-month,Credit card (automatic),23.15
8788-DOXSU,No,Male,One year,Bank transfer (automatic),61.35
8791-GFXLZ,No,Male,Month-to-month,Bank transfer (automatic),49.05
8792-AOROI,No,Female,Two year,Mailed check,65.5
8793-IZZRV,,Male,Month-to-month,Electronic check,44.55
8799-OXZMD,No,Female,Month-to-month,Mailed check,29.75
8800-JOOCF,No,Female,Month-to-month,Electronic check,84.05
8800-ZKRFW,No,Female,Month-to-month,Electronic check,107.5
8802-UNOJF,Yes,Male,Month-to-month,Mailed check,83.8
8805-JNRAZ,No,Female,Month-to-month,Mailed check,49.2
8806-EAGWC,Yes,Male,Month-to-month,Mailed check,55.15
8807-ARQET,No,Female,Month-to-month,Electronic check,40.35
8807-OPMBM,No,Female,Two year,Credit card (automatic),25.65
8808-ELEHO,Yes,Male,Month-to-month,Electronic check,81.25
8809-RIHDD,Yes,Male,Two year,Electronic check,103.4
8809-XKHMD,No,Male,Two year,Bank transfer (automatic),100.55
8812-ZRHFP,No,Female,One year,Electronic check,86.45
8815-LMFLX,No,Male,Month-to-month,Bank transfer (automatic),25.4
8816-VXNZD,Yes,Female,Month-to-month,Electronic check,75.1
8818-DOPVL,No,Female,Month-to-month,Electronic check,104.45
8818-XYFCQ,Yes,Male,Month-to-month,Credit card (automatic),99.55
8819-IMISP,No,Male,Month-to-month,Electronic check,80.45
8819-WFGGJ,No,Male,Two year,Bank transfer (automatic),54.1
8819-ZBYNA,No,Female,Two year,Credit card (automatic),109.1
8821-KVZKQ,No,Female,One year,Bank transfer (automatic),58.4
8821-XNHVZ,Yes,Female,Month-to-month,Mailed check,80.05
8822-KNBHV,No,Female,One year,Credit card (automatic),83.45
8823-RLPWL,No,Female,Two year,Credit card (automatic),110.65
8824-RWFXJ,Yes,Male,Month-to-month,Mailed check,56.15
8835-VSDSE,Yes,Female,Month-to-month,Electronic check,70.7
8837-VVWLQ,Yes,Female,Month-to-month,Electronic check,84.95
8838-GPHZP,No,Female,Two year,Mailed check,20.6
8840-DQLGN,Yes,Female,Month-to-month,Bank transfer (automatic),100.5
8844-TONUD,Yes,Male,Month-to-month,Mailed check,96.65
8845-LWKGE,No,Female,One year,Electronic check,64.5
8847-GEOOQ,No,Male,Month-to-month,Bank transfer (automatic),60.2
8849-AYPTR,No,Male,Month-to-month,Electronic check,91.25
8849-GYOKR,Yes,Female,One year,Bank transfer (automatic),106.55
8849-PRIQJ,No,Female,One year,Electronic check,109.4
8851-RAGOV,No,Female,Month-to-month,Mailed check,71.05
8853-TZDGH,No,Female,Two year,Bank transfer (automatic),111.6
8854-CCVSQ,Yes,Male,Month-to-month,Electronic check,80.65
8857-CUPFQ,No,Male,Two year,Mailed check,19.25
8859-AXJZP,No,Male,Two year,Mailed check,23.8
8859-DZTGQ,No,Male,Two year,Mailed check,20.35
8859-YSTWS,No,Male,One year,Bank transfer (automatic),19.95
8861-HGGKB,Yes,Female,Month-to-month,Electronic check,86.45
8865-TNMNX,No,Male,One year,Mailed check,49.55
8868-GAGIO,No,Male,Month-to-month,Mailed check,84.55
8868-WOZGU,Yes,Male,Month-to-month,Electronic check,105.7
8869-LIHMK,No,Female,Two year,Bank transfer (automatic),115.1
8869-TORSS,Yes,Female,One year,Credit card (automatic),60.35
8871-JLMHM,No,Female,Two year,Credit card (automatic),90.2
8873-GLDMH,No,Female,Month-to-month,Mailed check,73.85
8873-TMKGR,No,Male,One year,Mailed check,19.1
8874-EJNSR,No,Male,Two year,Mailed check,25.2
8875-AKBYH,No,Male,Month-to-month,Electronic check,84.35
8878-HMWBV,Yes,Male,Month-to-month,Electronic check,49.15
8878-RYUKI,No,Female,Month-to-month,Electronic check,59.45
8879-XUAHX,No,Male,Two year,Electronic check,116.25
8879-ZKJOF,No,Female,One year,Bank transfer (automatic),79.85
8882-TLVRW,No,Male,Two year,Mailed check,39.1
8883-ANODQ,No,Female,Two year,Credit card (automatic),84.4
8883-GRDWQ,No,Male,One year,Mailed check,54.0
8884-ADFVN,Yes,Male,Month-to-month,Electronic check,101.95
8884-FEEWR,No,Male,One year,Bank transfer (automatic),20.6
8884-MRNSU,No,Male,One year,Bank transfer (automatic),19.9
8885-QSQBX,No,Female,Month-to-month,Bank transfer (automatic),49.55
8887-IPQNC,No,Female,Month-to-month,Mailed check,44.25
8894-JVDCV,No,Female,One year,Credit card (automatic),115.05
8896-BQTTI,No,Male,Month-to-month,Mailed check,25.0
8896-RAZCR,No,Female,Two year,Mailed check,19.9
8898-KASCD,No,Male,One year,Mailed check,35.55
8901-HJXTF,Yes,Female,Month-to-month,Mailed check,29.2
8901-UPRHR,No,Female,Two year,Bank transfer (automatic),109.2
8902-ZEOVF,No,Male,One year,Mailed check,20.05
8903-WMRNW,No,Female,Month-to-month,Electronic check,101.75
8903-XEBGX,No,Male,Month-to-month,Electronic check,55.3
8904-OPDCK,No,Male,Month-to-month,Bank transfer (automatic),24.95
8905-IAZPF,No,Female,One year,Credit card (automatic),95.65
8908-NMQTX,No,Male,Two year,Bank transfer (automatic),65.6
8908-SLFCJ,No,Female,Two year,Credit card (automatic),20.85
8909-BOLNL,No,Male,One year,Mailed check,21.2
8910-ICHIU,No,Female,One year,Credit card (automatic),95.65
8910-LEDAG,No,Male,Month-to-month,Credit card (automatic),71.55
8914-RBTSB,Yes,Male,Month-to-month,Electronic check,93.8
8915-NNTRC,No,Male,Two year,Credit card (automatic),107.7
8917-FAEMR,No,Female,Two year,Mailed check,19.85
8917-SZTTJ,No,Male,Two year,Credit card (automatic),19.65
8919-FYFQZ,Yes,Male,Month-to-month,Electronic check,30.35
8920-NAVAY,No,Male,One year,Bank transfer (automatic),110.75
8920-VTVET,,Female,Two year,Bank transfer (automatic),20.05
8922-LIEGH,Yes,Female,Month-to-month,Electronic check,89.7
8922-NPKBJ,No,Male,Two year,Mailed check,19.35
8929-KSWIH,No,Male,Two year,Bank transfer (automatic),99.3
8930-XOTDP,No,Female,Month-to-month,Mailed check,55.95
8931-GJJIQ,Yes,Female,Month-to-month,Electronic check,83.3
8932-CZHRQ,No,Male,One year,Credit card (automatic),76.75
8933-FSHGW,,Female,Month-to-month,Electronic check,69.3
8937-FVBIE,,Male,One year,Credit card (automatic),90.6
8937-RDTHP,Yes,Male,Month-to-month,Mailed check,84.6
8938-UMKPI,Yes,Female,Month-to-month,Electronic check,106.4
8939-ORHIW,,Male,Month-to-month,Electronic check,44.85
8942-DBMHZ,No,Male,Month-to-month,Mailed check,20.45
8943-URTMR,Yes,Female,Month-to-month,Mailed check,79.65
8944-AILEF,No,Male,Month-to-month,Credit card (automatic),19.45
8945-GRKHX,Yes,Female,Month-to-month,Electronic check,78.65
8945-MUQUF,Yes,Male,One year,Electronic check,94.8
8946-BFWSG,No,Male,Two year,Mailed check,25.25
8947-YRTDV,No,Male,One year,Mailed check,94.8
8949-JTMAY,Yes,Female,Month-to-month,Credit card (automatic),98.6
8950-MTZNV,No,Male,Month-to-month,Mailed check,44.95
8952-WCVCD,No,Female,One year,Bank transfer (automatic),104.45
8954-HKVWG,,Female,Month-to-month,Credit card (automatic),44.6
8957-THMOA,No,Female,Two year,Credit card (automatic),20.15
8958-JPTRR,No,Female,One year,Electronic check,24.3
8961-QDZZJ,No,Female,One year,Electronic check,95.0
8963-JLGJT,No,Male,Month-to-month,Mailed check,55.9
8963-MQVYN,No,Female,Month-to-month,Electronic check,20.55
8966-KZXXA,No,Male,Two year,Credit card (automatic),25.1
8966-OIQHG,No,Female,One year,Bank transfer (automatic),20.75
8966-SNIZF,No,Female,Two year,Bank transfer (automatic),19.45
8967-SZQAS,No,Female,Month-to-month,Electronic check,50.45
8969-PRHFK,No,Male,One year,Mailed check,19.65
8970-ANWXO,No,Female,One year,Mailed check,73.75
8972-HJWNV,Yes,Female,Month-to-month,Electronic check,84.55
8974-OVACP,No,Female,Month-to-month,Mailed check,20.15
8975-SKGRX,No,Male,Two year,Bank transfer (automatic),116.1
8976-OQHGT,Yes,Female,Month-to-month,Mailed check,56.5
8977-NIXDF,,Male,Two year,Mailed check,19.6
8979-CAMGB,No,Male,One year,Electronic check,102.1
8980-WQFWL,No,Female,Month-to-month,Electronic check,62.1
8981-FJGLA,No,Male,Month-to-month,Mailed check,78.0
8982-NHAVY,No,Male,One year,Bank transfer (automatic),100.5
8984-EYLLL,No,Male,Two year,Electronic check,105.25
8984-HPEMB,No,Female,Two year,Electronic check,118.65
8985-OOPOS,No,Female,One year,Credit card (automatic),74.1
8988-ECPJR,Yes,Female,Month-to-month,Mailed check,79.6
8990-YOZLV,No,Female,Two year,Mailed check,66.9
8990-ZXLSU,No,Female,Month-to-month,Electronic check,69.05
8992-CEUEN,No,Female,Month-to-month,Electronic check,18.85
8992-JQYUN,Yes,Male,Month-to-month,Electronic check,50.35
8992-OBVDG,No,Male,Month-to-month,Mailed check,61.65
8992-VONJD,No,Female,Month-to-month,Electronic check,56.0
8993-IZEUX,No,Male,Month-to-month,Bank transfer (automatic),69.15
8993-PHFWD,Yes,Female,Month-to-month,Electronic check,25.25
8996-ZROXE,No,Male,One year,Electronic check,53.5
8999-BOHSE,Yes,Female,Month-to-month,Bank transfer (automatic),89.7
8999-EXMNO,No,Female,Two year,Mailed check,20.15
8999-XXGNS,No,Female,One year,Credit card (automatic),105.75
8999-YPYBV,No,Male,Two year,Mailed check,84.35
9000-PLFUZ,No,Female,Two year,Credit card (automatic),49.45
9003-CPATH,No,Male,Month-to-month,Electronic check,79.9
9013-AQORL,No,Female,Month-to-month,Credit card (automatic),45.55
9018-PCIOK,No,Female,Two year,Mailed check,64.75
9019-QVLZD,Yes,Female,Month-to-month,Electronic check,79.55
9025-AOMKI,Yes,Female,Month-to-month,Bank transfer (automatic),93.55
9025-ZRPVR,Yes,Male,Month-to-month,Mailed check,18.95
9026-LHEVG,No,Female,Month-to-month,Electronic check,40.75
9026-RNUJS,Yes,Male,Month-to-month,Electronic check,50.35
9027-TMATR,No,Female,Two year,Electronic check,78.8
9027-YFHQJ,No,Male,Month-to-month,Bank transfer (automatic),25.05
9028-LIHRP,No,Male,Two year,Credit card (automatic),100.2
9029-FEGVJ,No,Female,Month-to-month,Mailed check,79.3
9030-QGZNL,No,Female,Two year,Mailed check,20.85
9031-ZVQPT,No,Male,Two year,Electronic check,108.2
9033-EOXWV,Yes,Female,One year,Mailed check,74.05
9036-CSKBW,No,Female,One year,Bank transfer (automatic),107.45
9039-RBEEE,Yes,Male,Month-to-month,Credit card (automatic),48.95
9039-ZVJDC,No,Male,Month-to-month,Mailed check,19.1
9040-KZVWO,No,Male,One year,Bank transfer (automatic),75.5
9046-DQMTP,No,Male,Month-to-month,Bank transfer (automatic),20.75
9046-JBFWA,No,Male,Month-to-month,Mailed check,19.15
9048-JVYVF,Yes,Male,Month-to-month,Electronic check,69.35
9050-IKDZA,No,Female,Month-to-month,Mailed check,81.5
9050-QLROH,Yes,Male,Month-to-month,Credit card (automatic),90.7
9052-DHNKM,No,Male,One year,Electronic check,61.55
9052-VKDUW,No,Female,Month-to-month,Credit card (automatic),109.4
9053-EJUNL,No,Male,Month-to-month,Electronic check,89.2
9053-JZFKV,Yes,Male,Two year,Credit card (automatic),116.2
9054-FOWNV,No,Male,Month-to-month,Electronic check,88.75
9055-MOJJJ,No,Female,One year,Mailed check,65.8
9057-MSWCO,Yes,Male,Month-to-month,Credit card (automatic),30.75
9057-SIHCH,Yes,Female,Month-to-month,Electronic check,96.6
9058-CBREO,Yes,Female,Month-to-month,Mailed check,50.55
9058-HRZSV,No,Female,Month-to-month,Electronic check,94.4
9058-MJLZC,No,Female,Month-to-month,Electronic check,94.6
9060-HJJRW,No,Female,One year,Credit card (automatic),56.4
9061-TIHDA,Yes,Male,Month-to-month,Electronic check,95.25
9063-ZGTUY,Yes,Female,Month-to-month,Mailed check,19.4
9065-ZCPQX,No,Male,Two year,Bank transfer (automatic),78.85
9066-QRSDU,No,Female,One year,Electronic check,26.3
9067-SQTNS,No,Male,One year,Bank transfer (automatic),20.6
9067-YGSCA,No,Female,One year,Credit card (automatic),26.05
9068-FHQHD,No,Female,Two year,Bank transfer (automatic),20.15
9068-VPWQQ,No,Male,Two year,Credit card (automatic),75.35
9069-LGEUL,No,Male,Month-to-month,Bank transfer (automatic),59.95
9070-BCKQP,No,Female,Two year,Credit card (automatic),110.15
9073-ZZIAY,No,Male,Two year,Electronic check,86.1
9074-KGVOX,No,Male,Month-to-month,Credit card (automatic),39.45
9076-AXYIK,No,Male,Two year,Electronic check,102.1
9078-GDRPJ,,Female,Month-to-month,Electronic check,100.55
9079-LWTFD,No,Male,Month-to-month,Mailed check,100.75
9079-YEXQJ,Yes,Female,Month-to-month,Electronic check,111.1
9081-WWXKP,No,Female,Two year,Credit card (automatic),20.25
9084-OAYKL,No,Male,Two year,Mailed check,20.8
9086-YJYXS,No,Male,One year,Bank transfer (automatic),77.2
9087-EYCPR,No,Female,Two year,Mailed check,25.0
9089-UOWJG,No,Female,Month-to-month,Credit card (automatic),58.35
9090-SGQXL,Yes,Male,Month-to-month,Electronic check,105.3
9091-WTUUY,No,Male,Two year,Mailed check,69.25
9092-GDZKO,No,Male,Month-to-month,Credit card (automatic),24.85
9093-FPDLG,No,Female,Month-to-month,Electronic check,94.2
9094-AZPHK,No,Female,Month-to-month,Electronic check,100.15
9095-HFAFX,Yes,Female,Month-to-month,Credit card (automatic),81.0
9097-ZUBYC,No,Male,Month-to-month,Bank transfer (automatic),48.8
9099-FTUHS,No,Female,Month-to-month,Electronic check,54.4
9101-BWFSS,Yes,Female,One year,Electronic check,108.55
9101-NTIXF,No,Male,Month-to-month,Mailed check,19.4
9102-IAYHT,Yes,Female,Month-to-month,Electronic check,85.45
9102-OXKFY,No,Male,Two year,Credit card (automatic),54.15
9103-CXVOK,No,Male,Month-to-month,Electronic check,19.75
9103-TCIHJ,Yes,Female,Month-to-month,Mailed check,55.7
9107-UKCKY,No,Male,One year,Electronic check,79.8
9108-EJFJP,No,Female,Month-to-month,Mailed check,53.55
9108-EQPNQ,No,Female,Two year,Credit card (automatic),26.1
9110-HSGTV,No,Female,Two year,Credit card (automatic),82.45
9112-WSNPU,No,Female,Month-to-month,Electronic check,70.55
9114-AAFQH,No,Female,One year,Electronic check,65.65
9114-DPSIA,No,Male,Two year,Credit card (automatic),81.0
9114-VEPUF,No,Male,One year,Electronic check,96.1
9115-YQHGA,No,Male,Month-to-month,Electronic check,51.1
9117-SHLZX,Yes,Male,Month-to-month,Mailed check,45.7
9121-PHQSR,No,Male,Month-to-month,Credit card (automatic),85.05
9122-UMROB,No,Male,Month-to-month,Mailed check,20.3
9124-LHCJQ,Yes,Female,Month-to-month,Mailed check,85.45
9127-FHJBZ,No,Male,Two year,Electronic check,114.0
9127-QRZMH,No,Male,One year,Bank transfer (automatic),59.85
9128-CPXKI,No,Female,Two year,Electronic check,95.8
9129-UXERG,No,Female,Month-to-month,Credit card (automatic),103.6
9133-AYJZG,No,Female,Month-to-month,Credit card (automatic),98.7
9134-CEQMF,Yes,Male,Month-to-month,Electronic check,89.5
9134-WYRVP,No,Male,One year,Mailed check,86.35
9135-HSWOC,No,Male,Two year,Bank transfer (automatic),19.7
9135-MGVPY,No,Male,Two year,Mailed check,84.7
9136-ALYBR,Yes,Male,Month-to-month,Mailed check,24.45
9137-NOQKA,No,Male,Month-to-month,Electronic check,19.2
9137-UIYPG,No,Female,Month-to-month,Electronic check,106.9
9138-EFSMO,No,Male,One year,Bank transfer (automatic),78.95
9139-TWBAS,No,Female,One year,Bank transfer (automatic),47.85
9139-WQQDY,Yes,Female,One year,Mailed check,100.45
9140-CZQZZ,No,Female,Two year,Bank transfer (automatic),79.6
9142-KZXOP,No,Male,Month-to-month,Credit card (automatic),68.85
9142-XMYJH,No,Female,Month-to-month,Credit card (automatic),19.35
9143-CANJF,No,Female,Month-to-month,Electronic check,55.15
9146-JRIOX,No,Female,Month-to-month,Mailed check,25.55
9150-HEPMB,No,Male,One year,Mailed check,52.7
9150-KPBJQ,No,Female,Two year,Credit card (automatic),19.65
9152-AMKAK,No,Male,Two year,Mailed check,80.25
9153-BTBVV,No,Female,Two year,Bank transfer (automatic),25.0
9154-QDGTH,No,Male,One year,Credit card (automatic),104.3
9158-VCTQB,Yes,Female,Month-to-month,Bank transfer (automatic),113.6
9162-MVWXH,,Male,Month-to-month,Mailed check,45.7
9163-GHAYE,No,Female,Month-to-month,Electronic check,48.85
9167-APMXZ,No,Female,Month-to-month,Bank transfer (automatic),84.15
9168-INPSZ,No,Female,Month-to-month,Electronic check,104.15
9169-BSVIN,No,Male,Month-to-month,Bank transfer (automatic),74.75
9170-ARBTB,No,Female,One year,Credit card (automatic),19.6
9170-CCKOU,Yes,Male,Month-to-month,Credit card (automatic),90.2
9170-GYZJC,Yes,Female,Month-to-month,Credit card (automatic),79.9
9172-ANCRX,Yes,Female,Month-to-month,Electronic check,98.7
9172-JITSM,Yes,Female,Month-to-month,Electronic check,90.8
9173-IVZVP,No,Female,Two year,Mailed check,20.9
9174-FKWZE,Yes,Female,Month-to-month,Electronic check,19.45
9174-IHETN,No,Female,Two year,Credit card (automatic),70.35
9178-JHUVJ,No,Male,Two year,Bank transfer (automatic),24.1
9182-EFTQG,,Female,One year,Credit card (automatic),78.35
9184-GALIL,No,Female,Month-to-month,Mailed check,20.45
9185-TQCVP,Yes,Male,Month-to-month,Electronic check,85.15
9189-JWSHV,Yes,Female,Month-to-month,Electronic check,93.55
9190-MFJLN,Yes,Male,Month-to-month,Credit card (automatic),95.9
9191-MYQKX,Yes,Female,Month-to-month,Bank transfer (automatic),75.15
9194-GFVOI,No,Female,Two year,Credit card (automatic),84.35
9199-PWQVC,No,Female,One year,Credit card (automatic),79.7
9200-NLNPD,No,Male,One year,Bank transfer (automatic),54.05
9206-GVPEQ,Yes,Male,Month-to-month,Electronic check,54.45
9207-ZPANB,No,Male,One year,Electronic check,67.45
9208-OLGAQ,No,Female,Month-to-month,Electronic check,84.95
9209-NWPGU,No,Male,One year,Electronic check,65.4
9210-IAHGH,Yes,Female,Month-to-month,Credit card (automatic),70.75
9214-EKVXR,No,Female,Month-to-month,Mailed check,44.0
9218-TUMIQ,,Female,Month-to-month,Electronic check,100.15
9220-CXRSC,No,Female,Two year,Credit card (automatic),61.4
9220-ZNKJI,No,Female,Two year,Credit card (automatic),88.8
9221-OTIVJ,Yes,Female,Month-to-month,Electronic check,104.85
9223-UCPVT,Yes,Female,Month-to-month,Electronic check,94.4
9224-VTYID,No,Male,Two year,Mailed check,90.5
9225-BZLNZ,No,Male,Two year,Electronic check,85.25
9227-LUNBG,Yes,Female,Month-to-month,Electronic check,24.6
9227-UAQFT,No,Male,Two year,Mailed check,19.75
9227-YBAXE,No,Female,Two year,Bank transfer (automatic),82.5
9228-KNQVN,,Female,One year,Credit card (automatic),107.0
9229-RQABD,No,Male,One year,Mailed check,23.75
9231-ZJYAM,Yes,Female,Month-to-month,Electronic check,78.85
9233-PSYHO,No,Female,One year,Bank transfer (automatic),100.15
9236-NDUCW,No,Female,Two year,Mailed check,35.1
9237-HQITU,Yes,Female,Month-to-month,Electronic check,70.7
9239-GZHZE,No,Female,Two year,Credit card (automatic),113.65
9239-YGYBO,,Female,One year,Bank transfer (automatic),54.15
9239-ZBZZV,Yes,Female,Month-to-month,Electronic check,47.95
9242-TKFSV,No,Male,Two year,Credit card (automatic),65.1
9243-TUYBL,,Male,Month-to-month,Electronic check,105.8
9244-ZVAPM,No,Male,Month-to-month,Mailed check,45.6
9248-OJYKK,Yes,Male,Month-to-month,Electronic check,76.45
9249-FXSCK,Yes,Female,One year,Credit card (automatic),111.25
9250-WYPLL,Yes,Female,Month-to-month,Electronic check,75.55
9251-AWQGT,No,Female,Two year,Mailed check,20.0
9251-WNSOD,No,Female,One year,Mailed check,75.1
9253-QXKBE,Yes,Male,Month-to-month,Electronic check,94.45
9253-VIFJQ,No,Male,One year,Credit card (automatic),67.05
9254-RBFON,Yes,Female,One year,Bank transfer (automatic),98.6
9256-JTBNZ,No,Female,Month-to-month,Bank transfer (automatic),20.3
9257-AZMTZ,No,Female,Two year,Bank transfer (automatic),20.1
9258-CNWAC,No,Female,Two year,Credit card (automatic),113.65
9259-PACGQ,Yes,Female,Month-to-month,Electronic check,62.65
9261-WDCAF,No,Male,Month-to-month,Mailed check,54.65
9269-CQOOL,Yes,Male,Month-to-month,Credit card (automatic),54.7
9272-LSVYH,No,Male,Month-to-month,Mailed check,70.15
9274-CNFMO,Yes,Male,Month-to-month,Electronic check,74.95
9274-UARKJ,No,Female,Month-to-month,Bank transfer (automatic),83.2
9277-JOOMO,No,Female,Month-to-month,Mailed check,24.6
9278-VZKCD,No,Female,Month-to-month,Electronic check,109.1
9279-CJEOJ,No,Female,Month-to-month,Bank transfer (automatic),95.4
9281-CEDRU,No,Female,Two year,Bank transfer (automatic),64.1
9281-OFDMF,No,Male,Month-to-month,Electronic check,90.7
9281-PKKZE,No,Female,Month-to-month,Electronic check,43.95
9282-IZGQK,Yes,Female,Month-to-month,Electronic check,85.0
9283-LZQOH,Yes,Male,Month-to-month,Credit card (automatic),74.4
9286-BHDQG,No,Male,Two year,Credit card (automatic),45.25
9286-DOJGF,Yes,Female,Month-to-month,Bank transfer (automatic),74.95
9289-LBQVU,No,Male,One year,Mailed check,70.15
9290-SHCMB,No,Female,Month-to-month,Electronic check,96.85
9294-TDIPC,No,Male,Month-to-month,Mailed check,20.2
9297-EONCV,No,Female,Two year,Bank transfer (automatic),91.35
9297-FVVDH,No,Female,Two year,Electronic check,84.5
9298-WGMRW,No,Female,Two year,Bank transfer (automatic),115.5
9300-AGZNL,Yes,Male,Month-to-month,Electronic check,94.0
9300-RENDD,Yes,Male,Month-to-month,Electronic check,79.95
9305-CDSKC,Yes,Female,Month-to-month,Electronic check,99.65
9306-CPCBC,Yes,Female,Month-to-month,Electronic check,74.25
9308-ANMVE,No,Male,Month-to-month,Electronic check,55.3
9309-BZGNT,No,Male,One year,Credit card (automatic),29.8
9313-CDOGY,No,Male,Month-to-month,Electronic check,19.6
9313-QOLTZ,No,Male,Month-to-month,Mailed check,20.9
9314-IJWSQ,No,Female,Month-to-month,Electronic check,84.8
9314-QDMDW,No,Male,One year,Electronic check,61.25
9317-WZPGV,Yes,Female,Month-to-month,Bank transfer (automatic),79.75
9318-NKNFC,Yes,Male,Month-to-month,Mailed check,18.85
9323-HGFWY,No,Female,One year,Credit card (automatic),101.9
9327-QSDED,No,Male,Month-to-month,Mailed check,43.55
9330-DHBFL,No,Female,One year,Mailed check,66.25
9330-IJWIO,Yes,Female,Month-to-month,Electronic check,100.35
9330-VOFSZ,No,Female,Two year,Credit card (automatic),110.8
9332-GYWLO,No,Female,Month-to-month,Electronic check,54.85
9334-GWGOW,No,Male,Month-to-month,Electronic check,74.85
9337-SRRNI,No,Male,Two year,Credit card (automatic),25.3
9339-FIIJL,No,Male,Two year,Bank transfer (automatic),85.95
9342-VNIMQ,No,Male,Month-to-month,Bank transfer (automatic),54.65
9347-AERRL,No,Male,One year,Credit card (automatic),19.3
9348-ROUAI,No,Female,Two year,Credit card (automatic),90.3
9348-YVOMK,No,Male,Month-to-month,Credit card (automatic),44.8
9350-VLHMB,No,Male,Month-to-month,Bank transfer (automatic),89.55
9350-ZXYJC,No,Female,Two year,Credit card (automatic),25.3
9351-HXDMR,No,Male,Two year,Credit card (automatic),110.9
9351-LZYGF,No,Female,Month-to-month,Credit card (automatic),66.4
9355-NPPFS,No,Female,Month-to-month,Electronic check,78.8
9356-AXGMP,No,Male,One year,Electronic check,110.7
9357-UJRUN,No,Male,One year,Electronic check,58.35
9359-JANWS,No,Female,Two year,Credit card (automatic),58.9
9359-UGBTK,No,Female,One year,Bank transfer (automatic),72.35
9360-AHGNL,Yes,Female,One year,Mailed check,109.55
9360-OMDZZ,No,Male,Month-to-month,Electronic check,94.1
9361-YNQWJ,No,Female,One year,Bank transfer (automatic),24.4
9362-MWODR,No,Female,Month-to-month,Credit card (automatic),64.1
9364-HVJRK,,Male,Month-to-month,Mailed check,45.15
9364-YKUVW,No,Male,Month-to-month,Mailed check,19.8
9365-CSLBQ,No,Male,Two year,Mailed check,24.35
9365-SRSZE,No,Male,Month-to-month,Electronic check,70.55
9366-PGOCJ,,Male,One year,Mailed check,54.65
9367-OIUXP,No,Male,Month-to-month,Mailed check,20.7
9367-TCUYN,No,Female,Month-to-month,Mailed check,20.1
9367-WXLCH,Yes,Male,Month-to-month,Bank transfer (automatic),84.5
9369-XFEHK,Yes,Female,Month-to-month,Bank transfer (automatic),80.6
9371-BITHB,No,Female,Two year,Mailed check,19.85
9371-CLMGW,,Female,Month-to-month,Electronic check,89.3
9372-TXXPS,No,Female,Two year,Bank transfer (automatic),59.85
9373-WSLOY,No,Male,Month-to-month,Electronic check,50.0
9374-YOLBJ,No,Female,Month-to-month,Electronic check,19.25
9375-MHRRS,No,Male,Month-to-month,Mailed check,50.05
9378-FXTIZ,Yes,Female,One year,Credit card (automatic),70.15
9381-NDKME,Yes,Female,Month-to-month,Credit card (automatic),40.65
9385-EHGDO,No,Female,Two year,Mailed check,19.85
9385-NXKDA,No,Female,Two year,Credit card (automatic),82.65
9386-LDCZR,No,Male,One year,Credit card (automatic),90.65
9388-ZEYVT,No,Male,One year,Electronic check,44.15
9389-ACWBI,No,Female,Month-to-month,Credit card (automatic),69.95
9391-DXGGG,No,Female,One year,Credit card (automatic),89.15
9391-EOYLI,Yes,Male,Month-to-month,Electronic check,80.45
9391-LMANN,No,Male,One year,Electronic check,95.95
9391-TTOYH,No,Female,Month-to-month,Mailed check,19.5
9391-YZEJW,No,Female,One year,Bank transfer (automatic),94.0
9392-XBGTD,No,Male,Two year,Mailed check,20.6
9395-RFMFG,,Male,Month-to-month,Electronic check,54.4
9396-ZSFLL,No,Female,Month-to-month,Mailed check,48.85
9397-TZSHA,No,Female,Two year,Credit card (automatic),24.6
9398-MMQTO,No,Male,Month-to-month,Credit card (automatic),74.45
9399-APLBT,Yes,Female,Month-to-month,Electronic check,74.7
9402-CXWPL,No,Female,One year,Electronic check,98.9
9402-ORRAH,No,Female,Month-to-month,Electronic check,91.5
9402-ROUMJ,No,Female,One year,Bank transfer (automatic),100.25
9405-GPBBG,No,Female,Two year,Credit card (automatic),110.5
9408-HRXRK,No,Female,Month-to-month,Electronic check,105.15
9408-SSNVZ,Yes,Female,Month-to-month,Electronic check,70.15
9411-TPQQV,No,Female,One year,Bank transfer (automatic),54.55
9412-ARGBX,Yes,Female,Two year,Mailed check,95.5
9412-GHEEC,Yes,Male,Month-to-month,Bank transfer (automatic),104.8
9415-DPEWS,Yes,Female,Month-to-month,Electronic check,88.35
9415-TPKRV,No,Female,Month-to-month,Electronic check,55.75
9415-ZNBSX,No,Female,Two year,Bank transfer (automatic),89.0
9418-RUKPH,No,Female,Two year,Mailed check,19.95
9419-IPPBE,No,Female,One year,Electronic check,90.15
9420-LOJKX,Yes,Female,Month-to-month,Credit card (automatic),99.1
9424-CMPOG,No,Male,Two year,Mailed check,19.6
9426-SXNHE,No,Female,Month-to-month,Bank transfer (automatic),18.75
9430-FRQOC,Yes,Female,Month-to-month,Mailed check,87.1
9430-NKQLY,No,Male,Two year,Credit card (automatic),25.1
9432-RUVSL,No,Female,Two year,Credit card (automatic),102.5
9432-VOFYX,No,Male,Month-to-month,Electronic check,70.8
9435-JMLSX,No,Male,Two year,Bank transfer (automatic),86.1
9436-ZBZCT,Yes,Male,Month-to-month,Electronic check,89.95
9441-QHEVC,No,Male,Month-to-month,Mailed check,19.1
9442-JTWDL,No,Female,One year,Credit card (automatic),20.05
9443-JUBUO,No,Male,Two year,Credit card (automatic),65.25
9444-JTXHZ,Yes,Male,Month-to-month,Electronic check,76.2
9445-SZLCH,Yes,Female,Month-to-month,Bank transfer (automatic),97.35
9445-ZUEQE,No,Male,Month-to-month,Credit card (automatic),85.2
9447-YPTBX,No,Female,One year,Bank transfer (automatic),19.85
9448-REEVD,Yes,Male,Month-to-month,Credit card (automatic),44.7
9450-TRJUU,No,Male,Month-to-month,Electronic check,83.15
9451-LPGOO,Yes,Male,Month-to-month,Electronic check,86.8
9451-WLYRI,No,Female,One year,Credit card (automatic),19.05
9453-PATOS,No,Female,Two year,Mailed check,85.1
9456-ETVCM,,Male,Month-to-month,Electronic check,94.55
9462-MJUAW,Yes,Male,Month-to-month,Mailed check,50.4
9465-RWMXL,Yes,Male,Month-to-month,Electronic check,78.9
9467-ROOLM,No,Female,Month-to-month,Mailed check,19.05
9469-WEJBT,No,Male,Month-to-month,Electronic check,90.35
9470-RTWDV,No,Male,One year,Credit card (automatic),82.0
9470-XCCEM,No,Male,Month-to-month,Bank transfer (automatic),89.65
9470-YFUYI,No,Male,One year,Bank transfer (automatic),71.0
9473-CBZOP,No,Female,One year,Mailed check,59.0
9474-PHLYD,Yes,Female,Month-to-month,Electronic check,59.45
9475-NNDGC,No,Male,One year,Bank transfer (automatic),113.15
9477-LGWQI,No,Male,Two year,Credit card (automatic),80.15
9477-UIFFV,,Male,Month-to-month,Mailed check,20.3
9479-HYNYL,No,Female,Two year,Credit card (automatic),80.7
9480-BQJEI,No,Male,One year,Bank transfer (automatic),92.3
9481-IEBZY,No,Male,Month-to-month,Credit card (automatic),112.9
9481-SFCQY,No,Female,Month-to-month,Credit card (automatic),59.8
9481-WHGWY,No,Female,Two year,Credit card (automatic),75.35
9483-GCPWE,No,Male,One year,Mailed check,20.1
9488-FVZCC,No,Female,Two year,Bank transfer (automatic),79.5
9488-FYQAU,No,Female,Two year,Bank transfer (automatic),109.25
9488-HGMJH,Yes,Female,Month-to-month,Electronic check,71.15
9489-DEDVP,No,Female,Two year,Credit card (automatic),69.2
9489-JMTTN,No,Female,Two year,Credit card (automatic),89.75
9489-UTFKA,No,Male,Month-to-month,Bank transfer (automatic),60.9
9490-DFPMD,Yes,Female,Month-to-month,Electronic check,84.65
9492-TOKRI,Yes,Female,Month-to-month,Credit card (automatic),90.0
9494-BDNNC,No,Male,One year,Electronic check,95.3
9494-MRNYX,No,Male,Month-to-month,Electronic check,75.05
9495-REDIY,No,Male,One year,Credit card (automatic),40.65
9495-SKLKD,No,Male,Month-to-month,Bank transfer (automatic),95.95
9496-IVVRP,No,Female,Month-to-month,Bank transfer (automatic),51.0
9497-QCMMS,Yes,Male,Month-to-month,Electronic check,93.55
9498-FIMXL,No,Female,One year,Mailed check,19.2
9499-EBKUR,,Male,Two year,Credit card (automatic),84.3
9499-XPZXM,No,Female,Two year,Bank transfer (automatic),64.75
9500-IWPXQ,No,Female,One year,Electronic check,79.4
9500-LTVBP,No,Female,Month-to-month,Credit card (automatic),80.05
9500-WBGRP,No,Male,Two year,Mailed check,19.1
9501-UKKNL,No,Male,Month-to-month,Electronic check,51.7
9503-XJUME,No,Male,One year,Credit card (automatic),19.65
9504-DSHWM,No,Male,Month-to-month,Bank transfer (automatic),59.2
9504-YAZWB,No,Female,Two year,Mailed check,20.25
9505-SQFSW,No,Female,Month-to-month,Mailed check,40.3
9506-UXUSK,No,Male,Month-to-month,Electronic check,70.15
9507-EXLTT,Yes,Female,Month-to-month,Bank transfer (automatic),79.35
9507-HSMMZ,No,Male,Two year,Mailed check,20.0
9508-ILZDG,No,Female,Month-to-month,Electronic check,96.35
9509-MPYOD,No,Female,One year,Mailed check,20.75
9512-PHSMG,No,Female,Month-to-month,Mailed check,20.55
9512-UIBFX,Yes,Male,Month-to-month,Mailed check,95.15
9513-DXHDA,No,Male,One year,Electronic check,81.7
9514-JDSKI,Yes,Male,Month-to-month,Electronic check,40.2
9518-IMLHK,No,Male,Month-to-month,Bank transfer (automatic),72.45
9518-RWHZL,Yes,Female,One year,Credit card (automatic),100.05
9518-XXBXE,No,Male,Month-to-month,Electronic check,75.3
9522-BNTHX,No,Female,Month-to-month,Electronic check,56.25
9522-ZSINC,No,Male,One year,Electronic check,19.95
9524-EGPJC,Yes,Female,Month-to-month,Electronic check,90.1
9525-DKUVP,,Female,Two year,Credit card (automatic),110.8
9526-BIHHD,Yes,Male,Month-to-month,Mailed check,29.7
9526-JAWYF,Yes,Male,Month-to-month,Electronic check,89.8
9526-MJRPO,,Female,Month-to-month,Bank transfer (automatic),104.3
9529-OFXHY,No,Male,Month-to-month,Bank transfer (automatic),87.75
9530-EHPOH,Yes,Male,Month-to-month,Electronic check,53.75
9530-GRMJG,No,Male,Two year,Electronic check,84.1
9531-NSBMR,No,Female,One year,Bank transfer (automatic),19.25
9534-NSXEM,No,Male,One year,Credit card (automatic),20.65
9537-JALFH,No,Male,Two year,Bank transfer (automatic),19.9
9537-VHDTA,No,Female,Month-to-month,Mailed check,51.2
9540-JYROE,Yes,Male,Month-to-month,Mailed check,70.1
9541-PWTWO,No,Female,Two year,Bank transfer (automatic),80.95
9541-ZPSEA,No,Male,Two year,Credit card (automatic),80.35
9544-PYPSJ,No,Female,Month-to-month,Credit card (automatic),96.1
9546-CQJSU,Yes,Female,Month-to-month,Electronic check,91.4
9546-KDTRB,No,Female,Month-to-month,Bank transfer (automatic),24.7
9547-ITEFG,No,Male,Month-to-month,Credit card (automatic),102.6
9548-LERKT,No,Male,Two year,Mailed check,19.75
9548-LIGTA,No,Male,Two year,Mailed check,81.05
9548-ZMVTX,No,Male,Two year,Bank transfer (automatic),90.45
9552-TGUZV,No,Male,Month-to-month,Mailed check,75.0
9553-DLCLU,No,Female,Two year,Credit card (automatic),88.95
9554-DFKIC,No,Male,Month-to-month,Bank transfer (automatic),54.45
9555-SAHUZ,No,Female,Month-to-month,Electronic check,54.5
9558-IHEZX,No,Female,Two year,Credit card (automatic),106.75
9560-ARGQJ,Yes,Female,Month-to-month,Electronic check,81.0
9560-BBZXK,No,Female,Two year,Bank transfer (automatic),31.05
9564-KCLHR,Yes,Male,Month-to-month,Mailed check,51.25
9565-AXSMR,No,Male,Two year,Mailed check,19.2
9565-DJPIB,Yes,Female,Month-to-month,Mailed check,89.6
9565-FLVCG,No,Male,Two year,Mailed check,69.55
9565-JSNFM,Yes,Male,One year,Bank transfer (automatic),70.45
9570-KYEUA,No,Male,Two year,Credit card (automatic),99.25
9571-EDEBV,No,Male,One year,Credit card (automatic),98.65
9572-MTILT,Yes,Male,Month-to-month,Electronic check,106.75
9572-WUKSB,No,Male,Month-to-month,Electronic check,29.9
9574-BOSMD,No,Male,Two year,Bank transfer (automatic),25.4
9574-RKJIF,Yes,Male,Month-to-month,Electronic check,94.4
9575-IWCAZ,No,Male,One year,Mailed check,25.1
9576-ANLXO,Yes,Female,Month-to-month,Bank transfer (automatic),69.55
9576-SYUHJ,No,Male,Month-to-month,Electronic check,91.15
9577-WJVCQ,No,Female,Month-to-month,Mailed check,54.45
9578-FOMUK,No,Male,Month-to-month,Electronic check,24.8
9578-VRMNM,Yes,Female,Month-to-month,Credit card (automatic),65.2
9581-GVBXT,No,Male,One year,Mailed check,34.8
9584-EXCDZ,No,Female,Month-to-month,Bank transfer (automatic),70.5
9585-KKMFD,No,Male,Two year,Mailed check,20.0
9586-JGQKH,No,Female,Two year,Bank transfer (automatic),105.4
9588-OZDMQ,No,Female,Month-to-month,Electronic check,45.0
9588-YRFHY,No,Male,Two year,Credit card (automatic),19.9
9589-ABEPT,No,Male,Two year,Mailed check,92.45
9591-YVTEB,No,Male,Month-to-month,Electronic check,44.85
9592-ERDKV,No,Male,One year,Mailed check,79.25
9593-CVZKR,No,Female,Two year,Mailed check,24.45
9600-NAXZN,Yes,Male,Month-to-month,Electronic check,101.4
9600-UDOPK,Yes,Male,Month-to-month,Credit card (automatic),94.05
9601-BRXPO,Yes,Female,Month-to-month,Bank transfer (automatic),104.95
9602-WCXPI,No,Male,One year,Credit card (automatic),20.15
9603-OAIHC,No,Male,Month-to-month,Electronic check,70.05
9605-WGJVW,No,Female,Month-to-month,Electronic check,70.2
9606-PBKBQ,Yes,Male,Month-to-month,Electronic check,85.0
9609-BENEA,No,Male,One year,Electronic check,69.0
9610-WCESF,No,Male,Two year,Electronic check,43.9
9611-CTWIH,Yes,Female,Month-to-month,Electronic check,89.45
9614-RMGHA,Yes,Male,Month-to-month,Bank transfer (automatic),91.85
9617-INGJY,No,Male,Month-to-month,Mailed check,70.6
9617-SHSHO,,Female,One year,Credit card (automatic),94.45
9617-UDPEU,No,Female,One year,Mailed check,19.25
9618-LFJRU,No,Female,Month-to-month,Credit card (automatic),20.45
9619-GSATL,No,Female,One year,Electronic check,55.45
9620-ENEJV,No,Female,Month-to-month,Credit card (automatic),70.55
9620-QJREV,No,Male,One year,Credit card (automatic),20.55
9621-OUPYD,No,Female,One year,Bank transfer (automatic),20.2
9624-EGDEQ,No,Female,Two year,Mailed check,19.8
9625-QNLUX,No,Male,Two year,Credit card (automatic),103.25
9625-QSTYE,Yes,Female,Month-to-month,Electronic check,81.15
9625-RZFUK,No,Male,Two year,Mailed check,19.7
9626-VFRGG,No,Female,Month-to-month,Bank transfer (automatic),88.5
9626-WEQRM,No,Female,Month-to-month,Mailed check,29.15
9629-NHXFW,No,Female,Month-to-month,Mailed check,19.4
9631-RXVJM,No,Male,Two year,Mailed check,19.25
9631-XEYKE,No,Male,Month-to-month,Bank transfer (automatic),50.4
9633-DENPU,No,Female,Month-to-month,Bank transfer (automatic),58.6
9633-XQABV,No,Female,Month-to-month,Electronic check,70.25
9637-CDTKZ,No,Male,Two year,Credit card (automatic),114.1
9637-EIHEQ,Yes,Female,Month-to-month,Electronic check,50.8
9638-JIQYA,No,Male,Month-to-month,Credit card (automatic),24.9
9639-BUJXT,No,Male,One year,Mailed check,20.5
9640-HXEAM,,Male,Month-to-month,Credit card (automatic),40.4
9640-ZSLDC,No,Female,One year,Credit card (automatic),60.6
9643-AVVWI,No,Female,Month-to-month,Electronic check,80.0
9643-YBLUR,No,Male,Month-to-month,Credit card (automatic),69.05
9644-KVCNC,No,Female,One year,Bank transfer (automatic),92.15
9644-UMGQA,No,Male,Month-to-month,Electronic check,49.15
9646-NMHXE,No,Male,Two year,Mailed check,19.65
9646-QWDSB,,Female,Two year,Electronic check,100.45
9647-ERGBE,Yes,Female,Month-to-month,Electronic check,100.05
9648-BCHKM,No,Female,Two year,Credit card (automatic),24.65
9650-VBUOG,No,Male,Two year,Credit card (automatic),25.05
9651-GTSAQ,Yes,Female,One year,Bank transfer (automatic),106.1
9658-WYUFB,Yes,Female,Month-to-month,Electronic check,94.4
9659-QEQSY,No,Female,Month-to-month,Electronic check,115.65
9659-UDJIJ,,Female,Two year,Mailed check,65.65
9659-ZTWSM,No,Male,One year,Bank transfer (automatic),107.35
9661-ACXBS,Yes,Female,Month-to-month,Electronic check,105.2
9661-JALZV,No,Female,Two year,Credit card (automatic),24.7
9661-MHUMO,Yes,Male,Month-to-month,Credit card (automatic),49.25
9667-EQRXU,Yes,Female,Month-to-month,Electronic check,40.3
9667-TKTVZ,No,Female,Month-to-month,Mailed check,54.35
9668-PUGNU,No,Male,Two year,Electronic check,24.5
9670-BPNXF,No,Female,One year,Credit card (automatic),62.55
9674-EHPPG,No,Male,Two year,Credit card (automatic),40.4
9675-ICXCT,No,Male,Two year,Electronic check,80.8
9677-AVKED,No,Female,One year,Electronic check,84.6
9680-NIAUV,No,Female,Two year,Credit card (automatic),109.7
9681-KYGYB,No,Male,Month-to-month,Electronic check,88.2
9681-OXGVC,Yes,Female,Month-to-month,Electronic check,100.5
9683-PSOSX,,Female,Month-to-month,Mailed check,19.55
9685-WKZGT,Yes,Male,Month-to-month,Electronic check,74.95
9688-YGXVR,No,Female,Month-to-month,Credit card (automatic),88.15
9689-PTNPG,Yes,Male,Month-to-month,Electronic check,80.25
9691-HKOVS,No,Female,One year,Electronic check,90.15
9692-TUSXH,Yes,Female,Month-to-month,Electronic check,96.05
9693-XMUOB,No,Male,Month-to-month,Electronic check,50.25
9695-IDRZR,No,Female,Two year,Credit card (automatic),116.15
9696-RMYBA,No,Male,Month-to-month,Mailed check,80.1
9699-UBQFS,No,Female,Month-to-month,Electronic check,94.5
9700-ISPUP,No,Female,Month-to-month,Electronic check,65.5
9700-ZCLOT,No,Male,Month-to-month,Mailed check,20.0
9701-CDXHR,No,Female,Month-to-month,Mailed check,69.15
9702-AIUJO,No,Male,One year,Bank transfer (automatic),44.8
9705-IOVQQ,No,Male,One year,Electronic check,99.0
9705-ZJBCG,No,Female,One year,Bank transfer (automatic),54.15
9708-HPXWZ,No,Male,Month-to-month,Credit card (automatic),45.4
9708-KFDBY,No,Male,Month-to-month,Credit card (automatic),20.55
9708-TKNTZ,,Female,One year,Mailed check,19.7
9710-NJERN,No,Female,Two year,Mailed check,20.15
9710-ZUSHQ,Yes,Female,Month-to-month,Bank transfer (automatic),106.75
9711-FJTBX,No,Male,One year,Mailed check,85.85
9714-EDSUC,No,Male,Month-to-month,Mailed check,94.9
9715-SBVSU,No,Male,Two year,Bank transfer (automatic),61.4
9715-WZCLW,No,Male,Two year,Electronic check,97.2
9717-IOAAF,No,Male,Two year,Credit card (automatic),25.85
9717-QEBGU,No,Male,Month-to-month,Electronic check,70.3
9717-WXVSB,,Male,Month-to-month,Mailed check,18.9
9720-JJJOR,No,Male,One year,Bank transfer (automatic),60.3
9722-UJOJR,Yes,Male,Month-to-month,Electronic check,70.75
9722-ZVQUQ,,Female,Month-to-month,Bank transfer (automatic),80.9
9724-BFUOP,,Female,Month-to-month,Credit card (automatic),74.6
9725-SCPZG,Yes,Male,Month-to-month,Electronic check,90.85
9728-FTTVZ,Yes,Female,Month-to-month,Electronic check,69.2
9730-DRTMJ,No,Male,One year,Credit card (automatic),72.8
9732-EQMWY,No,Female,Month-to-month,Electronic check,99.4
9732-KPKBW,Yes,Male,Month-to-month,Electronic check,53.95
9732-OUYRN,No,Female,One year,Credit card (automatic),19.0
9734-UYXQI,Yes,Female,Month-to-month,Electronic check,49.4
9734-YWGEX,Yes,Female,Month-to-month,Credit card (automatic),98.3
9738-QLWTP,No,Male,One year,Electronic check,81.9
9739-JLPQJ,No,Female,Two year,Credit card (automatic),117.5
9741-YLNTD,No,Male,Month-to-month,Bank transfer (automatic),87.95
9742-XOKTS,No,Male,One year,Electronic check,89.55
9743-DQKQW,No,Male,Month-to-month,Electronic check,25.1
9746-MDMBK,No,Male,One year,Bank transfer (automatic),113.45
9746-UGFAC,No,Female,One year,Bank transfer (automatic),20.85
9746-YKGXB,No,Male,One year,Bank transfer (automatic),44.25
9747-DDZOS,Yes,Female,Month-to-month,Bank transfer (automatic),73.5
9750-BOOHV,No,Female,One year,Mailed check,30.15
9752-ZNQUT,No,Female,Month-to-month,Electronic check,48.6
9753-OYLBX,No,Female,Month-to-month,Mailed check,20.5
9754-CLVZW,No,Female,Month-to-month,Credit card (automatic),38.85
9755-JHNMN,No,Female,Two year,Bank transfer (automatic),67.4
9758-MFWGD,No,Female,One year,Bank transfer (automatic),29.9
9761-XUJWD,No,Male,Month-to-month,Bank transfer (automatic),65.6
9762-YAQAA,No,Male,One year,Credit card (automatic),81.4
9763-GRSKD,No,Male,Month-to-month,Mailed check,49.95
9763-PDTKK,Yes,Female,Month-to-month,Bank transfer (automatic),94.4
9764-REAFF,No,Female,Two year,Bank transfer (automatic),18.4
9766-HGEDE,No,Female,One year,Mailed check,19.35
9767-FFLEM,No,Male,Month-to-month,Credit card (automatic),69.5
9769-TSBZE,No,Female,Two year,Electronic check,66.0
9770-KXGQU,No,Female,One year,Mailed check,98.6
9770-LXDBK,No,Female,Month-to-month,Mailed check,20.4
9773-PEQBZ,No,Male,Month-to-month,Electronic check,79.85
9774-NRNAU,No,Male,Month-to-month,Bank transfer (automatic),84.8
9776-CLUJA,Yes,Female,Month-to-month,Electronic check,77.5
9776-OJUZI,No,Female,Month-to-month,Bank transfer (automatic),95.45
9777-IQHWP,No,Male,Two year,Bank transfer (automatic),93.4
9777-WJJPR,No,Male,Month-to-month,Credit card (automatic),88.65
9778-OGKQZ,No,Male,Two year,Credit card (automatic),92.0
9779-DPNEJ,No,Female,Month-to-month,Electronic check,80.15
9780-FKVVF,No,Male,Month-to-month,Bank transfer (automatic),59.15
9782-LGXMC,No,Female,Month-to-month,Bank transfer (automatic),61.75
9786-IJYDL,No,Female,Two year,Mailed check,113.2
9786-YWNHU,No,Female,Two year,Mailed check,63.55
9787-XVQIU,Yes,Male,Month-to-month,Electronic check,75.3
9788-HNGUT,No,Male,Two year,Credit card (automatic),116.95
9788-YTFGE,No,Male,Month-to-month,Mailed check,19.95
9793-WECQC,No,Male,Month-to-month,Mailed check,95.3
9795-NREXC,No,Female,Two year,Credit card (automatic),85.0
9795-SHUHB,No,Female,Two year,Credit card (automatic),58.2
9795-VOWON,No,Male,One year,Credit card (automatic),24.35
9796-BPKIW,No,Male,Month-to-month,Credit card (automatic),69.95
9796-MVYXX,No,Female,Two year,Mailed check,39.7
9798-DRYDS,No,Female,One year,Mailed check,61.95
9798-OPFEM,No,Female,Two year,Electronic check,21.1
9799-CAYJJ,No,Female,Month-to-month,Electronic check,69.3
9800-ONTFE,No,Female,Month-to-month,Bank transfer (automatic),75.8
9800-OUIGR,No,Male,Two year,Credit card (automatic),20.0
9801-GDWGV,Yes,Female,Month-to-month,Electronic check,103.45
9801-NOSHQ,No,Male,One year,Mailed check,19.8
9802-CAQUT,No,Female,Two year,Credit card (automatic),109.55
9803-FTJCG,No,Male,One year,Credit card (automatic),66.85
9804-ICWBG,Yes,Male,Month-to-month,Electronic check,69.9
9805-FILKB,No,Male,One year,Bank transfer (automatic),20.2
9809-IMGCQ,Yes,Male,Month-to-month,Electronic check,96.7
9812-GHVRI,No,Female,Month-to-month,Bank transfer (automatic),83.85
9814-AOUDH,No,Male,Two year,Credit card (automatic),19.5
9817-APLHW,No,Male,Month-to-month,Electronic check,25.0
9818-XQCUV,No,Female,Month-to-month,Mailed check,20.35
9819-FBNSV,No,Male,Month-to-month,Bank transfer (automatic),72.25
9820-RMCQV,Yes,Female,Month-to-month,Credit card (automatic),48.55
9821-BESNZ,No,Male,One year,Electronic check,104.25
9821-POOTN,Yes,Male,Month-to-month,Electronic check,75.2
9822-BIIGN,No,Male,Month-to-month,Electronic check,71.85
9822-OAOVB,No,Female,Month-to-month,Electronic check,55.45
9822-WMWVG,No,Female,Month-to-month,Electronic check,106.5
9823-EALYC,No,Male,Two year,Bank transfer (automatic),80.85
9824-BEMCV,Yes,Male,Month-to-month,Electronic check,69.0
9824-QCJPK,No,Male,One year,Mailed check,20.0
9825-GXXPV,,Male,Two year,Mailed check,19.5
9825-YCXWZ,No,Female,One year,Bank transfer (automatic),101.1
9828-AOQLM,Yes,Female,Month-to-month,Electronic check,45.7
9828-QHFBK,No,Male,Month-to-month,Electronic check,51.15
9830-ECLEN,No,Male,One year,Mailed check,50.0
9831-BPFRI,Yes,Female,One year,Electronic check,89.55
9833-TGFHX,No,Male,One year,Electronic check,97.1
9835-ZIITK,Yes,Male,One year,Electronic check,110.85
9837-BMCLM,Yes,Male,Month-to-month,Electronic check,78.5
9837-FWLCH,No,Male,Month-to-month,Electronic check,19.2
9838-BFCQT,No,Male,Two year,Mailed check,26.1
9839-ETQOE,No,Male,Month-to-month,Electronic check,40.45
9839-SEMQN,,Male,Month-to-month,Credit card (automatic),64.4
9840-DVNDC,Yes,Male,Month-to-month,Credit card (automatic),80.5
9840-EFJQB,No,Female,Month-to-month,Electronic check,74.35
9840-GSRFX,,Female,One year,Mailed check,54.25
9842-EFSYY,No,Female,Month-to-month,Mailed check,57.2
9844-FELAJ,No,Female,One year,Electronic check,107.9
9845-PEEKO,No,Female,Two year,Credit card (automatic),79.2
9845-QOMAD,No,Male,One year,Mailed check,19.75
9846-GKXAS,Yes,Female,Month-to-month,Bank transfer (automatic),90.8
9847-HNVGP,No,Male,One year,Mailed check,19.95
9848-JQJTX,No,Male,Two year,Bank transfer (automatic),100.9
9850-OWRHQ,Yes,Female,Month-to-month,Credit card (automatic),74.1
9851-KIELU,Yes,Male,Month-to-month,Electronic check,110.1
9851-QXEEQ,Yes,Male,Month-to-month,Electronic check,104.7
9853-JFZDU,No,Female,Month-to-month,Electronic check,56.85
9860-LISIZ,No,Female,Month-to-month,Mailed check,20.35
9861-PDSZP,No,Female,Two year,Credit card (automatic),108.05
9862-KJTYK,No,Male,Month-to-month,Credit card (automatic),25.35
9863-JZAIC,Yes,Male,Month-to-month,Mailed check,55.0
9866-OCCKE,No,Female,Two year,Mailed check,109.75
9866-QEVEE,Yes,Male,Month-to-month,Bank transfer (automatic),86.0
9867-JCZSP,No,Female,One year,Mailed check,20.75
9867-NNXLC,No,Female,Month-to-month,Mailed check,20.05
9867-XOBQA,No,Female,Two year,Mailed check,53.15
9871-ELEYA,No,Female,Two year,Credit card (automatic),67.65
9872-RZQQB,,Female,Month-to-month,Bank transfer (automatic),40.65
9873-MNDKV,No,Female,Month-to-month,Mailed check,44.65
9874-QLCLH,Yes,Female,Month-to-month,Electronic check,104.2
9878-TNQGW,Yes,Male,Month-to-month,Electronic check,80.95
9880-TDQAC,No,Female,Two year,Electronic check,60.0
9881-VCZEP,No,Female,Month-to-month,Electronic check,54.1
9885-AIBVB,No,Male,Month-to-month,Electronic check,85.8
9885-CSMWE,Yes,Female,Month-to-month,Electronic check,78.45
9885-MFVSU,No,Female,Two year,Credit card (automatic),46.35
9888-ZCUMM,No,Male,Two year,Bank transfer (automatic),60.05
9889-TMAHG,Yes,Male,Month-to-month,Credit card (automatic),100.3
9891-NQDBD,No,Female,One year,Mailed check,25.55
9894-EZEWG,Yes,Female,Month-to-month,Credit card (automatic),74.3
9894-QMIMJ,No,Female,One year,Bank transfer (automatic),55.8
9895-VFOXH,No,Female,Month-to-month,Mailed check,24.4
9896-UYMIE,No,Male,One year,Bank transfer (automatic),114.3
9897-KXHCM,Yes,Female,Month-to-month,Electronic check,80.3
9898-KZQDZ,Yes,Female,Month-to-month,Credit card (automatic),94.55
9903-LYSAB,No,Male,Month-to-month,Electronic check,73.15
9904-EHEVJ,No,Female,Month-to-month,Mailed check,91.35
9906-NHHVC,No,Female,Two year,Bank transfer (automatic),53.5
9907-SWKKF,Yes,Female,Month-to-month,Mailed check,25.05
9909-DFRJA,No,Female,One year,Bank transfer (automatic),95.85
9909-IDLEK,No,Male,Month-to-month,Mailed check,96.8
9912-GVSEQ,Yes,Female,Month-to-month,Electronic check,93.85
9912-OMZDS,No,Female,One year,Electronic check,106.15
9916-AYHTC,No,Male,Two year,Credit card (automatic),19.85
9917-KWRBE,No,Female,One year,Credit card (automatic),78.35
9919-FZDED,No,Male,Two year,Credit card (automatic),84.1
9919-KNPOO,No,Female,Month-to-month,Electronic check,94.3
9919-YLNNG,No,Female,Month-to-month,Bank transfer (automatic),103.8
9920-GNDMB,,Male,Month-to-month,Electronic check,76.25
9921-EZKBY,No,Male,Month-to-month,Bank transfer (automatic),95.3
9921-QFQUL,No,Female,Month-to-month,Mailed check,90.15
9921-ZVRHG,Yes,Female,Month-to-month,Electronic check,80.45
9924-JPRMC,No,Male,Two year,Electronic check,118.2
9926-PJHDQ,No,Female,Two year,Bank transfer (automatic),76.8
9927-DSWDF,No,Male,Month-to-month,Electronic check,104.6
9928-BZVLZ,No,Female,Two year,Mailed check,49.85
9929-PLVPA,No,Female,Month-to-month,Credit card (automatic),20.4
9931-DCEZH,No,Male,One year,Credit card (automatic),54.4
9931-KGHOA,No,Female,Month-to-month,Bank transfer (automatic),55.0
9932-WBWIK,No,Male,Month-to-month,Mailed check,20.35
9933-QRGTX,No,Female,Two year,Electronic check,97.2
9938-EKRGF,No,Female,Month-to-month,Mailed check,84.45
9938-PRCVK,No,Female,Two year,Bank transfer (automatic),19.7
9938-TKDGL,No,Male,Two year,Electronic check,99.55
9938-ZREHM,No,Female,One year,Mailed check,72.1
9940-HPQPG,Yes,Female,Month-to-month,Bank transfer (automatic),91.75
9940-RHLFB,Yes,Female,Month-to-month,Electronic check,75.3
9943-VSZUV,No,Male,Month-to-month,Mailed check,75.7
9944-AEXBM,No,Male,Month-to-month,Bank transfer (automatic),85.65
9944-HKVVB,Yes,Female,Month-to-month,Electronic check,95.1
9945-PSVIP,No,Female,Two year,Mailed check,18.7
9947-OTFQU,Yes,Male,Month-to-month,Electronic check,74.4
9948-YPTDG,Yes,Male,Month-to-month,Electronic check,79.45
9950-MTGYX,No,Male,Two year,Credit card (automatic),20.3
9953-ZMKSM,No,Male,Two year,Mailed check,25.25
9955-QOPOY,No,Male,One year,Credit card (automatic),60.8
9955-RVWSC,,Female,Two year,Bank transfer (automatic),19.25
9957-YODKZ,No,Male,Month-to-month,Electronic check,80.8
9958-MEKUC,No,Male,Two year,Credit card (automatic),103.95
9959-WOFKT,No,Male,Two year,Bank transfer (automatic),106.7
9961-JBNMK,Yes,Male,Month-to-month,Bank transfer (automatic),96.8
9962-BFPDU,No,Female,Month-to-month,Mailed check,20.05
9964-WBQDJ,No,Female,Two year,Credit card (automatic),24.4
9965-YOKZB,Yes,Male,Month-to-month,Electronic check,83.85
9966-VYRTZ,,Female,Month-to-month,Mailed check,19.55
9967-ATRFS,No,Female,Month-to-month,Mailed check,19.9
9968-FFVVH,No,Male,One year,Bank transfer (automatic),68.8
9970-QBCDA,No,Female,Month-to-month,Credit card (automatic),19.7
9971-ZWPBF,No,Male,Month-to-month,Electronic check,108.9
9972-EWRJS,No,Female,Two year,Bank transfer (automatic),19.25
9972-NKTFD,No,Female,Month-to-month,Bank transfer (automatic),54.65
9972-VAFJJ,No,Female,One year,Electronic check,94.0
9974-JFBHQ,No,Male,Month-to-month,Credit card (automatic),99.15
9975-GPKZU,No,Male,Two year,Credit card (automatic),19.75
9975-SKRNR,No,Male,Month-to-month,Mailed check,18.9
9978-HYCIN,No,Male,One year,Bank transfer (automatic),84.95
9979-RGMZT,No,Female,One year,Mailed check,94.05
9985-MWVIX,Yes,Female,Month-to-month,Mailed check,70.15
9986-BONCE,Yes,Female,Month-to-month,Bank transfer (automatic),20.95
9987-LUTYD,No,Female,One year,Mailed check,55.15
9992-RRAMN,Yes,Male,Month-to-month,Electronic check,85.1
9992-UJOEL,No,Male,Month-to-month,Mailed check,50.3
9993-LHIEB,No,Male,Two year,Mailed check,67.85
9995-HOTOH,No,Male,Two year,Electronic check,59.0
